EL10_2_Chr1	0	100000	99
EL10_2_Chr1	100000	200000	3685
EL10_2_Chr1	200000	300000	1471
EL10_2_Chr1	300000	400000	1402
EL10_2_Chr1	400000	500000	3190
EL10_2_Chr1	500000	600000	2951
EL10_2_Chr1	600000	700000	1736
EL10_2_Chr1	700000	800000	2051
EL10_2_Chr1	800000	900000	2721
EL10_2_Chr1	900000	1000000	766
EL10_2_Chr1	1000000	1100000	3922
EL10_2_Chr1	1100000	1200000	1937
EL10_2_Chr1	1200000	1300000	2170
EL10_2_Chr1	1300000	1400000	.
EL10_2_Chr1	1400000	1500000	2663
EL10_2_Chr1	1500000	1600000	2417
EL10_2_Chr1	1600000	1700000	835
EL10_2_Chr1	1700000	1800000	2187
EL10_2_Chr1	1800000	1900000	2439
EL10_2_Chr1	1900000	2000000	1341
EL10_2_Chr1	2000000	2100000	1732
EL10_2_Chr1	2100000	2200000	2605
EL10_2_Chr1	2200000	2300000	2346
EL10_2_Chr1	2300000	2400000	1503
EL10_2_Chr1	2400000	2500000	2442
EL10_2_Chr1	2500000	2600000	4341
EL10_2_Chr1	2600000	2700000	567
EL10_2_Chr1	2700000	2800000	337
EL10_2_Chr1	2800000	2900000	2737
EL10_2_Chr1	2900000	3000000	1354
EL10_2_Chr1	3000000	3100000	2646
EL10_2_Chr1	3100000	3200000	1107
EL10_2_Chr1	3200000	3300000	2109
EL10_2_Chr1	3300000	3400000	979
EL10_2_Chr1	3400000	3500000	223
EL10_2_Chr1	3500000	3600000	.
EL10_2_Chr1	3600000	3700000	210
EL10_2_Chr1	3700000	3800000	629
EL10_2_Chr1	3800000	3900000	1277
EL10_2_Chr1	3900000	4000000	1938
EL10_2_Chr1	4000000	4100000	1718
EL10_2_Chr1	4100000	4200000	1491
EL10_2_Chr1	4200000	4300000	1611
EL10_2_Chr1	4300000	4400000	643
EL10_2_Chr1	4400000	4500000	2535
EL10_2_Chr1	4500000	4600000	.
EL10_2_Chr1	4600000	4700000	697
EL10_2_Chr1	4700000	4800000	378
EL10_2_Chr1	4800000	4900000	.
EL10_2_Chr1	4900000	5000000	.
EL10_2_Chr1	5000000	5100000	2815
EL10_2_Chr1	5100000	5200000	1886
EL10_2_Chr1	5200000	5300000	2013
EL10_2_Chr1	5300000	5400000	1215
EL10_2_Chr1	5400000	5500000	1609
EL10_2_Chr1	5500000	5600000	417
EL10_2_Chr1	5600000	5700000	1560
EL10_2_Chr1	5700000	5800000	977
EL10_2_Chr1	5800000	5900000	442
EL10_2_Chr1	5900000	6000000	1953
EL10_2_Chr1	6000000	6100000	1849
EL10_2_Chr1	6100000	6200000	1548
EL10_2_Chr1	6200000	6300000	.
EL10_2_Chr1	6300000	6400000	1435
EL10_2_Chr1	6400000	6500000	372
EL10_2_Chr1	6500000	6600000	2543
EL10_2_Chr1	6600000	6700000	1244
EL10_2_Chr1	6700000	6800000	1653
EL10_2_Chr1	6800000	6900000	1426
EL10_2_Chr1	6900000	7000000	2414
EL10_2_Chr1	7000000	7100000	913
EL10_2_Chr1	7100000	7200000	659
EL10_2_Chr1	7200000	7300000	2007
EL10_2_Chr1	7300000	7400000	537
EL10_2_Chr1	7400000	7500000	612
EL10_2_Chr1	7500000	7600000	.
EL10_2_Chr1	7600000	7700000	1929
EL10_2_Chr1	7700000	7800000	2050
EL10_2_Chr1	7800000	7900000	863
EL10_2_Chr1	7900000	8000000	981
EL10_2_Chr1	8000000	8100000	940
EL10_2_Chr1	8100000	8200000	885
EL10_2_Chr1	8200000	8300000	1108
EL10_2_Chr1	8300000	8400000	631
EL10_2_Chr1	8400000	8500000	828
EL10_2_Chr1	8500000	8600000	1712
EL10_2_Chr1	8600000	8700000	514
EL10_2_Chr1	8700000	8800000	110
EL10_2_Chr1	8800000	8900000	1388
EL10_2_Chr1	8900000	9000000	993
EL10_2_Chr1	9000000	9100000	243
EL10_2_Chr1	9100000	9200000	.
EL10_2_Chr1	9200000	9300000	706
EL10_2_Chr1	9300000	9400000	.
EL10_2_Chr1	9400000	9500000	492
EL10_2_Chr1	9500000	9600000	463
EL10_2_Chr1	9600000	9700000	248
EL10_2_Chr1	9700000	9800000	.
EL10_2_Chr1	9800000	9900000	.
EL10_2_Chr1	9900000	10000000	.
EL10_2_Chr1	10000000	10100000	.
EL10_2_Chr1	10100000	10200000	.
EL10_2_Chr1	10200000	10300000	953
EL10_2_Chr1	10300000	10400000	488
EL10_2_Chr1	10400000	10500000	2331
EL10_2_Chr1	10500000	10600000	363
EL10_2_Chr1	10600000	10700000	899
EL10_2_Chr1	10700000	10800000	.
EL10_2_Chr1	10800000	10900000	154
EL10_2_Chr1	10900000	11000000	243
EL10_2_Chr1	11000000	11100000	1967
EL10_2_Chr1	11100000	11200000	240
EL10_2_Chr1	11200000	11300000	682
EL10_2_Chr1	11300000	11400000	1145
EL10_2_Chr1	11400000	11500000	687
EL10_2_Chr1	11500000	11600000	790
EL10_2_Chr1	11600000	11700000	148
EL10_2_Chr1	11700000	11800000	857
EL10_2_Chr1	11800000	11900000	.
EL10_2_Chr1	11900000	12000000	.
EL10_2_Chr1	12000000	12100000	.
EL10_2_Chr1	12100000	12200000	.
EL10_2_Chr1	12200000	12300000	.
EL10_2_Chr1	12300000	12400000	511
EL10_2_Chr1	12400000	12500000	402
EL10_2_Chr1	12500000	12600000	.
EL10_2_Chr1	12600000	12700000	487
EL10_2_Chr1	12700000	12800000	.
EL10_2_Chr1	12800000	12900000	889
EL10_2_Chr1	12900000	13000000	1920
EL10_2_Chr1	13000000	13100000	1763
EL10_2_Chr1	13100000	13200000	1857
EL10_2_Chr1	13200000	13300000	.
EL10_2_Chr1	13300000	13400000	453
EL10_2_Chr1	13400000	13500000	996
EL10_2_Chr1	13500000	13600000	385
EL10_2_Chr1	13600000	13700000	379
EL10_2_Chr1	13700000	13800000	.
EL10_2_Chr1	13800000	13900000	.
EL10_2_Chr1	13900000	14000000	.
EL10_2_Chr1	14000000	14100000	.
EL10_2_Chr1	14100000	14200000	.
EL10_2_Chr1	14200000	14300000	.
EL10_2_Chr1	14300000	14400000	.
EL10_2_Chr1	14400000	14500000	.
EL10_2_Chr1	14500000	14600000	.
EL10_2_Chr1	14600000	14700000	490
EL10_2_Chr1	14700000	14800000	276
EL10_2_Chr1	14800000	14900000	1318
EL10_2_Chr1	14900000	15000000	.
EL10_2_Chr1	15000000	15100000	1168
EL10_2_Chr1	15100000	15200000	72
EL10_2_Chr1	15200000	15300000	.
EL10_2_Chr1	15300000	15400000	956
EL10_2_Chr1	15400000	15500000	1101
EL10_2_Chr1	15500000	15600000	560
EL10_2_Chr1	15600000	15700000	770
EL10_2_Chr1	15700000	15800000	764
EL10_2_Chr1	15800000	15900000	128
EL10_2_Chr1	15900000	16000000	.
EL10_2_Chr1	16000000	16100000	431
EL10_2_Chr1	16100000	16200000	762
EL10_2_Chr1	16200000	16300000	318
EL10_2_Chr1	16300000	16400000	1613
EL10_2_Chr1	16400000	16500000	1093
EL10_2_Chr1	16500000	16600000	1031
EL10_2_Chr1	16600000	16700000	.
EL10_2_Chr1	16700000	16800000	1318
EL10_2_Chr1	16800000	16900000	168
EL10_2_Chr1	16900000	17000000	1260
EL10_2_Chr1	17000000	17100000	1179
EL10_2_Chr1	17100000	17200000	543
EL10_2_Chr1	17200000	17300000	968
EL10_2_Chr1	17300000	17400000	1066
EL10_2_Chr1	17400000	17500000	1974
EL10_2_Chr1	17500000	17600000	2029
EL10_2_Chr1	17600000	17700000	209
EL10_2_Chr1	17700000	17800000	1051
EL10_2_Chr1	17800000	17900000	.
EL10_2_Chr1	17900000	18000000	.
EL10_2_Chr1	18000000	18100000	2088
EL10_2_Chr1	18100000	18200000	109
EL10_2_Chr1	18200000	18300000	763
EL10_2_Chr1	18300000	18400000	753
EL10_2_Chr1	18400000	18500000	490
EL10_2_Chr1	18500000	18600000	1565
EL10_2_Chr1	18600000	18700000	1307
EL10_2_Chr1	18700000	18800000	.
EL10_2_Chr1	18800000	18900000	2065
EL10_2_Chr1	18900000	19000000	616
EL10_2_Chr1	19000000	19100000	1856
EL10_2_Chr1	19100000	19200000	2926
EL10_2_Chr1	19200000	19300000	1181
EL10_2_Chr1	19300000	19400000	.
EL10_2_Chr1	19400000	19500000	886
EL10_2_Chr1	19500000	19600000	930
EL10_2_Chr1	19600000	19700000	1912
EL10_2_Chr1	19700000	19800000	1266
EL10_2_Chr1	19800000	19900000	.
EL10_2_Chr1	19900000	20000000	973
EL10_2_Chr1	20000000	20100000	203
EL10_2_Chr1	20100000	20200000	886
EL10_2_Chr1	20200000	20300000	1656
EL10_2_Chr1	20300000	20400000	1383
EL10_2_Chr1	20400000	20500000	544
EL10_2_Chr1	20500000	20600000	339
EL10_2_Chr1	20600000	20700000	879
EL10_2_Chr1	20700000	20800000	957
EL10_2_Chr1	20800000	20900000	349
EL10_2_Chr1	20900000	21000000	1627
EL10_2_Chr1	21000000	21100000	477
EL10_2_Chr1	21100000	21200000	98
EL10_2_Chr1	21200000	21300000	.
EL10_2_Chr1	21300000	21400000	.
EL10_2_Chr1	21400000	21500000	925
EL10_2_Chr1	21500000	21600000	.
EL10_2_Chr1	21600000	21700000	517
EL10_2_Chr1	21700000	21800000	396
EL10_2_Chr1	21800000	21900000	.
EL10_2_Chr1	21900000	22000000	1427
EL10_2_Chr1	22000000	22100000	942
EL10_2_Chr1	22100000	22200000	782
EL10_2_Chr1	22200000	22300000	1055
EL10_2_Chr1	22300000	22400000	1392
EL10_2_Chr1	22400000	22500000	401
EL10_2_Chr1	22500000	22600000	.
EL10_2_Chr1	22600000	22700000	.
EL10_2_Chr1	22700000	22800000	609
EL10_2_Chr1	22800000	22900000	1048
EL10_2_Chr1	22900000	23000000	247
EL10_2_Chr1	23000000	23100000	1636
EL10_2_Chr1	23100000	23200000	388
EL10_2_Chr1	23200000	23300000	.
EL10_2_Chr1	23300000	23400000	907
EL10_2_Chr1	23400000	23500000	496
EL10_2_Chr1	23500000	23600000	632
EL10_2_Chr1	23600000	23700000	.
EL10_2_Chr1	23700000	23800000	614
EL10_2_Chr1	23800000	23900000	1109
EL10_2_Chr1	23900000	24000000	1232
EL10_2_Chr1	24000000	24100000	551
EL10_2_Chr1	24100000	24200000	.
EL10_2_Chr1	24200000	24300000	2165
EL10_2_Chr1	24300000	24400000	673
EL10_2_Chr1	24400000	24500000	723
EL10_2_Chr1	24500000	24600000	1181
EL10_2_Chr1	24600000	24700000	651
EL10_2_Chr1	24700000	24800000	.
EL10_2_Chr1	24800000	24900000	345
EL10_2_Chr1	24900000	25000000	1059
EL10_2_Chr1	25000000	25100000	452
EL10_2_Chr1	25100000	25200000	.
EL10_2_Chr1	25200000	25300000	1048
EL10_2_Chr1	25300000	25400000	1778
EL10_2_Chr1	25400000	25500000	.
EL10_2_Chr1	25500000	25600000	1020
EL10_2_Chr1	25600000	25700000	1116
EL10_2_Chr1	25700000	25800000	1844
EL10_2_Chr1	25800000	25900000	1339
EL10_2_Chr1	25900000	26000000	.
EL10_2_Chr1	26000000	26100000	1486
EL10_2_Chr1	26100000	26200000	139
EL10_2_Chr1	26200000	26300000	.
EL10_2_Chr1	26300000	26400000	457
EL10_2_Chr1	26400000	26500000	380
EL10_2_Chr1	26500000	26600000	562
EL10_2_Chr1	26600000	26700000	713
EL10_2_Chr1	26700000	26800000	1366
EL10_2_Chr1	26800000	26900000	301
EL10_2_Chr1	26900000	27000000	449
EL10_2_Chr1	27000000	27100000	356
EL10_2_Chr1	27100000	27200000	689
EL10_2_Chr1	27200000	27300000	.
EL10_2_Chr1	27300000	27400000	1806
EL10_2_Chr1	27400000	27500000	1163
EL10_2_Chr1	27500000	27600000	1279
EL10_2_Chr1	27600000	27700000	529
EL10_2_Chr1	27700000	27800000	.
EL10_2_Chr1	27800000	27900000	.
EL10_2_Chr1	27900000	28000000	.
EL10_2_Chr1	28000000	28100000	.
EL10_2_Chr1	28100000	28200000	.
EL10_2_Chr1	28200000	28300000	.
EL10_2_Chr1	28300000	28400000	526
EL10_2_Chr1	28400000	28500000	901
EL10_2_Chr1	28500000	28600000	916
EL10_2_Chr1	28600000	28700000	487
EL10_2_Chr1	28700000	28800000	1071
EL10_2_Chr1	28800000	28900000	.
EL10_2_Chr1	28900000	29000000	601
EL10_2_Chr1	29000000	29100000	821
EL10_2_Chr1	29100000	29200000	.
EL10_2_Chr1	29200000	29300000	838
EL10_2_Chr1	29300000	29400000	1014
EL10_2_Chr1	29400000	29500000	818
EL10_2_Chr1	29500000	29600000	1103
EL10_2_Chr1	29600000	29700000	.
EL10_2_Chr1	29700000	29800000	.
EL10_2_Chr1	29800000	29900000	545
EL10_2_Chr1	29900000	30000000	531
EL10_2_Chr1	30000000	30100000	480
EL10_2_Chr1	30100000	30200000	857
EL10_2_Chr1	30200000	30300000	579
EL10_2_Chr1	30300000	30400000	2526
EL10_2_Chr1	30400000	30500000	575
EL10_2_Chr1	30500000	30600000	619
EL10_2_Chr1	30600000	30700000	392
EL10_2_Chr1	30700000	30800000	611
EL10_2_Chr1	30800000	30900000	410
EL10_2_Chr1	30900000	31000000	611
EL10_2_Chr1	31000000	31100000	1887
EL10_2_Chr1	31100000	31200000	1231
EL10_2_Chr1	31200000	31300000	724
EL10_2_Chr1	31300000	31400000	1356
EL10_2_Chr1	31400000	31500000	1158
EL10_2_Chr1	31500000	31600000	422
EL10_2_Chr1	31600000	31700000	134
EL10_2_Chr1	31700000	31800000	2825
EL10_2_Chr1	31800000	31900000	.
EL10_2_Chr1	31900000	32000000	155
EL10_2_Chr1	32000000	32100000	878
EL10_2_Chr1	32100000	32200000	1742
EL10_2_Chr1	32200000	32300000	324
EL10_2_Chr1	32300000	32400000	1731
EL10_2_Chr1	32400000	32500000	415
EL10_2_Chr1	32500000	32600000	1503
EL10_2_Chr1	32600000	32700000	1033
EL10_2_Chr1	32700000	32800000	179
EL10_2_Chr1	32800000	32900000	789
EL10_2_Chr1	32900000	33000000	1032
EL10_2_Chr1	33000000	33100000	469
EL10_2_Chr1	33100000	33200000	1301
EL10_2_Chr1	33200000	33300000	1921
EL10_2_Chr1	33300000	33400000	925
EL10_2_Chr1	33400000	33500000	841
EL10_2_Chr1	33500000	33600000	366
EL10_2_Chr1	33600000	33700000	1287
EL10_2_Chr1	33700000	33800000	1613
EL10_2_Chr1	33800000	33900000	1629
EL10_2_Chr1	33900000	34000000	422
EL10_2_Chr1	34000000	34100000	460
EL10_2_Chr1	34100000	34200000	199
EL10_2_Chr1	34200000	34300000	509
EL10_2_Chr1	34300000	34400000	1068
EL10_2_Chr1	34400000	34500000	802
EL10_2_Chr1	34500000	34600000	1879
EL10_2_Chr1	34600000	34700000	215
EL10_2_Chr1	34700000	34800000	.
EL10_2_Chr1	34800000	34900000	.
EL10_2_Chr1	34900000	35000000	349
EL10_2_Chr1	35000000	35100000	587
EL10_2_Chr1	35100000	35200000	570
EL10_2_Chr1	35200000	35300000	523
EL10_2_Chr1	35300000	35400000	555
EL10_2_Chr1	35400000	35500000	1064
EL10_2_Chr1	35500000	35600000	1462
EL10_2_Chr1	35600000	35700000	965
EL10_2_Chr1	35700000	35800000	378
EL10_2_Chr1	35800000	35900000	1100
EL10_2_Chr1	35900000	36000000	968
EL10_2_Chr1	36000000	36100000	627
EL10_2_Chr1	36100000	36200000	200
EL10_2_Chr1	36200000	36300000	489
EL10_2_Chr1	36300000	36400000	1245
EL10_2_Chr1	36400000	36500000	1093
EL10_2_Chr1	36500000	36600000	636
EL10_2_Chr1	36600000	36700000	1378
EL10_2_Chr1	36700000	36800000	1629
EL10_2_Chr1	36800000	36900000	1204
EL10_2_Chr1	36900000	37000000	.
EL10_2_Chr1	37000000	37100000	874
EL10_2_Chr1	37100000	37200000	724
EL10_2_Chr1	37200000	37300000	177
EL10_2_Chr1	37300000	37400000	741
EL10_2_Chr1	37400000	37500000	609
EL10_2_Chr1	37500000	37600000	1331
EL10_2_Chr1	37600000	37700000	1062
EL10_2_Chr1	37700000	37800000	891
EL10_2_Chr1	37800000	37900000	837
EL10_2_Chr1	37900000	38000000	221
EL10_2_Chr1	38000000	38100000	221
EL10_2_Chr1	38100000	38200000	1729
EL10_2_Chr1	38200000	38300000	486
EL10_2_Chr1	38300000	38400000	682
EL10_2_Chr1	38400000	38500000	584
EL10_2_Chr1	38500000	38600000	.
EL10_2_Chr1	38600000	38700000	1615
EL10_2_Chr1	38700000	38800000	702
EL10_2_Chr1	38800000	38900000	954
EL10_2_Chr1	38900000	39000000	1191
EL10_2_Chr1	39000000	39100000	987
EL10_2_Chr1	39100000	39200000	2212
EL10_2_Chr1	39200000	39300000	256
EL10_2_Chr1	39300000	39400000	475
EL10_2_Chr1	39400000	39500000	1289
EL10_2_Chr1	39500000	39600000	249
EL10_2_Chr1	39600000	39700000	268
EL10_2_Chr1	39700000	39800000	620
EL10_2_Chr1	39800000	39900000	687
EL10_2_Chr1	39900000	40000000	963
EL10_2_Chr1	40000000	40100000	4249
EL10_2_Chr1	40100000	40200000	305
EL10_2_Chr1	40200000	40300000	838
EL10_2_Chr1	40300000	40400000	568
EL10_2_Chr1	40400000	40500000	350
EL10_2_Chr1	40500000	40600000	491
EL10_2_Chr1	40600000	40700000	684
EL10_2_Chr1	40700000	40800000	654
EL10_2_Chr1	40800000	40900000	1347
EL10_2_Chr1	40900000	41000000	1266
EL10_2_Chr1	41000000	41100000	1114
EL10_2_Chr1	41100000	41200000	568
EL10_2_Chr1	41200000	41300000	296
EL10_2_Chr1	41300000	41400000	990
EL10_2_Chr1	41400000	41500000	538
EL10_2_Chr1	41500000	41600000	310
EL10_2_Chr1	41600000	41700000	4156
EL10_2_Chr1	41700000	41800000	748
EL10_2_Chr1	41800000	41900000	444
EL10_2_Chr1	41900000	42000000	469
EL10_2_Chr1	42000000	42100000	1286
EL10_2_Chr1	42100000	42200000	792
EL10_2_Chr1	42200000	42300000	1445
EL10_2_Chr1	42300000	42400000	958
EL10_2_Chr1	42400000	42500000	1508
EL10_2_Chr1	42500000	42600000	339
EL10_2_Chr1	42600000	42700000	.
EL10_2_Chr1	42700000	42800000	137
EL10_2_Chr1	42800000	42900000	518
EL10_2_Chr1	42900000	43000000	1424
EL10_2_Chr1	43000000	43100000	1746
EL10_2_Chr1	43100000	43200000	3688
EL10_2_Chr1	43200000	43300000	2753
EL10_2_Chr1	43300000	43400000	672
EL10_2_Chr1	43400000	43500000	.
EL10_2_Chr1	43500000	43600000	.
EL10_2_Chr1	43600000	43700000	.
EL10_2_Chr1	43700000	43800000	685
EL10_2_Chr1	43800000	43900000	421
EL10_2_Chr1	43900000	44000000	621
EL10_2_Chr1	44000000	44100000	2051
EL10_2_Chr1	44100000	44200000	2164
EL10_2_Chr1	44200000	44300000	2773
EL10_2_Chr1	44300000	44400000	1840
EL10_2_Chr1	44400000	44500000	1657
EL10_2_Chr1	44500000	44600000	4277
EL10_2_Chr1	44600000	44700000	3324
EL10_2_Chr1	44700000	44800000	1240
EL10_2_Chr1	44800000	44900000	1040
EL10_2_Chr1	44900000	45000000	2141
EL10_2_Chr1	45000000	45100000	1132
EL10_2_Chr1	45100000	45200000	2290
EL10_2_Chr1	45200000	45300000	1976
EL10_2_Chr1	45300000	45400000	3603
EL10_2_Chr1	45400000	45500000	1521
EL10_2_Chr1	45500000	45600000	1492
EL10_2_Chr1	45600000	45700000	3558
EL10_2_Chr1	45700000	45800000	460
EL10_2_Chr1	45800000	45900000	916
EL10_2_Chr1	45900000	46000000	769
EL10_2_Chr1	46000000	46100000	1006
EL10_2_Chr1	46100000	46200000	1812
EL10_2_Chr1	46200000	46300000	1068
EL10_2_Chr1	46300000	46400000	1965
EL10_2_Chr1	46400000	46500000	2077
EL10_2_Chr1	46500000	46600000	691
EL10_2_Chr1	46600000	46700000	2346
EL10_2_Chr1	46700000	46800000	1675
EL10_2_Chr1	46800000	46900000	2871
EL10_2_Chr1	46900000	47000000	961
EL10_2_Chr1	47000000	47100000	1784
EL10_2_Chr1	47100000	47200000	2313
EL10_2_Chr1	47200000	47300000	885
EL10_2_Chr1	47300000	47400000	818
EL10_2_Chr1	47400000	47500000	1634
EL10_2_Chr1	47500000	47600000	1444
EL10_2_Chr1	47600000	47700000	1362
EL10_2_Chr1	47700000	47800000	643
EL10_2_Chr1	47800000	47900000	2178
EL10_2_Chr1	47900000	48000000	672
EL10_2_Chr1	48000000	48100000	1945
EL10_2_Chr1	48100000	48200000	2016
EL10_2_Chr1	48200000	48300000	1234
EL10_2_Chr1	48300000	48400000	1944
EL10_2_Chr1	48400000	48500000	1844
EL10_2_Chr1	48500000	48600000	2060
EL10_2_Chr1	48600000	48700000	934
EL10_2_Chr1	48700000	48800000	1098
EL10_2_Chr1	48800000	48900000	723
EL10_2_Chr1	48900000	49000000	2084
EL10_2_Chr1	49000000	49100000	356
EL10_2_Chr1	49100000	49200000	862
EL10_2_Chr1	49200000	49300000	994
EL10_2_Chr1	49300000	49400000	582
EL10_2_Chr1	49400000	49500000	2048
EL10_2_Chr1	49500000	49600000	1435
EL10_2_Chr1	49600000	49700000	2603
EL10_2_Chr1	49700000	49800000	4836
EL10_2_Chr1	49800000	49900000	2331
EL10_2_Chr1	49900000	50000000	1109
EL10_2_Chr1	50000000	50100000	1675
EL10_2_Chr1	50100000	50200000	1489
EL10_2_Chr1	50200000	50300000	3758
EL10_2_Chr1	50300000	50400000	4112
EL10_2_Chr1	50400000	50500000	3362
EL10_2_Chr1	50500000	50600000	1808
EL10_2_Chr1	50600000	50700000	904
EL10_2_Chr1	50700000	50800000	5039
EL10_2_Chr1	50800000	50900000	3168
EL10_2_Chr1	50900000	51000000	3078
EL10_2_Chr1	51000000	51100000	6287
EL10_2_Chr1	51100000	51200000	2675
EL10_2_Chr1	51200000	51300000	2701
EL10_2_Chr1	51300000	51400000	5185
EL10_2_Chr1	51400000	51500000	2349
EL10_2_Chr1	51500000	51600000	4871
EL10_2_Chr1	51600000	51700000	748
EL10_2_Chr1	51700000	51800000	1188
EL10_2_Chr1	51800000	51900000	2724
EL10_2_Chr1	51900000	52000000	5358
EL10_2_Chr1	52000000	52100000	5995
EL10_2_Chr1	52100000	52200000	4135
EL10_2_Chr1	52200000	52300000	3294
EL10_2_Chr1	52300000	52400000	2470
EL10_2_Chr1	52400000	52500000	4530
EL10_2_Chr1	52500000	52600000	3966
EL10_2_Chr1	52600000	52700000	4221
EL10_2_Chr1	52700000	52800000	4455
EL10_2_Chr1	52800000	52900000	4957
EL10_2_Chr1	52900000	53000000	2018
EL10_2_Chr1	53000000	53100000	1192
EL10_2_Chr1	53100000	53200000	2753
EL10_2_Chr1	53200000	53300000	4846
EL10_2_Chr1	53300000	53400000	1656
EL10_2_Chr1	53400000	53500000	2495
EL10_2_Chr1	53500000	53600000	2968
EL10_2_Chr1	53600000	53700000	1974
EL10_2_Chr1	53700000	53800000	3748
EL10_2_Chr1	53800000	53900000	3620
EL10_2_Chr1	53900000	54000000	1751
EL10_2_Chr1	54000000	54100000	2825
EL10_2_Chr1	54100000	54200000	3605
EL10_2_Chr1	54200000	54300000	1396
EL10_2_Chr1	54300000	54400000	3329
EL10_2_Chr1	54400000	54500000	508
EL10_2_Chr1	54500000	54600000	1873
EL10_2_Chr1	54600000	54700000	3307
EL10_2_Chr1	54700000	54800000	2891
EL10_2_Chr1	54800000	54900000	4201
EL10_2_Chr1	54900000	55000000	1910
EL10_2_Chr1	55000000	55100000	2811
EL10_2_Chr1	55100000	55200000	2290
EL10_2_Chr1	55200000	55300000	1060
EL10_2_Chr1	55300000	55400000	4860
EL10_2_Chr1	55400000	55500000	2613
EL10_2_Chr1	55500000	55600000	3837
EL10_2_Chr1	55600000	55700000	4241
EL10_2_Chr1	55700000	55800000	1985
EL10_2_Chr1	55800000	55900000	.
EL10_2_Chr1	55900000	56000000	4674
EL10_2_Chr1	56000000	56100000	3330
EL10_2_Chr1	56100000	56200000	3122
EL10_2_Chr1	56200000	56300000	1245
EL10_2_Chr1	56300000	56400000	5055
EL10_2_Chr1	56400000	56500000	4765
EL10_2_Chr1	56500000	56600000	2113
EL10_2_Chr1	56600000	56700000	4464
EL10_2_Chr1	56700000	56800000	4308
EL10_2_Chr1	56800000	56900000	1629
EL10_2_Chr1	56900000	57000000	1192
EL10_2_Chr1	57000000	57100000	991
EL10_2_Chr1	57100000	57200000	3058
EL10_2_Chr1	57200000	57300000	2435
EL10_2_Chr1	57300000	57400000	2549
EL10_2_Chr1	57400000	57500000	5013
EL10_2_Chr1	57500000	57600000	5488
EL10_2_Chr1	57600000	57700000	5555
EL10_2_Chr1	57700000	57800000	4222
EL10_2_Chr1	57800000	57900000	5210
EL10_2_Chr1	57900000	58000000	2513
EL10_2_Chr1	58000000	58100000	3391
EL10_2_Chr1	58100000	58200000	5281
EL10_2_Chr1	58200000	58300000	8758
EL10_2_Chr1	58300000	58400000	3862
EL10_2_Chr1	58400000	58500000	1595
EL10_2_Chr1	58500000	58600000	3159
EL10_2_Chr1	58600000	58700000	2728
EL10_2_Chr1	58700000	58800000	4831
EL10_2_Chr1	58800000	58900000	5519
EL10_2_Chr1	58900000	59000000	3978
EL10_2_Chr1	59000000	59100000	3541
EL10_2_Chr1	59100000	59200000	6327
EL10_2_Chr1	59200000	59300000	2963
EL10_2_Chr1	59300000	59400000	3339
EL10_2_Chr1	59400000	59500000	5456
EL10_2_Chr1	59500000	59600000	4742
EL10_2_Chr1	59600000	59700000	1767
EL10_2_Chr1	59700000	59800000	4073
EL10_2_Chr1	59800000	59900000	4180
EL10_2_Chr1	59900000	60000000	4027
EL10_2_Chr1	60000000	60100000	3297
EL10_2_Chr1	60100000	60200000	3740
EL10_2_Chr1	60200000	60300000	3421
EL10_2_Chr1	60300000	60400000	2648
EL10_2_Chr1	60400000	60500000	2762
EL10_2_Chr1	60500000	60600000	3350
EL10_2_Chr1	60600000	60700000	4045
EL10_2_Chr1	60700000	60800000	4519
EL10_2_Chr1	60800000	60900000	7446
EL10_2_Chr1	60900000	61000000	5518
EL10_2_Chr1	61000000	61100000	2223
EL10_2_Chr1	61100000	61200000	3083
EL10_2_Chr1	61200000	61300000	5319
EL10_2_Chr1	61300000	61400000	4234
EL10_2_Chr1	61400000	61500000	3117
EL10_2_Chr1	61500000	61600000	1473
EL10_2_Chr1	61600000	61700000	514
EL10_2_Chr1	61700000	61800000	3279
EL10_2_Chr1	61800000	61900000	3352
EL10_2_Chr1	61900000	62000000	1952
EL10_2_Chr1	62000000	62100000	5150
EL10_2_Chr1	62100000	62200000	2511
EL10_2_Chr1	62200000	62300000	6671
EL10_2_Chr1	62300000	62400000	5248
EL10_2_Chr1	62400000	62500000	3895
EL10_2_Chr1	62500000	62600000	4369
EL10_2_Chr1	62600000	62700000	5882
EL10_2_Chr1	62700000	62800000	5079
EL10_2_Chr1	62800000	62900000	4367
EL10_2_Chr1	62900000	63000000	4473
EL10_2_Chr1	63000000	63100000	4334
EL10_2_Chr1	63100000	63200000	5069
EL10_2_Chr1	63200000	63300000	1796
EL10_2_Chr1	63300000	63400000	.
EL10_2_Chr1	63400000	63500000	2834
EL10_2_Chr1	63500000	63600000	5036
EL10_2_Chr1	63600000	63700000	3788
EL10_2_Chr1	63700000	63800000	5775
EL10_2_Chr1	63800000	63900000	2214
EL10_2_Chr1	63900000	64000000	1798
EL10_2_Chr1	64000000	64100000	4294
EL10_2_Chr1	64100000	64200000	4393
EL10_2_Chr1	64200000	64300000	2091
EL10_2_Chr1	64300000	64339656	.
EL10_2_Chr2	0	100000	1949
EL10_2_Chr2	100000	200000	9686
EL10_2_Chr2	200000	300000	18122
EL10_2_Chr2	300000	400000	7793
EL10_2_Chr2	400000	500000	8296
EL10_2_Chr2	500000	600000	1568
EL10_2_Chr2	600000	700000	4300
EL10_2_Chr2	700000	800000	5410
EL10_2_Chr2	800000	900000	6820
EL10_2_Chr2	900000	1000000	9375
EL10_2_Chr2	1000000	1100000	347
EL10_2_Chr2	1100000	1200000	3362
EL10_2_Chr2	1200000	1300000	1499
EL10_2_Chr2	1300000	1400000	5341
EL10_2_Chr2	1400000	1500000	3651
EL10_2_Chr2	1500000	1600000	8210
EL10_2_Chr2	1600000	1700000	11964
EL10_2_Chr2	1700000	1800000	3675
EL10_2_Chr2	1800000	1900000	6301
EL10_2_Chr2	1900000	2000000	8287
EL10_2_Chr2	2000000	2100000	5930
EL10_2_Chr2	2100000	2200000	5841
EL10_2_Chr2	2200000	2300000	32577
EL10_2_Chr2	2300000	2400000	9277
EL10_2_Chr2	2400000	2500000	3224
EL10_2_Chr2	2500000	2600000	4288
EL10_2_Chr2	2600000	2700000	10707
EL10_2_Chr2	2700000	2800000	891
EL10_2_Chr2	2800000	2900000	2961
EL10_2_Chr2	2900000	3000000	3456
EL10_2_Chr2	3000000	3100000	19214
EL10_2_Chr2	3100000	3200000	826
EL10_2_Chr2	3200000	3300000	2031
EL10_2_Chr2	3300000	3400000	5424
EL10_2_Chr2	3400000	3500000	6905
EL10_2_Chr2	3500000	3600000	3358
EL10_2_Chr2	3600000	3700000	6611
EL10_2_Chr2	3700000	3800000	.
EL10_2_Chr2	3800000	3900000	805
EL10_2_Chr2	3900000	4000000	5415
EL10_2_Chr2	4000000	4100000	2509
EL10_2_Chr2	4100000	4200000	3459
EL10_2_Chr2	4200000	4300000	11445
EL10_2_Chr2	4300000	4400000	3509
EL10_2_Chr2	4400000	4500000	5409
EL10_2_Chr2	4500000	4600000	2961
EL10_2_Chr2	4600000	4700000	2774
EL10_2_Chr2	4700000	4800000	3786
EL10_2_Chr2	4800000	4900000	12353
EL10_2_Chr2	4900000	5000000	3799
EL10_2_Chr2	5000000	5100000	3244
EL10_2_Chr2	5100000	5200000	4156
EL10_2_Chr2	5200000	5300000	4880
EL10_2_Chr2	5300000	5400000	2260
EL10_2_Chr2	5400000	5500000	862
EL10_2_Chr2	5500000	5600000	7382
EL10_2_Chr2	5600000	5700000	4816
EL10_2_Chr2	5700000	5800000	4837
EL10_2_Chr2	5800000	5900000	3887
EL10_2_Chr2	5900000	6000000	4444
EL10_2_Chr2	6000000	6100000	3731
EL10_2_Chr2	6100000	6200000	2405
EL10_2_Chr2	6200000	6300000	677
EL10_2_Chr2	6300000	6400000	2068
EL10_2_Chr2	6400000	6500000	6573
EL10_2_Chr2	6500000	6600000	1449
EL10_2_Chr2	6600000	6700000	7550
EL10_2_Chr2	6700000	6800000	3841
EL10_2_Chr2	6800000	6900000	1203
EL10_2_Chr2	6900000	7000000	2202
EL10_2_Chr2	7000000	7100000	7483
EL10_2_Chr2	7100000	7200000	1107
EL10_2_Chr2	7200000	7300000	19036
EL10_2_Chr2	7300000	7400000	4512
EL10_2_Chr2	7400000	7500000	2293
EL10_2_Chr2	7500000	7600000	1157
EL10_2_Chr2	7600000	7700000	4323
EL10_2_Chr2	7700000	7800000	470
EL10_2_Chr2	7800000	7900000	653
EL10_2_Chr2	7900000	8000000	2098
EL10_2_Chr2	8000000	8100000	5155
EL10_2_Chr2	8100000	8200000	859
EL10_2_Chr2	8200000	8300000	2532
EL10_2_Chr2	8300000	8400000	2796
EL10_2_Chr2	8400000	8500000	1571
EL10_2_Chr2	8500000	8600000	1745
EL10_2_Chr2	8600000	8700000	3507
EL10_2_Chr2	8700000	8800000	3422
EL10_2_Chr2	8800000	8900000	2239
EL10_2_Chr2	8900000	9000000	2600
EL10_2_Chr2	9000000	9100000	1074
EL10_2_Chr2	9100000	9200000	2028
EL10_2_Chr2	9200000	9300000	1139
EL10_2_Chr2	9300000	9400000	421
EL10_2_Chr2	9400000	9500000	1384
EL10_2_Chr2	9500000	9600000	4626
EL10_2_Chr2	9600000	9700000	7892
EL10_2_Chr2	9700000	9800000	1838
EL10_2_Chr2	9800000	9900000	1985
EL10_2_Chr2	9900000	10000000	2617
EL10_2_Chr2	10000000	10100000	3328
EL10_2_Chr2	10100000	10200000	810
EL10_2_Chr2	10200000	10300000	.
EL10_2_Chr2	10300000	10400000	.
EL10_2_Chr2	10400000	10500000	.
EL10_2_Chr2	10500000	10600000	.
EL10_2_Chr2	10600000	10700000	2089
EL10_2_Chr2	10700000	10800000	.
EL10_2_Chr2	10800000	10900000	951
EL10_2_Chr2	10900000	11000000	94
EL10_2_Chr2	11000000	11100000	2276
EL10_2_Chr2	11100000	11200000	1248
EL10_2_Chr2	11200000	11300000	8192
EL10_2_Chr2	11300000	11400000	3693
EL10_2_Chr2	11400000	11500000	3146
EL10_2_Chr2	11500000	11600000	1139
EL10_2_Chr2	11600000	11700000	1717
EL10_2_Chr2	11700000	11800000	100
EL10_2_Chr2	11800000	11900000	3468
EL10_2_Chr2	11900000	12000000	1188
EL10_2_Chr2	12000000	12100000	2723
EL10_2_Chr2	12100000	12200000	774
EL10_2_Chr2	12200000	12300000	414
EL10_2_Chr2	12300000	12400000	2143
EL10_2_Chr2	12400000	12500000	9046
EL10_2_Chr2	12500000	12600000	2995
EL10_2_Chr2	12600000	12700000	997
EL10_2_Chr2	12700000	12800000	204
EL10_2_Chr2	12800000	12900000	541
EL10_2_Chr2	12900000	13000000	2325
EL10_2_Chr2	13000000	13100000	4274
EL10_2_Chr2	13100000	13200000	1857
EL10_2_Chr2	13200000	13300000	2134
EL10_2_Chr2	13300000	13400000	.
EL10_2_Chr2	13400000	13500000	822
EL10_2_Chr2	13500000	13600000	742
EL10_2_Chr2	13600000	13700000	475
EL10_2_Chr2	13700000	13800000	3839
EL10_2_Chr2	13800000	13900000	11472
EL10_2_Chr2	13900000	14000000	1798
EL10_2_Chr2	14000000	14100000	1144
EL10_2_Chr2	14100000	14200000	763
EL10_2_Chr2	14200000	14300000	585
EL10_2_Chr2	14300000	14400000	1172
EL10_2_Chr2	14400000	14500000	273
EL10_2_Chr2	14500000	14600000	585
EL10_2_Chr2	14600000	14700000	651
EL10_2_Chr2	14700000	14800000	924
EL10_2_Chr2	14800000	14900000	3289
EL10_2_Chr2	14900000	15000000	315
EL10_2_Chr2	15000000	15100000	1577
EL10_2_Chr2	15100000	15200000	1437
EL10_2_Chr2	15200000	15300000	3309
EL10_2_Chr2	15300000	15400000	962
EL10_2_Chr2	15400000	15500000	10822
EL10_2_Chr2	15500000	15600000	1352
EL10_2_Chr2	15600000	15700000	2313
EL10_2_Chr2	15700000	15800000	1300
EL10_2_Chr2	15800000	15900000	5180
EL10_2_Chr2	15900000	16000000	956
EL10_2_Chr2	16000000	16100000	533
EL10_2_Chr2	16100000	16200000	14776
EL10_2_Chr2	16200000	16300000	1753
EL10_2_Chr2	16300000	16400000	2160
EL10_2_Chr2	16400000	16500000	971
EL10_2_Chr2	16500000	16600000	1081
EL10_2_Chr2	16600000	16700000	652
EL10_2_Chr2	16700000	16800000	758
EL10_2_Chr2	16800000	16900000	3063
EL10_2_Chr2	16900000	17000000	143
EL10_2_Chr2	17000000	17100000	551
EL10_2_Chr2	17100000	17200000	1885
EL10_2_Chr2	17200000	17300000	885
EL10_2_Chr2	17300000	17400000	446
EL10_2_Chr2	17400000	17500000	1708
EL10_2_Chr2	17500000	17600000	310
EL10_2_Chr2	17600000	17700000	689
EL10_2_Chr2	17700000	17800000	1355
EL10_2_Chr2	17800000	17900000	4034
EL10_2_Chr2	17900000	18000000	4408
EL10_2_Chr2	18000000	18100000	140
EL10_2_Chr2	18100000	18200000	283
EL10_2_Chr2	18200000	18300000	1425
EL10_2_Chr2	18300000	18400000	72
EL10_2_Chr2	18400000	18500000	4572
EL10_2_Chr2	18500000	18600000	424
EL10_2_Chr2	18600000	18700000	434
EL10_2_Chr2	18700000	18800000	76
EL10_2_Chr2	18800000	18900000	817
EL10_2_Chr2	18900000	19000000	.
EL10_2_Chr2	19000000	19100000	1721
EL10_2_Chr2	19100000	19200000	748
EL10_2_Chr2	19200000	19300000	3109
EL10_2_Chr2	19300000	19400000	168
EL10_2_Chr2	19400000	19500000	4850
EL10_2_Chr2	19500000	19600000	3292
EL10_2_Chr2	19600000	19700000	786
EL10_2_Chr2	19700000	19800000	.
EL10_2_Chr2	19800000	19900000	1224
EL10_2_Chr2	19900000	20000000	.
EL10_2_Chr2	20000000	20100000	.
EL10_2_Chr2	20100000	20200000	.
EL10_2_Chr2	20200000	20300000	1090
EL10_2_Chr2	20300000	20400000	559
EL10_2_Chr2	20400000	20500000	2074
EL10_2_Chr2	20500000	20600000	1465
EL10_2_Chr2	20600000	20700000	871
EL10_2_Chr2	20700000	20800000	2569
EL10_2_Chr2	20800000	20900000	676
EL10_2_Chr2	20900000	21000000	387
EL10_2_Chr2	21000000	21100000	296
EL10_2_Chr2	21100000	21200000	652
EL10_2_Chr2	21200000	21300000	.
EL10_2_Chr2	21300000	21400000	727
EL10_2_Chr2	21400000	21500000	.
EL10_2_Chr2	21500000	21600000	4285
EL10_2_Chr2	21600000	21700000	474
EL10_2_Chr2	21700000	21800000	693
EL10_2_Chr2	21800000	21900000	2369
EL10_2_Chr2	21900000	22000000	1913
EL10_2_Chr2	22000000	22100000	111
EL10_2_Chr2	22100000	22200000	340
EL10_2_Chr2	22200000	22300000	387
EL10_2_Chr2	22300000	22400000	936
EL10_2_Chr2	22400000	22500000	.
EL10_2_Chr2	22500000	22600000	.
EL10_2_Chr2	22600000	22700000	.
EL10_2_Chr2	22700000	22800000	1117
EL10_2_Chr2	22800000	22900000	3555
EL10_2_Chr2	22900000	23000000	52
EL10_2_Chr2	23000000	23100000	829
EL10_2_Chr2	23100000	23200000	829
EL10_2_Chr2	23200000	23300000	751
EL10_2_Chr2	23300000	23400000	5548
EL10_2_Chr2	23400000	23500000	633
EL10_2_Chr2	23500000	23600000	2748
EL10_2_Chr2	23600000	23700000	1151
EL10_2_Chr2	23700000	23800000	2913
EL10_2_Chr2	23800000	23900000	256
EL10_2_Chr2	23900000	24000000	2828
EL10_2_Chr2	24000000	24100000	310
EL10_2_Chr2	24100000	24200000	236
EL10_2_Chr2	24200000	24300000	1364
EL10_2_Chr2	24300000	24400000	185
EL10_2_Chr2	24400000	24500000	2114
EL10_2_Chr2	24500000	24600000	68
EL10_2_Chr2	24600000	24700000	2523
EL10_2_Chr2	24700000	24800000	346
EL10_2_Chr2	24800000	24900000	2386
EL10_2_Chr2	24900000	25000000	778
EL10_2_Chr2	25000000	25100000	548
EL10_2_Chr2	25100000	25200000	2630
EL10_2_Chr2	25200000	25300000	322
EL10_2_Chr2	25300000	25400000	.
EL10_2_Chr2	25400000	25500000	828
EL10_2_Chr2	25500000	25600000	.
EL10_2_Chr2	25600000	25700000	2472
EL10_2_Chr2	25700000	25800000	939
EL10_2_Chr2	25800000	25900000	689
EL10_2_Chr2	25900000	26000000	.
EL10_2_Chr2	26000000	26100000	793
EL10_2_Chr2	26100000	26200000	668
EL10_2_Chr2	26200000	26300000	4225
EL10_2_Chr2	26300000	26400000	631
EL10_2_Chr2	26400000	26500000	.
EL10_2_Chr2	26500000	26600000	1379
EL10_2_Chr2	26600000	26700000	1124
EL10_2_Chr2	26700000	26800000	3198
EL10_2_Chr2	26800000	26900000	1962
EL10_2_Chr2	26900000	27000000	1808
EL10_2_Chr2	27000000	27100000	752
EL10_2_Chr2	27100000	27200000	.
EL10_2_Chr2	27200000	27300000	2701
EL10_2_Chr2	27300000	27400000	8225
EL10_2_Chr2	27400000	27500000	6708
EL10_2_Chr2	27500000	27600000	6245
EL10_2_Chr2	27600000	27700000	5826
EL10_2_Chr2	27700000	27800000	653
EL10_2_Chr2	27800000	27900000	1235
EL10_2_Chr2	27900000	28000000	192
EL10_2_Chr2	28000000	28100000	739
EL10_2_Chr2	28100000	28200000	.
EL10_2_Chr2	28200000	28300000	873
EL10_2_Chr2	28300000	28400000	.
EL10_2_Chr2	28400000	28500000	852
EL10_2_Chr2	28500000	28600000	359
EL10_2_Chr2	28600000	28700000	544
EL10_2_Chr2	28700000	28800000	.
EL10_2_Chr2	28800000	28900000	.
EL10_2_Chr2	28900000	29000000	939
EL10_2_Chr2	29000000	29100000	223
EL10_2_Chr2	29100000	29200000	1561
EL10_2_Chr2	29200000	29300000	1700
EL10_2_Chr2	29300000	29400000	447
EL10_2_Chr2	29400000	29500000	1352
EL10_2_Chr2	29500000	29600000	1222
EL10_2_Chr2	29600000	29700000	764
EL10_2_Chr2	29700000	29800000	6991
EL10_2_Chr2	29800000	29900000	2314
EL10_2_Chr2	29900000	30000000	4977
EL10_2_Chr2	30000000	30100000	.
EL10_2_Chr2	30100000	30200000	.
EL10_2_Chr2	30200000	30300000	110
EL10_2_Chr2	30300000	30400000	923
EL10_2_Chr2	30400000	30500000	136
EL10_2_Chr2	30500000	30600000	38829
EL10_2_Chr2	30600000	30700000	1343
EL10_2_Chr2	30700000	30800000	2818
EL10_2_Chr2	30800000	30900000	1166
EL10_2_Chr2	30900000	31000000	675
EL10_2_Chr2	31000000	31100000	184
EL10_2_Chr2	31100000	31200000	1222
EL10_2_Chr2	31200000	31300000	425
EL10_2_Chr2	31300000	31400000	5662
EL10_2_Chr2	31400000	31500000	2279
EL10_2_Chr2	31500000	31600000	645
EL10_2_Chr2	31600000	31700000	6319
EL10_2_Chr2	31700000	31800000	1089
EL10_2_Chr2	31800000	31900000	1790
EL10_2_Chr2	31900000	32000000	848
EL10_2_Chr2	32000000	32100000	212
EL10_2_Chr2	32100000	32200000	1714
EL10_2_Chr2	32200000	32300000	1913
EL10_2_Chr2	32300000	32400000	895
EL10_2_Chr2	32400000	32500000	2630
EL10_2_Chr2	32500000	32600000	1166
EL10_2_Chr2	32600000	32700000	.
EL10_2_Chr2	32700000	32800000	3215
EL10_2_Chr2	32800000	32900000	366
EL10_2_Chr2	32900000	33000000	494
EL10_2_Chr2	33000000	33100000	575
EL10_2_Chr2	33100000	33200000	352
EL10_2_Chr2	33200000	33300000	3245
EL10_2_Chr2	33300000	33400000	3258
EL10_2_Chr2	33400000	33500000	1464
EL10_2_Chr2	33500000	33600000	9488
EL10_2_Chr2	33600000	33700000	1848
EL10_2_Chr2	33700000	33800000	5049
EL10_2_Chr2	33800000	33900000	932
EL10_2_Chr2	33900000	34000000	1217
EL10_2_Chr2	34000000	34100000	1585
EL10_2_Chr2	34100000	34200000	2386
EL10_2_Chr2	34200000	34300000	.
EL10_2_Chr2	34300000	34400000	224
EL10_2_Chr2	34400000	34500000	.
EL10_2_Chr2	34500000	34600000	4417
EL10_2_Chr2	34600000	34700000	560
EL10_2_Chr2	34700000	34800000	587
EL10_2_Chr2	34800000	34900000	2816
EL10_2_Chr2	34900000	35000000	.
EL10_2_Chr2	35000000	35100000	772
EL10_2_Chr2	35100000	35200000	.
EL10_2_Chr2	35200000	35300000	.
EL10_2_Chr2	35300000	35400000	.
EL10_2_Chr2	35400000	35500000	.
EL10_2_Chr2	35500000	35600000	708
EL10_2_Chr2	35600000	35700000	235
EL10_2_Chr2	35700000	35800000	566
EL10_2_Chr2	35800000	35900000	2732
EL10_2_Chr2	35900000	36000000	2327
EL10_2_Chr2	36000000	36100000	1663
EL10_2_Chr2	36100000	36200000	2956
EL10_2_Chr2	36200000	36300000	938
EL10_2_Chr2	36300000	36400000	2993
EL10_2_Chr2	36400000	36500000	5637
EL10_2_Chr2	36500000	36600000	1081
EL10_2_Chr2	36600000	36700000	2514
EL10_2_Chr2	36700000	36800000	2479
EL10_2_Chr2	36800000	36900000	2505
EL10_2_Chr2	36900000	37000000	12504
EL10_2_Chr2	37000000	37100000	5915
EL10_2_Chr2	37100000	37200000	1976
EL10_2_Chr2	37200000	37300000	4941
EL10_2_Chr2	37300000	37400000	6111
EL10_2_Chr2	37400000	37500000	1049
EL10_2_Chr2	37500000	37600000	1489
EL10_2_Chr2	37600000	37700000	2962
EL10_2_Chr2	37700000	37800000	1738
EL10_2_Chr2	37800000	37900000	15357
EL10_2_Chr2	37900000	38000000	6691
EL10_2_Chr2	38000000	38100000	6053
EL10_2_Chr2	38100000	38200000	2159
EL10_2_Chr2	38200000	38300000	797
EL10_2_Chr2	38300000	38400000	4757
EL10_2_Chr2	38400000	38500000	8919
EL10_2_Chr2	38500000	38600000	4734
EL10_2_Chr2	38600000	38700000	2310
EL10_2_Chr2	38700000	38800000	3146
EL10_2_Chr2	38800000	38900000	4727
EL10_2_Chr2	38900000	39000000	735
EL10_2_Chr2	39000000	39100000	3788
EL10_2_Chr2	39100000	39200000	1401
EL10_2_Chr2	39200000	39300000	1660
EL10_2_Chr2	39300000	39400000	3175
EL10_2_Chr2	39400000	39500000	4483
EL10_2_Chr2	39500000	39600000	530
EL10_2_Chr2	39600000	39700000	777
EL10_2_Chr2	39700000	39800000	2177
EL10_2_Chr2	39800000	39900000	5580
EL10_2_Chr2	39900000	40000000	2906
EL10_2_Chr2	40000000	40100000	3166
EL10_2_Chr2	40100000	40200000	4947
EL10_2_Chr2	40200000	40300000	2246
EL10_2_Chr2	40300000	40400000	3686
EL10_2_Chr2	40400000	40500000	4320
EL10_2_Chr2	40500000	40600000	7530
EL10_2_Chr2	40600000	40700000	2910
EL10_2_Chr2	40700000	40800000	1257
EL10_2_Chr2	40800000	40900000	1283
EL10_2_Chr2	40900000	41000000	895
EL10_2_Chr2	41000000	41100000	2535
EL10_2_Chr2	41100000	41200000	1419
EL10_2_Chr2	41200000	41300000	2317
EL10_2_Chr2	41300000	41400000	2317
EL10_2_Chr2	41400000	41500000	7055
EL10_2_Chr2	41500000	41600000	6723
EL10_2_Chr2	41600000	41700000	1625
EL10_2_Chr2	41700000	41800000	1792
EL10_2_Chr2	41800000	41900000	3348
EL10_2_Chr2	41900000	42000000	3640
EL10_2_Chr2	42000000	42100000	1222
EL10_2_Chr2	42100000	42200000	1799
EL10_2_Chr2	42200000	42300000	3452
EL10_2_Chr2	42300000	42400000	1656
EL10_2_Chr2	42400000	42500000	3262
EL10_2_Chr2	42500000	42600000	1671
EL10_2_Chr2	42600000	42700000	2811
EL10_2_Chr2	42700000	42800000	1525
EL10_2_Chr2	42800000	42900000	1598
EL10_2_Chr2	42900000	43000000	2105
EL10_2_Chr2	43000000	43100000	2622
EL10_2_Chr2	43100000	43200000	2739
EL10_2_Chr2	43200000	43300000	1433
EL10_2_Chr2	43300000	43400000	9055
EL10_2_Chr2	43400000	43500000	3519
EL10_2_Chr2	43500000	43600000	3198
EL10_2_Chr2	43600000	43700000	1898
EL10_2_Chr2	43700000	43800000	1756
EL10_2_Chr2	43800000	43900000	1994
EL10_2_Chr2	43900000	44000000	1385
EL10_2_Chr2	44000000	44100000	4386
EL10_2_Chr2	44100000	44200000	2106
EL10_2_Chr2	44200000	44300000	1244
EL10_2_Chr2	44300000	44400000	11104
EL10_2_Chr2	44400000	44500000	6890
EL10_2_Chr2	44500000	44600000	4291
EL10_2_Chr2	44600000	44700000	7078
EL10_2_Chr2	44700000	44800000	6388
EL10_2_Chr2	44800000	44900000	2378
EL10_2_Chr2	44900000	45000000	1501
EL10_2_Chr2	45000000	45100000	2186
EL10_2_Chr2	45100000	45200000	5473
EL10_2_Chr2	45200000	45300000	6871
EL10_2_Chr2	45300000	45400000	1288
EL10_2_Chr2	45400000	45500000	276
EL10_2_Chr2	45500000	45600000	3137
EL10_2_Chr2	45600000	45700000	3752
EL10_2_Chr2	45700000	45800000	10283
EL10_2_Chr2	45800000	45900000	1791
EL10_2_Chr2	45900000	46000000	3961
EL10_2_Chr2	46000000	46100000	7929
EL10_2_Chr2	46100000	46200000	5929
EL10_2_Chr2	46200000	46300000	1503
EL10_2_Chr2	46300000	46400000	6167
EL10_2_Chr2	46400000	46500000	8270
EL10_2_Chr2	46500000	46600000	646
EL10_2_Chr2	46600000	46700000	7443
EL10_2_Chr2	46700000	46800000	8513
EL10_2_Chr2	46800000	46900000	5696
EL10_2_Chr2	46900000	47000000	1237
EL10_2_Chr2	47000000	47100000	.
EL10_2_Chr2	47100000	47200000	18463
EL10_2_Chr2	47200000	47300000	4642
EL10_2_Chr2	47300000	47400000	5385
EL10_2_Chr2	47400000	47500000	4051
EL10_2_Chr2	47500000	47600000	574
EL10_2_Chr2	47600000	47700000	4041
EL10_2_Chr2	47700000	47800000	5908
EL10_2_Chr2	47800000	47900000	13735
EL10_2_Chr2	47900000	48000000	9248
EL10_2_Chr2	48000000	48100000	2055
EL10_2_Chr2	48100000	48200000	6320
EL10_2_Chr2	48200000	48300000	10908
EL10_2_Chr2	48300000	48400000	8729
EL10_2_Chr2	48400000	48500000	6186
EL10_2_Chr2	48500000	48600000	1298
EL10_2_Chr2	48600000	48700000	4432
EL10_2_Chr2	48700000	48800000	3805
EL10_2_Chr2	48800000	48900000	7471
EL10_2_Chr2	48900000	49000000	9513
EL10_2_Chr2	49000000	49100000	4953
EL10_2_Chr2	49100000	49200000	8548
EL10_2_Chr2	49200000	49300000	2668
EL10_2_Chr2	49300000	49400000	1620
EL10_2_Chr2	49400000	49500000	1513
EL10_2_Chr2	49500000	49600000	2519
EL10_2_Chr2	49600000	49700000	2928
EL10_2_Chr2	49700000	49800000	4539
EL10_2_Chr2	49800000	49900000	4591
EL10_2_Chr2	49900000	50000000	3933
EL10_2_Chr2	50000000	50100000	2245
EL10_2_Chr2	50100000	50200000	8192
EL10_2_Chr2	50200000	50300000	8413
EL10_2_Chr2	50300000	50400000	12621
EL10_2_Chr2	50400000	50500000	8076
EL10_2_Chr2	50500000	50600000	9547
EL10_2_Chr2	50600000	50700000	5835
EL10_2_Chr2	50700000	50800000	1437
EL10_2_Chr2	50800000	50900000	4372
EL10_2_Chr2	50900000	51000000	15777
EL10_2_Chr2	51000000	51100000	4243
EL10_2_Chr2	51100000	51200000	4504
EL10_2_Chr2	51200000	51300000	18944
EL10_2_Chr2	51300000	51400000	7043
EL10_2_Chr2	51400000	51500000	2684
EL10_2_Chr2	51500000	51600000	4466
EL10_2_Chr2	51600000	51700000	3191
EL10_2_Chr2	51700000	51800000	3522
EL10_2_Chr2	51800000	51900000	3214
EL10_2_Chr2	51900000	52000000	7497
EL10_2_Chr2	52000000	52100000	12835
EL10_2_Chr2	52100000	52200000	6590
EL10_2_Chr2	52200000	52300000	2918
EL10_2_Chr2	52300000	52400000	10098
EL10_2_Chr2	52400000	52500000	5696
EL10_2_Chr2	52500000	52600000	4009
EL10_2_Chr2	52600000	52700000	7644
EL10_2_Chr2	52700000	52800000	9562
EL10_2_Chr2	52800000	52900000	6031
EL10_2_Chr2	52900000	53000000	5108
EL10_2_Chr2	53000000	53100000	6902
EL10_2_Chr2	53100000	53200000	2181
EL10_2_Chr2	53200000	53300000	6990
EL10_2_Chr2	53300000	53400000	21156
EL10_2_Chr2	53400000	53500000	7763
EL10_2_Chr2	53500000	53600000	5731
EL10_2_Chr2	53600000	53700000	4599
EL10_2_Chr2	53700000	53800000	4416
EL10_2_Chr2	53800000	53900000	3070
EL10_2_Chr2	53900000	54000000	5181
EL10_2_Chr2	54000000	54100000	6474
EL10_2_Chr2	54100000	54200000	7512
EL10_2_Chr2	54200000	54300000	8601
EL10_2_Chr2	54300000	54400000	4688
EL10_2_Chr2	54400000	54500000	5487
EL10_2_Chr2	54500000	54600000	6649
EL10_2_Chr2	54600000	54700000	13588
EL10_2_Chr2	54700000	54800000	4286
EL10_2_Chr2	54800000	54900000	5126
EL10_2_Chr2	54900000	55000000	4822
EL10_2_Chr2	55000000	55100000	2627
EL10_2_Chr2	55100000	55200000	7327
EL10_2_Chr2	55200000	55300000	8631
EL10_2_Chr2	55300000	55400000	4493
EL10_2_Chr2	55400000	55500000	2610
EL10_2_Chr2	55500000	55600000	3631
EL10_2_Chr2	55600000	55700000	10269
EL10_2_Chr2	55700000	55800000	5577
EL10_2_Chr2	55800000	55900000	4882
EL10_2_Chr2	55900000	56000000	3438
EL10_2_Chr2	56000000	56100000	8360
EL10_2_Chr2	56100000	56200000	6465
EL10_2_Chr2	56200000	56300000	1662
EL10_2_Chr2	56300000	56400000	5382
EL10_2_Chr2	56400000	56500000	5013
EL10_2_Chr2	56500000	56600000	6458
EL10_2_Chr2	56600000	56700000	5383
EL10_2_Chr2	56700000	56800000	6298
EL10_2_Chr2	56800000	56900000	8289
EL10_2_Chr2	56900000	56942840	396
EL10_2_Chr3	0	100000	4585
EL10_2_Chr3	100000	200000	3199
EL10_2_Chr3	200000	300000	4934
EL10_2_Chr3	300000	400000	4020
EL10_2_Chr3	400000	500000	4123
EL10_2_Chr3	500000	600000	3056
EL10_2_Chr3	600000	700000	2739
EL10_2_Chr3	700000	800000	1755
EL10_2_Chr3	800000	900000	3248
EL10_2_Chr3	900000	1000000	4348
EL10_2_Chr3	1000000	1100000	3851
EL10_2_Chr3	1100000	1200000	2695
EL10_2_Chr3	1200000	1300000	1746
EL10_2_Chr3	1300000	1400000	2673
EL10_2_Chr3	1400000	1500000	4520
EL10_2_Chr3	1500000	1600000	2019
EL10_2_Chr3	1600000	1700000	3191
EL10_2_Chr3	1700000	1800000	4754
EL10_2_Chr3	1800000	1900000	2872
EL10_2_Chr3	1900000	2000000	4336
EL10_2_Chr3	2000000	2100000	4293
EL10_2_Chr3	2100000	2200000	5962
EL10_2_Chr3	2200000	2300000	4654
EL10_2_Chr3	2300000	2400000	5670
EL10_2_Chr3	2400000	2500000	2731
EL10_2_Chr3	2500000	2600000	4558
EL10_2_Chr3	2600000	2700000	5471
EL10_2_Chr3	2700000	2800000	4518
EL10_2_Chr3	2800000	2900000	2507
EL10_2_Chr3	2900000	3000000	4366
EL10_2_Chr3	3000000	3100000	3368
EL10_2_Chr3	3100000	3200000	2753
EL10_2_Chr3	3200000	3300000	3469
EL10_2_Chr3	3300000	3400000	4229
EL10_2_Chr3	3400000	3500000	2816
EL10_2_Chr3	3500000	3600000	2114
EL10_2_Chr3	3600000	3700000	4853
EL10_2_Chr3	3700000	3800000	5182
EL10_2_Chr3	3800000	3900000	7634
EL10_2_Chr3	3900000	4000000	4474
EL10_2_Chr3	4000000	4100000	5582
EL10_2_Chr3	4100000	4200000	4597
EL10_2_Chr3	4200000	4300000	2995
EL10_2_Chr3	4300000	4400000	3114
EL10_2_Chr3	4400000	4500000	4540
EL10_2_Chr3	4500000	4600000	3681
EL10_2_Chr3	4600000	4700000	5145
EL10_2_Chr3	4700000	4800000	2604
EL10_2_Chr3	4800000	4900000	2071
EL10_2_Chr3	4900000	5000000	4307
EL10_2_Chr3	5000000	5100000	4228
EL10_2_Chr3	5100000	5200000	2757
EL10_2_Chr3	5200000	5300000	1057
EL10_2_Chr3	5300000	5400000	3363
EL10_2_Chr3	5400000	5500000	6420
EL10_2_Chr3	5500000	5600000	4672
EL10_2_Chr3	5600000	5700000	2736
EL10_2_Chr3	5700000	5800000	5852
EL10_2_Chr3	5800000	5900000	6191
EL10_2_Chr3	5900000	6000000	3484
EL10_2_Chr3	6000000	6100000	4500
EL10_2_Chr3	6100000	6200000	2838
EL10_2_Chr3	6200000	6300000	4843
EL10_2_Chr3	6300000	6400000	2158
EL10_2_Chr3	6400000	6500000	2803
EL10_2_Chr3	6500000	6600000	2340
EL10_2_Chr3	6600000	6700000	4215
EL10_2_Chr3	6700000	6800000	3433
EL10_2_Chr3	6800000	6900000	2365
EL10_2_Chr3	6900000	7000000	3844
EL10_2_Chr3	7000000	7100000	4535
EL10_2_Chr3	7100000	7200000	3686
EL10_2_Chr3	7200000	7300000	1482
EL10_2_Chr3	7300000	7400000	1131
EL10_2_Chr3	7400000	7500000	2531
EL10_2_Chr3	7500000	7600000	5900
EL10_2_Chr3	7600000	7700000	4748
EL10_2_Chr3	7700000	7800000	3090
EL10_2_Chr3	7800000	7900000	2410
EL10_2_Chr3	7900000	8000000	3506
EL10_2_Chr3	8000000	8100000	4109
EL10_2_Chr3	8100000	8200000	4354
EL10_2_Chr3	8200000	8300000	5295
EL10_2_Chr3	8300000	8400000	2974
EL10_2_Chr3	8400000	8500000	1731
EL10_2_Chr3	8500000	8600000	1650
EL10_2_Chr3	8600000	8700000	1685
EL10_2_Chr3	8700000	8800000	4908
EL10_2_Chr3	8800000	8900000	4500
EL10_2_Chr3	8900000	9000000	2448
EL10_2_Chr3	9000000	9100000	4760
EL10_2_Chr3	9100000	9200000	2960
EL10_2_Chr3	9200000	9300000	1022
EL10_2_Chr3	9300000	9400000	4775
EL10_2_Chr3	9400000	9500000	1452
EL10_2_Chr3	9500000	9600000	577
EL10_2_Chr3	9600000	9700000	3285
EL10_2_Chr3	9700000	9800000	1335
EL10_2_Chr3	9800000	9900000	3501
EL10_2_Chr3	9900000	10000000	2416
EL10_2_Chr3	10000000	10100000	2591
EL10_2_Chr3	10100000	10200000	3662
EL10_2_Chr3	10200000	10300000	2280
EL10_2_Chr3	10300000	10400000	1565
EL10_2_Chr3	10400000	10500000	1059
EL10_2_Chr3	10500000	10600000	2719
EL10_2_Chr3	10600000	10700000	1760
EL10_2_Chr3	10700000	10800000	4316
EL10_2_Chr3	10800000	10900000	2571
EL10_2_Chr3	10900000	11000000	3415
EL10_2_Chr3	11000000	11100000	2479
EL10_2_Chr3	11100000	11200000	3282
EL10_2_Chr3	11200000	11300000	2178
EL10_2_Chr3	11300000	11400000	3105
EL10_2_Chr3	11400000	11500000	2908
EL10_2_Chr3	11500000	11600000	4331
EL10_2_Chr3	11600000	11700000	3741
EL10_2_Chr3	11700000	11800000	1333
EL10_2_Chr3	11800000	11900000	1673
EL10_2_Chr3	11900000	12000000	2635
EL10_2_Chr3	12000000	12100000	3187
EL10_2_Chr3	12100000	12200000	2636
EL10_2_Chr3	12200000	12300000	2902
EL10_2_Chr3	12300000	12400000	3586
EL10_2_Chr3	12400000	12500000	2685
EL10_2_Chr3	12500000	12600000	2128
EL10_2_Chr3	12600000	12700000	3326
EL10_2_Chr3	12700000	12800000	1023
EL10_2_Chr3	12800000	12900000	2597
EL10_2_Chr3	12900000	13000000	1791
EL10_2_Chr3	13000000	13100000	1031
EL10_2_Chr3	13100000	13200000	2127
EL10_2_Chr3	13200000	13300000	4754
EL10_2_Chr3	13300000	13400000	2057
EL10_2_Chr3	13400000	13500000	2112
EL10_2_Chr3	13500000	13600000	3994
EL10_2_Chr3	13600000	13700000	1650
EL10_2_Chr3	13700000	13800000	1642
EL10_2_Chr3	13800000	13900000	1969
EL10_2_Chr3	13900000	14000000	1392
EL10_2_Chr3	14000000	14100000	1002
EL10_2_Chr3	14100000	14200000	2450
EL10_2_Chr3	14200000	14300000	2333
EL10_2_Chr3	14300000	14400000	2763
EL10_2_Chr3	14400000	14500000	1078
EL10_2_Chr3	14500000	14600000	1366
EL10_2_Chr3	14600000	14700000	2309
EL10_2_Chr3	14700000	14800000	2248
EL10_2_Chr3	14800000	14900000	900
EL10_2_Chr3	14900000	15000000	855
EL10_2_Chr3	15000000	15100000	865
EL10_2_Chr3	15100000	15200000	1503
EL10_2_Chr3	15200000	15300000	2310
EL10_2_Chr3	15300000	15400000	933
EL10_2_Chr3	15400000	15500000	764
EL10_2_Chr3	15500000	15600000	1589
EL10_2_Chr3	15600000	15700000	1908
EL10_2_Chr3	15700000	15800000	3503
EL10_2_Chr3	15800000	15900000	3353
EL10_2_Chr3	15900000	16000000	1932
EL10_2_Chr3	16000000	16100000	2779
EL10_2_Chr3	16100000	16200000	4554
EL10_2_Chr3	16200000	16300000	1381
EL10_2_Chr3	16300000	16400000	628
EL10_2_Chr3	16400000	16500000	3510
EL10_2_Chr3	16500000	16600000	1762
EL10_2_Chr3	16600000	16700000	1631
EL10_2_Chr3	16700000	16800000	1620
EL10_2_Chr3	16800000	16900000	546
EL10_2_Chr3	16900000	17000000	2697
EL10_2_Chr3	17000000	17100000	1773
EL10_2_Chr3	17100000	17200000	1476
EL10_2_Chr3	17200000	17300000	2486
EL10_2_Chr3	17300000	17400000	1361
EL10_2_Chr3	17400000	17500000	1151
EL10_2_Chr3	17500000	17600000	1692
EL10_2_Chr3	17600000	17700000	1566
EL10_2_Chr3	17700000	17800000	2305
EL10_2_Chr3	17800000	17900000	711
EL10_2_Chr3	17900000	18000000	1105
EL10_2_Chr3	18000000	18100000	1389
EL10_2_Chr3	18100000	18200000	2208
EL10_2_Chr3	18200000	18300000	1001
EL10_2_Chr3	18300000	18400000	1690
EL10_2_Chr3	18400000	18500000	1095
EL10_2_Chr3	18500000	18600000	1176
EL10_2_Chr3	18600000	18700000	2900
EL10_2_Chr3	18700000	18800000	1382
EL10_2_Chr3	18800000	18900000	749
EL10_2_Chr3	18900000	19000000	1026
EL10_2_Chr3	19000000	19100000	1862
EL10_2_Chr3	19100000	19200000	885
EL10_2_Chr3	19200000	19300000	785
EL10_2_Chr3	19300000	19400000	657
EL10_2_Chr3	19400000	19500000	1658
EL10_2_Chr3	19500000	19600000	1283
EL10_2_Chr3	19600000	19700000	145
EL10_2_Chr3	19700000	19800000	587
EL10_2_Chr3	19800000	19900000	644
EL10_2_Chr3	19900000	20000000	315
EL10_2_Chr3	20000000	20100000	659
EL10_2_Chr3	20100000	20200000	3016
EL10_2_Chr3	20200000	20300000	1050
EL10_2_Chr3	20300000	20400000	.
EL10_2_Chr3	20400000	20500000	1902
EL10_2_Chr3	20500000	20600000	1062
EL10_2_Chr3	20600000	20700000	2729
EL10_2_Chr3	20700000	20800000	431
EL10_2_Chr3	20800000	20900000	624
EL10_2_Chr3	20900000	21000000	4107
EL10_2_Chr3	21000000	21100000	886
EL10_2_Chr3	21100000	21200000	2962
EL10_2_Chr3	21200000	21300000	1425
EL10_2_Chr3	21300000	21400000	969
EL10_2_Chr3	21400000	21500000	1060
EL10_2_Chr3	21500000	21600000	2071
EL10_2_Chr3	21600000	21700000	1144
EL10_2_Chr3	21700000	21800000	1707
EL10_2_Chr3	21800000	21900000	2350
EL10_2_Chr3	21900000	22000000	555
EL10_2_Chr3	22000000	22100000	692
EL10_2_Chr3	22100000	22200000	.
EL10_2_Chr3	22200000	22300000	681
EL10_2_Chr3	22300000	22400000	2569
EL10_2_Chr3	22400000	22500000	1162
EL10_2_Chr3	22500000	22600000	2655
EL10_2_Chr3	22600000	22700000	1290
EL10_2_Chr3	22700000	22800000	.
EL10_2_Chr3	22800000	22900000	823
EL10_2_Chr3	22900000	23000000	1160
EL10_2_Chr3	23000000	23100000	1065
EL10_2_Chr3	23100000	23200000	341
EL10_2_Chr3	23200000	23300000	2495
EL10_2_Chr3	23300000	23400000	.
EL10_2_Chr3	23400000	23500000	.
EL10_2_Chr3	23500000	23600000	.
EL10_2_Chr3	23600000	23700000	.
EL10_2_Chr3	23700000	23800000	.
EL10_2_Chr3	23800000	23900000	.
EL10_2_Chr3	23900000	24000000	.
EL10_2_Chr3	24000000	24100000	132
EL10_2_Chr3	24100000	24200000	224
EL10_2_Chr3	24200000	24300000	735
EL10_2_Chr3	24300000	24400000	516
EL10_2_Chr3	24400000	24500000	459
EL10_2_Chr3	24500000	24600000	329
EL10_2_Chr3	24600000	24700000	347
EL10_2_Chr3	24700000	24800000	519
EL10_2_Chr3	24800000	24900000	1938
EL10_2_Chr3	24900000	25000000	445
EL10_2_Chr3	25000000	25100000	834
EL10_2_Chr3	25100000	25200000	1191
EL10_2_Chr3	25200000	25300000	.
EL10_2_Chr3	25300000	25400000	777
EL10_2_Chr3	25400000	25500000	835
EL10_2_Chr3	25500000	25600000	959
EL10_2_Chr3	25600000	25700000	633
EL10_2_Chr3	25700000	25800000	500
EL10_2_Chr3	25800000	25900000	1028
EL10_2_Chr3	25900000	26000000	353
EL10_2_Chr3	26000000	26100000	286
EL10_2_Chr3	26100000	26200000	637
EL10_2_Chr3	26200000	26300000	366
EL10_2_Chr3	26300000	26400000	289
EL10_2_Chr3	26400000	26500000	403
EL10_2_Chr3	26500000	26600000	67
EL10_2_Chr3	26600000	26700000	513
EL10_2_Chr3	26700000	26800000	999
EL10_2_Chr3	26800000	26900000	.
EL10_2_Chr3	26900000	27000000	148
EL10_2_Chr3	27000000	27100000	1657
EL10_2_Chr3	27100000	27200000	749
EL10_2_Chr3	27200000	27300000	298
EL10_2_Chr3	27300000	27400000	357
EL10_2_Chr3	27400000	27500000	368
EL10_2_Chr3	27500000	27600000	1269
EL10_2_Chr3	27600000	27700000	1236
EL10_2_Chr3	27700000	27800000	458
EL10_2_Chr3	27800000	27900000	209
EL10_2_Chr3	27900000	28000000	1350
EL10_2_Chr3	28000000	28100000	832
EL10_2_Chr3	28100000	28200000	404
EL10_2_Chr3	28200000	28300000	.
EL10_2_Chr3	28300000	28400000	47
EL10_2_Chr3	28400000	28500000	683
EL10_2_Chr3	28500000	28600000	1589
EL10_2_Chr3	28600000	28700000	1021
EL10_2_Chr3	28700000	28800000	528
EL10_2_Chr3	28800000	28900000	669
EL10_2_Chr3	28900000	29000000	380
EL10_2_Chr3	29000000	29100000	789
EL10_2_Chr3	29100000	29200000	917
EL10_2_Chr3	29200000	29300000	769
EL10_2_Chr3	29300000	29400000	971
EL10_2_Chr3	29400000	29500000	1950
EL10_2_Chr3	29500000	29600000	786
EL10_2_Chr3	29600000	29700000	1705
EL10_2_Chr3	29700000	29800000	520
EL10_2_Chr3	29800000	29900000	.
EL10_2_Chr3	29900000	30000000	710
EL10_2_Chr3	30000000	30100000	537
EL10_2_Chr3	30100000	30200000	830
EL10_2_Chr3	30200000	30300000	603
EL10_2_Chr3	30300000	30400000	234
EL10_2_Chr3	30400000	30500000	579
EL10_2_Chr3	30500000	30600000	1047
EL10_2_Chr3	30600000	30700000	508
EL10_2_Chr3	30700000	30800000	794
EL10_2_Chr3	30800000	30900000	323
EL10_2_Chr3	30900000	31000000	239
EL10_2_Chr3	31000000	31100000	962
EL10_2_Chr3	31100000	31200000	440
EL10_2_Chr3	31200000	31300000	932
EL10_2_Chr3	31300000	31400000	576
EL10_2_Chr3	31400000	31500000	428
EL10_2_Chr3	31500000	31600000	149
EL10_2_Chr3	31600000	31700000	484
EL10_2_Chr3	31700000	31800000	1797
EL10_2_Chr3	31800000	31900000	.
EL10_2_Chr3	31900000	32000000	272
EL10_2_Chr3	32000000	32100000	1043
EL10_2_Chr3	32100000	32200000	109
EL10_2_Chr3	32200000	32300000	841
EL10_2_Chr3	32300000	32400000	602
EL10_2_Chr3	32400000	32500000	1072
EL10_2_Chr3	32500000	32600000	592
EL10_2_Chr3	32600000	32700000	732
EL10_2_Chr3	32700000	32800000	877
EL10_2_Chr3	32800000	32900000	1107
EL10_2_Chr3	32900000	33000000	918
EL10_2_Chr3	33000000	33100000	1034
EL10_2_Chr3	33100000	33200000	1302
EL10_2_Chr3	33200000	33300000	1883
EL10_2_Chr3	33300000	33400000	217
EL10_2_Chr3	33400000	33500000	199
EL10_2_Chr3	33500000	33600000	648
EL10_2_Chr3	33600000	33700000	658
EL10_2_Chr3	33700000	33800000	243
EL10_2_Chr3	33800000	33900000	566
EL10_2_Chr3	33900000	34000000	337
EL10_2_Chr3	34000000	34100000	881
EL10_2_Chr3	34100000	34200000	2364
EL10_2_Chr3	34200000	34300000	233
EL10_2_Chr3	34300000	34400000	427
EL10_2_Chr3	34400000	34500000	1275
EL10_2_Chr3	34500000	34600000	.
EL10_2_Chr3	34600000	34700000	785
EL10_2_Chr3	34700000	34800000	253
EL10_2_Chr3	34800000	34900000	1122
EL10_2_Chr3	34900000	35000000	184
EL10_2_Chr3	35000000	35100000	798
EL10_2_Chr3	35100000	35200000	.
EL10_2_Chr3	35200000	35300000	.
EL10_2_Chr3	35300000	35400000	234
EL10_2_Chr3	35400000	35500000	1333
EL10_2_Chr3	35500000	35600000	419
EL10_2_Chr3	35600000	35700000	988
EL10_2_Chr3	35700000	35800000	1009
EL10_2_Chr3	35800000	35900000	1384
EL10_2_Chr3	35900000	36000000	544
EL10_2_Chr3	36000000	36100000	633
EL10_2_Chr3	36100000	36200000	1055
EL10_2_Chr3	36200000	36300000	545
EL10_2_Chr3	36300000	36400000	558
EL10_2_Chr3	36400000	36500000	800
EL10_2_Chr3	36500000	36600000	984
EL10_2_Chr3	36600000	36700000	320
EL10_2_Chr3	36700000	36800000	312
EL10_2_Chr3	36800000	36900000	866
EL10_2_Chr3	36900000	37000000	394
EL10_2_Chr3	37000000	37100000	467
EL10_2_Chr3	37100000	37200000	816
EL10_2_Chr3	37200000	37300000	883
EL10_2_Chr3	37300000	37400000	553
EL10_2_Chr3	37400000	37500000	804
EL10_2_Chr3	37500000	37600000	936
EL10_2_Chr3	37600000	37700000	89
EL10_2_Chr3	37700000	37800000	1391
EL10_2_Chr3	37800000	37900000	660
EL10_2_Chr3	37900000	38000000	917
EL10_2_Chr3	38000000	38100000	585
EL10_2_Chr3	38100000	38200000	898
EL10_2_Chr3	38200000	38300000	1285
EL10_2_Chr3	38300000	38400000	3198
EL10_2_Chr3	38400000	38500000	.
EL10_2_Chr3	38500000	38600000	806
EL10_2_Chr3	38600000	38700000	914
EL10_2_Chr3	38700000	38800000	2397
EL10_2_Chr3	38800000	38900000	692
EL10_2_Chr3	38900000	39000000	724
EL10_2_Chr3	39000000	39100000	1070
EL10_2_Chr3	39100000	39200000	297
EL10_2_Chr3	39200000	39300000	412
EL10_2_Chr3	39300000	39400000	246
EL10_2_Chr3	39400000	39500000	112
EL10_2_Chr3	39500000	39600000	1010
EL10_2_Chr3	39600000	39700000	2274
EL10_2_Chr3	39700000	39800000	364
EL10_2_Chr3	39800000	39900000	639
EL10_2_Chr3	39900000	40000000	184
EL10_2_Chr3	40000000	40100000	694
EL10_2_Chr3	40100000	40200000	119
EL10_2_Chr3	40200000	40300000	219
EL10_2_Chr3	40300000	40400000	201
EL10_2_Chr3	40400000	40500000	829
EL10_2_Chr3	40500000	40600000	2637
EL10_2_Chr3	40600000	40700000	805
EL10_2_Chr3	40700000	40800000	771
EL10_2_Chr3	40800000	40900000	2247
EL10_2_Chr3	40900000	41000000	935
EL10_2_Chr3	41000000	41100000	1035
EL10_2_Chr3	41100000	41200000	1337
EL10_2_Chr3	41200000	41300000	826
EL10_2_Chr3	41300000	41400000	963
EL10_2_Chr3	41400000	41500000	1444
EL10_2_Chr3	41500000	41600000	447
EL10_2_Chr3	41600000	41700000	1947
EL10_2_Chr3	41700000	41800000	336
EL10_2_Chr3	41800000	41900000	675
EL10_2_Chr3	41900000	42000000	200
EL10_2_Chr3	42000000	42100000	.
EL10_2_Chr3	42100000	42200000	1778
EL10_2_Chr3	42200000	42300000	.
EL10_2_Chr3	42300000	42400000	193
EL10_2_Chr3	42400000	42500000	826
EL10_2_Chr3	42500000	42600000	419
EL10_2_Chr3	42600000	42700000	163
EL10_2_Chr3	42700000	42800000	1637
EL10_2_Chr3	42800000	42900000	2448
EL10_2_Chr3	42900000	43000000	2296
EL10_2_Chr3	43000000	43100000	1732
EL10_2_Chr3	43100000	43200000	2798
EL10_2_Chr3	43200000	43300000	868
EL10_2_Chr3	43300000	43400000	207
EL10_2_Chr3	43400000	43500000	206
EL10_2_Chr3	43500000	43600000	1588
EL10_2_Chr3	43600000	43700000	671
EL10_2_Chr3	43700000	43800000	2088
EL10_2_Chr3	43800000	43900000	2337
EL10_2_Chr3	43900000	44000000	1371
EL10_2_Chr3	44000000	44100000	457
EL10_2_Chr3	44100000	44200000	1330
EL10_2_Chr3	44200000	44300000	3098
EL10_2_Chr3	44300000	44400000	876
EL10_2_Chr3	44400000	44500000	1708
EL10_2_Chr3	44500000	44600000	1304
EL10_2_Chr3	44600000	44700000	2266
EL10_2_Chr3	44700000	44800000	933
EL10_2_Chr3	44800000	44900000	1536
EL10_2_Chr3	44900000	45000000	2134
EL10_2_Chr3	45000000	45100000	1033
EL10_2_Chr3	45100000	45200000	2358
EL10_2_Chr3	45200000	45300000	611
EL10_2_Chr3	45300000	45400000	.
EL10_2_Chr3	45400000	45500000	803
EL10_2_Chr3	45500000	45600000	470
EL10_2_Chr3	45600000	45700000	1334
EL10_2_Chr3	45700000	45800000	1965
EL10_2_Chr3	45800000	45900000	1754
EL10_2_Chr3	45900000	46000000	607
EL10_2_Chr3	46000000	46100000	2540
EL10_2_Chr3	46100000	46200000	1106
EL10_2_Chr3	46200000	46300000	1317
EL10_2_Chr3	46300000	46400000	832
EL10_2_Chr3	46400000	46500000	1770
EL10_2_Chr3	46500000	46600000	594
EL10_2_Chr3	46600000	46700000	1785
EL10_2_Chr3	46700000	46800000	1370
EL10_2_Chr3	46800000	46900000	1462
EL10_2_Chr3	46900000	47000000	1265
EL10_2_Chr3	47000000	47100000	2997
EL10_2_Chr3	47100000	47200000	1548
EL10_2_Chr3	47200000	47300000	1310
EL10_2_Chr3	47300000	47400000	431
EL10_2_Chr3	47400000	47500000	1477
EL10_2_Chr3	47500000	47600000	1592
EL10_2_Chr3	47600000	47700000	2230
EL10_2_Chr3	47700000	47800000	1021
EL10_2_Chr3	47800000	47900000	1092
EL10_2_Chr3	47900000	48000000	2661
EL10_2_Chr3	48000000	48100000	217
EL10_2_Chr3	48100000	48200000	1571
EL10_2_Chr3	48200000	48300000	5124
EL10_2_Chr3	48300000	48400000	1662
EL10_2_Chr3	48400000	48500000	2658
EL10_2_Chr3	48500000	48600000	3836
EL10_2_Chr3	48600000	48700000	1803
EL10_2_Chr3	48700000	48800000	576
EL10_2_Chr3	48800000	48900000	1579
EL10_2_Chr3	48900000	49000000	3624
EL10_2_Chr3	49000000	49100000	1092
EL10_2_Chr3	49100000	49200000	142
EL10_2_Chr3	49200000	49300000	1310
EL10_2_Chr3	49300000	49400000	839
EL10_2_Chr3	49400000	49500000	1718
EL10_2_Chr3	49500000	49600000	1902
EL10_2_Chr3	49600000	49700000	2976
EL10_2_Chr3	49700000	49800000	2183
EL10_2_Chr3	49800000	49900000	2583
EL10_2_Chr3	49900000	50000000	1170
EL10_2_Chr3	50000000	50100000	371
EL10_2_Chr3	50100000	50200000	446
EL10_2_Chr3	50200000	50300000	1385
EL10_2_Chr3	50300000	50400000	2538
EL10_2_Chr3	50400000	50500000	1865
EL10_2_Chr3	50500000	50600000	2778
EL10_2_Chr3	50600000	50700000	1507
EL10_2_Chr3	50700000	50800000	4474
EL10_2_Chr3	50800000	50900000	2196
EL10_2_Chr3	50900000	51000000	3947
EL10_2_Chr3	51000000	51100000	1881
EL10_2_Chr3	51100000	51200000	2319
EL10_2_Chr3	51200000	51300000	2129
EL10_2_Chr3	51300000	51400000	6041
EL10_2_Chr3	51400000	51500000	6320
EL10_2_Chr3	51500000	51600000	5011
EL10_2_Chr3	51600000	51700000	2378
EL10_2_Chr3	51700000	51800000	1873
EL10_2_Chr3	51800000	51900000	2952
EL10_2_Chr3	51900000	52000000	2606
EL10_2_Chr3	52000000	52100000	2141
EL10_2_Chr3	52100000	52200000	4003
EL10_2_Chr3	52200000	52300000	2522
EL10_2_Chr3	52300000	52400000	554
EL10_2_Chr3	52400000	52500000	4202
EL10_2_Chr3	52500000	52600000	805
EL10_2_Chr3	52600000	52700000	1713
EL10_2_Chr3	52700000	52800000	4610
EL10_2_Chr3	52800000	52900000	3160
EL10_2_Chr3	52900000	53000000	278
EL10_2_Chr3	53000000	53100000	975
EL10_2_Chr3	53100000	53200000	355
EL10_2_Chr3	53200000	53300000	2597
EL10_2_Chr3	53300000	53400000	3366
EL10_2_Chr3	53400000	53500000	2708
EL10_2_Chr3	53500000	53600000	3950
EL10_2_Chr3	53600000	53700000	2795
EL10_2_Chr3	53700000	53800000	1965
EL10_2_Chr3	53800000	53900000	3571
EL10_2_Chr3	53900000	54000000	3224
EL10_2_Chr3	54000000	54100000	3220
EL10_2_Chr3	54100000	54200000	5009
EL10_2_Chr3	54200000	54300000	3966
EL10_2_Chr3	54300000	54400000	3812
EL10_2_Chr3	54400000	54500000	5547
EL10_2_Chr3	54500000	54600000	1469
EL10_2_Chr3	54600000	54700000	6884
EL10_2_Chr3	54700000	54800000	1913
EL10_2_Chr3	54800000	54900000	4607
EL10_2_Chr3	54900000	55000000	3788
EL10_2_Chr3	55000000	55100000	930
EL10_2_Chr3	55100000	55200000	3178
EL10_2_Chr3	55200000	55300000	3119
EL10_2_Chr3	55300000	55400000	2115
EL10_2_Chr3	55400000	55500000	1082
EL10_2_Chr3	55500000	55600000	4380
EL10_2_Chr3	55600000	55700000	2650
EL10_2_Chr3	55700000	55800000	4850
EL10_2_Chr3	55800000	55900000	5250
EL10_2_Chr3	55900000	56000000	2764
EL10_2_Chr3	56000000	56100000	1099
EL10_2_Chr3	56100000	56200000	3209
EL10_2_Chr3	56200000	56300000	3764
EL10_2_Chr3	56300000	56400000	5630
EL10_2_Chr3	56400000	56500000	5335
EL10_2_Chr3	56500000	56600000	3839
EL10_2_Chr3	56600000	56700000	3631
EL10_2_Chr3	56700000	56800000	2140
EL10_2_Chr3	56800000	56900000	2123
EL10_2_Chr3	56900000	57000000	4513
EL10_2_Chr3	57000000	57100000	6743
EL10_2_Chr3	57100000	57200000	3133
EL10_2_Chr3	57200000	57299960	2665
EL10_2_Chr3_s1	0	100000	275
EL10_2_Chr3_s1	100000	200000	440
EL10_2_Chr3_s1	200000	300000	1150
EL10_2_Chr3_s1	300000	400000	.
EL10_2_Chr3_s1	400000	500000	447
EL10_2_Chr3_s1	500000	549128	426
EL10_2_Chr4	0	100000	974
EL10_2_Chr4	100000	200000	4571
EL10_2_Chr4	200000	300000	6276
EL10_2_Chr4	300000	400000	7080
EL10_2_Chr4	400000	500000	4379
EL10_2_Chr4	500000	600000	4582
EL10_2_Chr4	600000	700000	7894
EL10_2_Chr4	700000	800000	4728
EL10_2_Chr4	800000	900000	4431
EL10_2_Chr4	900000	1000000	3608
EL10_2_Chr4	1000000	1100000	5405
EL10_2_Chr4	1100000	1200000	3704
EL10_2_Chr4	1200000	1300000	3511
EL10_2_Chr4	1300000	1400000	3950
EL10_2_Chr4	1400000	1500000	4526
EL10_2_Chr4	1500000	1600000	3319
EL10_2_Chr4	1600000	1700000	1193
EL10_2_Chr4	1700000	1800000	6550
EL10_2_Chr4	1800000	1900000	2719
EL10_2_Chr4	1900000	2000000	4936
EL10_2_Chr4	2000000	2100000	2759
EL10_2_Chr4	2100000	2200000	2331
EL10_2_Chr4	2200000	2300000	3658
EL10_2_Chr4	2300000	2400000	2759
EL10_2_Chr4	2400000	2500000	5811
EL10_2_Chr4	2500000	2600000	1707
EL10_2_Chr4	2600000	2700000	2347
EL10_2_Chr4	2700000	2800000	1311
EL10_2_Chr4	2800000	2900000	3360
EL10_2_Chr4	2900000	3000000	5298
EL10_2_Chr4	3000000	3100000	4296
EL10_2_Chr4	3100000	3200000	4139
EL10_2_Chr4	3200000	3300000	1807
EL10_2_Chr4	3300000	3400000	4156
EL10_2_Chr4	3400000	3500000	2714
EL10_2_Chr4	3500000	3600000	2040
EL10_2_Chr4	3600000	3700000	3696
EL10_2_Chr4	3700000	3800000	3640
EL10_2_Chr4	3800000	3900000	2880
EL10_2_Chr4	3900000	4000000	2233
EL10_2_Chr4	4000000	4100000	2264
EL10_2_Chr4	4100000	4200000	4109
EL10_2_Chr4	4200000	4300000	6252
EL10_2_Chr4	4300000	4400000	1601
EL10_2_Chr4	4400000	4500000	2770
EL10_2_Chr4	4500000	4600000	2493
EL10_2_Chr4	4600000	4700000	2336
EL10_2_Chr4	4700000	4800000	599
EL10_2_Chr4	4800000	4900000	911
EL10_2_Chr4	4900000	5000000	272
EL10_2_Chr4	5000000	5100000	1193
EL10_2_Chr4	5100000	5200000	5106
EL10_2_Chr4	5200000	5300000	2445
EL10_2_Chr4	5300000	5400000	1604
EL10_2_Chr4	5400000	5500000	2600
EL10_2_Chr4	5500000	5600000	1300
EL10_2_Chr4	5600000	5700000	889
EL10_2_Chr4	5700000	5800000	891
EL10_2_Chr4	5800000	5900000	2518
EL10_2_Chr4	5900000	6000000	3401
EL10_2_Chr4	6000000	6100000	2211
EL10_2_Chr4	6100000	6200000	804
EL10_2_Chr4	6200000	6300000	1977
EL10_2_Chr4	6300000	6400000	1746
EL10_2_Chr4	6400000	6500000	5261
EL10_2_Chr4	6500000	6600000	1837
EL10_2_Chr4	6600000	6700000	699
EL10_2_Chr4	6700000	6800000	1266
EL10_2_Chr4	6800000	6900000	2607
EL10_2_Chr4	6900000	7000000	1389
EL10_2_Chr4	7000000	7100000	396
EL10_2_Chr4	7100000	7200000	1079
EL10_2_Chr4	7200000	7300000	1778
EL10_2_Chr4	7300000	7400000	401
EL10_2_Chr4	7400000	7500000	621
EL10_2_Chr4	7500000	7600000	432
EL10_2_Chr4	7600000	7700000	814
EL10_2_Chr4	7700000	7800000	325
EL10_2_Chr4	7800000	7900000	1202
EL10_2_Chr4	7900000	8000000	3109
EL10_2_Chr4	8000000	8100000	2105
EL10_2_Chr4	8100000	8200000	1359
EL10_2_Chr4	8200000	8300000	2310
EL10_2_Chr4	8300000	8400000	2073
EL10_2_Chr4	8400000	8500000	895
EL10_2_Chr4	8500000	8600000	909
EL10_2_Chr4	8600000	8700000	1736
EL10_2_Chr4	8700000	8800000	2754
EL10_2_Chr4	8800000	8900000	2532
EL10_2_Chr4	8900000	9000000	1556
EL10_2_Chr4	9000000	9100000	1114
EL10_2_Chr4	9100000	9200000	410
EL10_2_Chr4	9200000	9300000	364
EL10_2_Chr4	9300000	9400000	1472
EL10_2_Chr4	9400000	9500000	2027
EL10_2_Chr4	9500000	9600000	3431
EL10_2_Chr4	9600000	9700000	3749
EL10_2_Chr4	9700000	9800000	1697
EL10_2_Chr4	9800000	9900000	413
EL10_2_Chr4	9900000	10000000	1134
EL10_2_Chr4	10000000	10100000	2659
EL10_2_Chr4	10100000	10200000	1170
EL10_2_Chr4	10200000	10300000	1743
EL10_2_Chr4	10300000	10400000	3671
EL10_2_Chr4	10400000	10500000	406
EL10_2_Chr4	10500000	10600000	1491
EL10_2_Chr4	10600000	10700000	.
EL10_2_Chr4	10700000	10800000	819
EL10_2_Chr4	10800000	10900000	.
EL10_2_Chr4	10900000	11000000	.
EL10_2_Chr4	11000000	11100000	510
EL10_2_Chr4	11100000	11200000	2228
EL10_2_Chr4	11200000	11300000	3099
EL10_2_Chr4	11300000	11400000	1444
EL10_2_Chr4	11400000	11500000	2389
EL10_2_Chr4	11500000	11600000	938
EL10_2_Chr4	11600000	11700000	1862
EL10_2_Chr4	11700000	11800000	1278
EL10_2_Chr4	11800000	11900000	1846
EL10_2_Chr4	11900000	12000000	1077
EL10_2_Chr4	12000000	12100000	1167
EL10_2_Chr4	12100000	12200000	1243
EL10_2_Chr4	12200000	12300000	1782
EL10_2_Chr4	12300000	12400000	1007
EL10_2_Chr4	12400000	12500000	1962
EL10_2_Chr4	12500000	12600000	287
EL10_2_Chr4	12600000	12700000	1287
EL10_2_Chr4	12700000	12800000	1383
EL10_2_Chr4	12800000	12900000	1860
EL10_2_Chr4	12900000	13000000	1590
EL10_2_Chr4	13000000	13100000	448
EL10_2_Chr4	13100000	13200000	467
EL10_2_Chr4	13200000	13300000	888
EL10_2_Chr4	13300000	13400000	4157
EL10_2_Chr4	13400000	13500000	930
EL10_2_Chr4	13500000	13600000	1156
EL10_2_Chr4	13600000	13700000	3069
EL10_2_Chr4	13700000	13800000	587
EL10_2_Chr4	13800000	13900000	273
EL10_2_Chr4	13900000	14000000	1610
EL10_2_Chr4	14000000	14100000	779
EL10_2_Chr4	14100000	14200000	992
EL10_2_Chr4	14200000	14300000	2181
EL10_2_Chr4	14300000	14400000	619
EL10_2_Chr4	14400000	14500000	2745
EL10_2_Chr4	14500000	14600000	167
EL10_2_Chr4	14600000	14700000	.
EL10_2_Chr4	14700000	14800000	229
EL10_2_Chr4	14800000	14900000	167
EL10_2_Chr4	14900000	15000000	764
EL10_2_Chr4	15000000	15100000	1984
EL10_2_Chr4	15100000	15200000	1170
EL10_2_Chr4	15200000	15300000	1482
EL10_2_Chr4	15300000	15400000	3001
EL10_2_Chr4	15400000	15500000	1363
EL10_2_Chr4	15500000	15600000	1234
EL10_2_Chr4	15600000	15700000	1866
EL10_2_Chr4	15700000	15800000	1101
EL10_2_Chr4	15800000	15900000	1218
EL10_2_Chr4	15900000	16000000	699
EL10_2_Chr4	16000000	16100000	355
EL10_2_Chr4	16100000	16200000	759
EL10_2_Chr4	16200000	16300000	1883
EL10_2_Chr4	16300000	16400000	650
EL10_2_Chr4	16400000	16500000	180
EL10_2_Chr4	16500000	16600000	394
EL10_2_Chr4	16600000	16700000	1474
EL10_2_Chr4	16700000	16800000	850
EL10_2_Chr4	16800000	16900000	138
EL10_2_Chr4	16900000	17000000	96
EL10_2_Chr4	17000000	17100000	1120
EL10_2_Chr4	17100000	17200000	584
EL10_2_Chr4	17200000	17300000	413
EL10_2_Chr4	17300000	17400000	528
EL10_2_Chr4	17400000	17500000	823
EL10_2_Chr4	17500000	17600000	141
EL10_2_Chr4	17600000	17700000	1387
EL10_2_Chr4	17700000	17800000	398
EL10_2_Chr4	17800000	17900000	1738
EL10_2_Chr4	17900000	18000000	1965
EL10_2_Chr4	18000000	18100000	2668
EL10_2_Chr4	18100000	18200000	1365
EL10_2_Chr4	18200000	18300000	147
EL10_2_Chr4	18300000	18400000	1118
EL10_2_Chr4	18400000	18500000	987
EL10_2_Chr4	18500000	18600000	1277
EL10_2_Chr4	18600000	18700000	1974
EL10_2_Chr4	18700000	18800000	735
EL10_2_Chr4	18800000	18900000	1001
EL10_2_Chr4	18900000	19000000	1542
EL10_2_Chr4	19000000	19100000	729
EL10_2_Chr4	19100000	19200000	742
EL10_2_Chr4	19200000	19300000	.
EL10_2_Chr4	19300000	19400000	.
EL10_2_Chr4	19400000	19500000	1947
EL10_2_Chr4	19500000	19600000	688
EL10_2_Chr4	19600000	19700000	1192
EL10_2_Chr4	19700000	19800000	873
EL10_2_Chr4	19800000	19900000	742
EL10_2_Chr4	19900000	20000000	.
EL10_2_Chr4	20000000	20100000	772
EL10_2_Chr4	20100000	20200000	.
EL10_2_Chr4	20200000	20300000	.
EL10_2_Chr4	20300000	20400000	1250
EL10_2_Chr4	20400000	20500000	944
EL10_2_Chr4	20500000	20600000	1302
EL10_2_Chr4	20600000	20700000	667
EL10_2_Chr4	20700000	20800000	1037
EL10_2_Chr4	20800000	20900000	438
EL10_2_Chr4	20900000	21000000	3354
EL10_2_Chr4	21000000	21100000	530
EL10_2_Chr4	21100000	21200000	1306
EL10_2_Chr4	21200000	21300000	722
EL10_2_Chr4	21300000	21400000	2173
EL10_2_Chr4	21400000	21500000	824
EL10_2_Chr4	21500000	21600000	2150
EL10_2_Chr4	21600000	21700000	306
EL10_2_Chr4	21700000	21800000	.
EL10_2_Chr4	21800000	21900000	413
EL10_2_Chr4	21900000	22000000	.
EL10_2_Chr4	22000000	22100000	598
EL10_2_Chr4	22100000	22200000	182
EL10_2_Chr4	22200000	22300000	583
EL10_2_Chr4	22300000	22400000	793
EL10_2_Chr4	22400000	22500000	400
EL10_2_Chr4	22500000	22600000	1131
EL10_2_Chr4	22600000	22700000	1116
EL10_2_Chr4	22700000	22800000	.
EL10_2_Chr4	22800000	22900000	1232
EL10_2_Chr4	22900000	23000000	434
EL10_2_Chr4	23000000	23100000	481
EL10_2_Chr4	23100000	23200000	856
EL10_2_Chr4	23200000	23300000	2944
EL10_2_Chr4	23300000	23400000	529
EL10_2_Chr4	23400000	23500000	934
EL10_2_Chr4	23500000	23600000	2138
EL10_2_Chr4	23600000	23700000	482
EL10_2_Chr4	23700000	23800000	761
EL10_2_Chr4	23800000	23900000	137
EL10_2_Chr4	23900000	24000000	722
EL10_2_Chr4	24000000	24100000	381
EL10_2_Chr4	24100000	24200000	321
EL10_2_Chr4	24200000	24300000	62
EL10_2_Chr4	24300000	24400000	1649
EL10_2_Chr4	24400000	24500000	1881
EL10_2_Chr4	24500000	24600000	1243
EL10_2_Chr4	24600000	24700000	1975
EL10_2_Chr4	24700000	24800000	897
EL10_2_Chr4	24800000	24900000	668
EL10_2_Chr4	24900000	25000000	1393
EL10_2_Chr4	25000000	25100000	480
EL10_2_Chr4	25100000	25200000	1700
EL10_2_Chr4	25200000	25300000	131
EL10_2_Chr4	25300000	25400000	436
EL10_2_Chr4	25400000	25500000	1000
EL10_2_Chr4	25500000	25600000	1461
EL10_2_Chr4	25600000	25700000	1075
EL10_2_Chr4	25700000	25800000	2351
EL10_2_Chr4	25800000	25900000	825
EL10_2_Chr4	25900000	26000000	276
EL10_2_Chr4	26000000	26100000	.
EL10_2_Chr4	26100000	26200000	679
EL10_2_Chr4	26200000	26300000	542
EL10_2_Chr4	26300000	26400000	140
EL10_2_Chr4	26400000	26500000	.
EL10_2_Chr4	26500000	26600000	.
EL10_2_Chr4	26600000	26700000	1255
EL10_2_Chr4	26700000	26800000	394
EL10_2_Chr4	26800000	26900000	.
EL10_2_Chr4	26900000	27000000	327
EL10_2_Chr4	27000000	27100000	.
EL10_2_Chr4	27100000	27200000	436
EL10_2_Chr4	27200000	27300000	864
EL10_2_Chr4	27300000	27400000	.
EL10_2_Chr4	27400000	27500000	2120
EL10_2_Chr4	27500000	27600000	474
EL10_2_Chr4	27600000	27700000	507
EL10_2_Chr4	27700000	27800000	547
EL10_2_Chr4	27800000	27900000	1179
EL10_2_Chr4	27900000	28000000	849
EL10_2_Chr4	28000000	28100000	1362
EL10_2_Chr4	28100000	28200000	154
EL10_2_Chr4	28200000	28300000	391
EL10_2_Chr4	28300000	28400000	884
EL10_2_Chr4	28400000	28500000	768
EL10_2_Chr4	28500000	28600000	371
EL10_2_Chr4	28600000	28700000	1261
EL10_2_Chr4	28700000	28800000	411
EL10_2_Chr4	28800000	28900000	563
EL10_2_Chr4	28900000	29000000	2733
EL10_2_Chr4	29000000	29100000	1015
EL10_2_Chr4	29100000	29200000	284
EL10_2_Chr4	29200000	29300000	185
EL10_2_Chr4	29300000	29400000	944
EL10_2_Chr4	29400000	29500000	408
EL10_2_Chr4	29500000	29600000	1420
EL10_2_Chr4	29600000	29700000	487
EL10_2_Chr4	29700000	29800000	.
EL10_2_Chr4	29800000	29900000	614
EL10_2_Chr4	29900000	30000000	754
EL10_2_Chr4	30000000	30100000	512
EL10_2_Chr4	30100000	30200000	1188
EL10_2_Chr4	30200000	30300000	283
EL10_2_Chr4	30300000	30400000	1552
EL10_2_Chr4	30400000	30500000	675
EL10_2_Chr4	30500000	30600000	.
EL10_2_Chr4	30600000	30700000	.
EL10_2_Chr4	30700000	30800000	848
EL10_2_Chr4	30800000	30900000	662
EL10_2_Chr4	30900000	31000000	517
EL10_2_Chr4	31000000	31100000	587
EL10_2_Chr4	31100000	31200000	143
EL10_2_Chr4	31200000	31300000	327
EL10_2_Chr4	31300000	31400000	647
EL10_2_Chr4	31400000	31500000	888
EL10_2_Chr4	31500000	31600000	160
EL10_2_Chr4	31600000	31700000	58
EL10_2_Chr4	31700000	31800000	651
EL10_2_Chr4	31800000	31900000	504
EL10_2_Chr4	31900000	32000000	929
EL10_2_Chr4	32000000	32100000	.
EL10_2_Chr4	32100000	32200000	654
EL10_2_Chr4	32200000	32300000	.
EL10_2_Chr4	32300000	32400000	.
EL10_2_Chr4	32400000	32500000	.
EL10_2_Chr4	32500000	32600000	.
EL10_2_Chr4	32600000	32700000	418
EL10_2_Chr4	32700000	32800000	.
EL10_2_Chr4	32800000	32900000	1010
EL10_2_Chr4	32900000	33000000	823
EL10_2_Chr4	33000000	33100000	723
EL10_2_Chr4	33100000	33200000	668
EL10_2_Chr4	33200000	33300000	613
EL10_2_Chr4	33300000	33400000	1634
EL10_2_Chr4	33400000	33500000	256
EL10_2_Chr4	33500000	33600000	993
EL10_2_Chr4	33600000	33700000	739
EL10_2_Chr4	33700000	33800000	2093
EL10_2_Chr4	33800000	33900000	.
EL10_2_Chr4	33900000	34000000	474
EL10_2_Chr4	34000000	34100000	255
EL10_2_Chr4	34100000	34200000	1653
EL10_2_Chr4	34200000	34300000	1456
EL10_2_Chr4	34300000	34400000	1430
EL10_2_Chr4	34400000	34500000	129
EL10_2_Chr4	34500000	34600000	1517
EL10_2_Chr4	34600000	34700000	3019
EL10_2_Chr4	34700000	34800000	529
EL10_2_Chr4	34800000	34900000	177
EL10_2_Chr4	34900000	35000000	.
EL10_2_Chr4	35000000	35100000	269
EL10_2_Chr4	35100000	35200000	.
EL10_2_Chr4	35200000	35300000	1002
EL10_2_Chr4	35300000	35400000	.
EL10_2_Chr4	35400000	35500000	273
EL10_2_Chr4	35500000	35600000	1005
EL10_2_Chr4	35600000	35700000	513
EL10_2_Chr4	35700000	35800000	1481
EL10_2_Chr4	35800000	35900000	.
EL10_2_Chr4	35900000	36000000	.
EL10_2_Chr4	36000000	36100000	400
EL10_2_Chr4	36100000	36200000	49
EL10_2_Chr4	36200000	36300000	914
EL10_2_Chr4	36300000	36400000	631
EL10_2_Chr4	36400000	36500000	1840
EL10_2_Chr4	36500000	36600000	1935
EL10_2_Chr4	36600000	36700000	770
EL10_2_Chr4	36700000	36800000	1045
EL10_2_Chr4	36800000	36900000	635
EL10_2_Chr4	36900000	37000000	904
EL10_2_Chr4	37000000	37100000	649
EL10_2_Chr4	37100000	37200000	1564
EL10_2_Chr4	37200000	37300000	3086
EL10_2_Chr4	37300000	37400000	349
EL10_2_Chr4	37400000	37500000	1087
EL10_2_Chr4	37500000	37600000	1076
EL10_2_Chr4	37600000	37700000	1377
EL10_2_Chr4	37700000	37800000	455
EL10_2_Chr4	37800000	37900000	612
EL10_2_Chr4	37900000	38000000	1219
EL10_2_Chr4	38000000	38100000	1989
EL10_2_Chr4	38100000	38200000	2694
EL10_2_Chr4	38200000	38300000	.
EL10_2_Chr4	38300000	38400000	88
EL10_2_Chr4	38400000	38500000	411
EL10_2_Chr4	38500000	38600000	677
EL10_2_Chr4	38600000	38700000	120
EL10_2_Chr4	38700000	38800000	682
EL10_2_Chr4	38800000	38900000	1722
EL10_2_Chr4	38900000	39000000	.
EL10_2_Chr4	39000000	39100000	.
EL10_2_Chr4	39100000	39200000	1210
EL10_2_Chr4	39200000	39300000	165
EL10_2_Chr4	39300000	39400000	1134
EL10_2_Chr4	39400000	39500000	1446
EL10_2_Chr4	39500000	39600000	990
EL10_2_Chr4	39600000	39700000	827
EL10_2_Chr4	39700000	39800000	957
EL10_2_Chr4	39800000	39900000	1075
EL10_2_Chr4	39900000	40000000	2318
EL10_2_Chr4	40000000	40100000	267
EL10_2_Chr4	40100000	40200000	350
EL10_2_Chr4	40200000	40300000	1502
EL10_2_Chr4	40300000	40400000	241
EL10_2_Chr4	40400000	40500000	328
EL10_2_Chr4	40500000	40600000	1109
EL10_2_Chr4	40600000	40700000	741
EL10_2_Chr4	40700000	40800000	1228
EL10_2_Chr4	40800000	40900000	.
EL10_2_Chr4	40900000	41000000	1612
EL10_2_Chr4	41000000	41100000	786
EL10_2_Chr4	41100000	41200000	1150
EL10_2_Chr4	41200000	41300000	.
EL10_2_Chr4	41300000	41400000	2262
EL10_2_Chr4	41400000	41500000	819
EL10_2_Chr4	41500000	41600000	1097
EL10_2_Chr4	41600000	41700000	1988
EL10_2_Chr4	41700000	41800000	1534
EL10_2_Chr4	41800000	41900000	1166
EL10_2_Chr4	41900000	42000000	148
EL10_2_Chr4	42000000	42100000	592
EL10_2_Chr4	42100000	42200000	1494
EL10_2_Chr4	42200000	42300000	238
EL10_2_Chr4	42300000	42400000	696
EL10_2_Chr4	42400000	42500000	575
EL10_2_Chr4	42500000	42600000	1229
EL10_2_Chr4	42600000	42700000	216
EL10_2_Chr4	42700000	42800000	.
EL10_2_Chr4	42800000	42900000	1197
EL10_2_Chr4	42900000	43000000	1965
EL10_2_Chr4	43000000	43100000	.
EL10_2_Chr4	43100000	43200000	1032
EL10_2_Chr4	43200000	43300000	2041
EL10_2_Chr4	43300000	43400000	116
EL10_2_Chr4	43400000	43500000	671
EL10_2_Chr4	43500000	43600000	458
EL10_2_Chr4	43600000	43700000	821
EL10_2_Chr4	43700000	43800000	1186
EL10_2_Chr4	43800000	43900000	67
EL10_2_Chr4	43900000	44000000	528
EL10_2_Chr4	44000000	44100000	842
EL10_2_Chr4	44100000	44200000	2506
EL10_2_Chr4	44200000	44300000	620
EL10_2_Chr4	44300000	44400000	399
EL10_2_Chr4	44400000	44500000	2274
EL10_2_Chr4	44500000	44600000	754
EL10_2_Chr4	44600000	44700000	.
EL10_2_Chr4	44700000	44800000	.
EL10_2_Chr4	44800000	44900000	307
EL10_2_Chr4	44900000	45000000	.
EL10_2_Chr4	45000000	45100000	311
EL10_2_Chr4	45100000	45200000	341
EL10_2_Chr4	45200000	45300000	826
EL10_2_Chr4	45300000	45400000	44
EL10_2_Chr4	45400000	45500000	1826
EL10_2_Chr4	45500000	45600000	697
EL10_2_Chr4	45600000	45700000	154
EL10_2_Chr4	45700000	45800000	3380
EL10_2_Chr4	45800000	45900000	217
EL10_2_Chr4	45900000	46000000	1827
EL10_2_Chr4	46000000	46100000	353
EL10_2_Chr4	46100000	46200000	528
EL10_2_Chr4	46200000	46300000	230
EL10_2_Chr4	46300000	46400000	419
EL10_2_Chr4	46400000	46500000	2419
EL10_2_Chr4	46500000	46600000	420
EL10_2_Chr4	46600000	46700000	2004
EL10_2_Chr4	46700000	46800000	2194
EL10_2_Chr4	46800000	46900000	915
EL10_2_Chr4	46900000	47000000	753
EL10_2_Chr4	47000000	47100000	.
EL10_2_Chr4	47100000	47200000	1094
EL10_2_Chr4	47200000	47300000	1630
EL10_2_Chr4	47300000	47400000	2569
EL10_2_Chr4	47400000	47500000	2290
EL10_2_Chr4	47500000	47600000	433
EL10_2_Chr4	47600000	47700000	1634
EL10_2_Chr4	47700000	47800000	1781
EL10_2_Chr4	47800000	47900000	721
EL10_2_Chr4	47900000	48000000	1893
EL10_2_Chr4	48000000	48100000	2669
EL10_2_Chr4	48100000	48200000	1685
EL10_2_Chr4	48200000	48300000	1217
EL10_2_Chr4	48300000	48400000	978
EL10_2_Chr4	48400000	48500000	2357
EL10_2_Chr4	48500000	48600000	1250
EL10_2_Chr4	48600000	48700000	750
EL10_2_Chr4	48700000	48800000	2370
EL10_2_Chr4	48800000	48900000	1951
EL10_2_Chr4	48900000	49000000	2338
EL10_2_Chr4	49000000	49100000	1705
EL10_2_Chr4	49100000	49200000	2087
EL10_2_Chr4	49200000	49300000	2422
EL10_2_Chr4	49300000	49400000	.
EL10_2_Chr4	49400000	49500000	574
EL10_2_Chr4	49500000	49600000	1749
EL10_2_Chr4	49600000	49700000	1534
EL10_2_Chr4	49700000	49800000	439
EL10_2_Chr4	49800000	49900000	.
EL10_2_Chr4	49900000	50000000	123
EL10_2_Chr4	50000000	50100000	2274
EL10_2_Chr4	50100000	50200000	4904
EL10_2_Chr4	50200000	50300000	517
EL10_2_Chr4	50300000	50400000	909
EL10_2_Chr4	50400000	50500000	1941
EL10_2_Chr4	50500000	50600000	2147
EL10_2_Chr4	50600000	50700000	.
EL10_2_Chr4	50700000	50800000	.
EL10_2_Chr4	50800000	50900000	.
EL10_2_Chr4	50900000	51000000	.
EL10_2_Chr4	51000000	51100000	1452
EL10_2_Chr4	51100000	51200000	3292
EL10_2_Chr4	51200000	51300000	751
EL10_2_Chr4	51300000	51400000	1336
EL10_2_Chr4	51400000	51500000	1932
EL10_2_Chr4	51500000	51600000	1623
EL10_2_Chr4	51600000	51700000	1003
EL10_2_Chr4	51700000	51800000	1329
EL10_2_Chr4	51800000	51900000	375
EL10_2_Chr4	51900000	52000000	1270
EL10_2_Chr4	52000000	52100000	1528
EL10_2_Chr4	52100000	52200000	1235
EL10_2_Chr4	52200000	52300000	1707
EL10_2_Chr4	52300000	52400000	4811
EL10_2_Chr4	52400000	52500000	4034
EL10_2_Chr4	52500000	52600000	4687
EL10_2_Chr4	52600000	52700000	4719
EL10_2_Chr4	52700000	52800000	5094
EL10_2_Chr4	52800000	52900000	2504
EL10_2_Chr4	52900000	53000000	3108
EL10_2_Chr4	53000000	53100000	1966
EL10_2_Chr4	53100000	53200000	1536
EL10_2_Chr4	53200000	53300000	1945
EL10_2_Chr4	53300000	53400000	3091
EL10_2_Chr4	53400000	53500000	1316
EL10_2_Chr4	53500000	53600000	1473
EL10_2_Chr4	53600000	53700000	1958
EL10_2_Chr4	53700000	53800000	993
EL10_2_Chr4	53800000	53900000	3239
EL10_2_Chr4	53900000	54000000	3686
EL10_2_Chr4	54000000	54100000	3061
EL10_2_Chr4	54100000	54200000	1106
EL10_2_Chr4	54200000	54300000	3082
EL10_2_Chr4	54300000	54400000	2174
EL10_2_Chr4	54400000	54500000	2313
EL10_2_Chr4	54500000	54600000	1253
EL10_2_Chr4	54600000	54700000	1618
EL10_2_Chr4	54700000	54800000	2446
EL10_2_Chr4	54800000	54900000	1447
EL10_2_Chr4	54900000	55000000	5013
EL10_2_Chr4	55000000	55100000	2378
EL10_2_Chr4	55100000	55200000	3868
EL10_2_Chr4	55200000	55300000	3469
EL10_2_Chr4	55300000	55400000	3324
EL10_2_Chr4	55400000	55500000	3072
EL10_2_Chr4	55500000	55600000	3422
EL10_2_Chr4	55600000	55700000	3778
EL10_2_Chr4	55700000	55800000	2040
EL10_2_Chr4	55800000	55900000	875
EL10_2_Chr4	55900000	56000000	3216
EL10_2_Chr4	56000000	56100000	1178
EL10_2_Chr4	56100000	56200000	869
EL10_2_Chr4	56200000	56300000	1256
EL10_2_Chr4	56300000	56400000	2437
EL10_2_Chr4	56400000	56500000	1736
EL10_2_Chr4	56500000	56600000	2996
EL10_2_Chr4	56600000	56700000	577
EL10_2_Chr4	56700000	56800000	3921
EL10_2_Chr4	56800000	56900000	1965
EL10_2_Chr4	56900000	57000000	1600
EL10_2_Chr4	57000000	57100000	2780
EL10_2_Chr4	57100000	57200000	1913
EL10_2_Chr4	57200000	57300000	1457
EL10_2_Chr4	57300000	57400000	4425
EL10_2_Chr4	57400000	57500000	2885
EL10_2_Chr4	57500000	57600000	3850
EL10_2_Chr4	57600000	57700000	3567
EL10_2_Chr4	57700000	57800000	3907
EL10_2_Chr4	57800000	57900000	3193
EL10_2_Chr4	57900000	58000000	3483
EL10_2_Chr4	58000000	58100000	3240
EL10_2_Chr4	58100000	58200000	4844
EL10_2_Chr4	58200000	58300000	6406
EL10_2_Chr4	58300000	58400000	4939
EL10_2_Chr4	58400000	58500000	1952
EL10_2_Chr4	58500000	58600000	2061
EL10_2_Chr4	58600000	58700000	3480
EL10_2_Chr4	58700000	58800000	5886
EL10_2_Chr4	58800000	58900000	6144
EL10_2_Chr4	58900000	59000000	3566
EL10_2_Chr4	59000000	59100000	3631
EL10_2_Chr4	59100000	59200000	2617
EL10_2_Chr4	59200000	59300000	2075
EL10_2_Chr4	59300000	59400000	4565
EL10_2_Chr4	59400000	59500000	1728
EL10_2_Chr4	59500000	59600000	2372
EL10_2_Chr4	59600000	59700000	5320
EL10_2_Chr4	59700000	59800000	3120
EL10_2_Chr4	59800000	59900000	4208
EL10_2_Chr4	59900000	60000000	3838
EL10_2_Chr4	60000000	60100000	3036
EL10_2_Chr4	60100000	60200000	3221
EL10_2_Chr4	60200000	60300000	2205
EL10_2_Chr4	60300000	60400000	5452
EL10_2_Chr4	60400000	60500000	5628
EL10_2_Chr4	60500000	60600000	5674
EL10_2_Chr4	60600000	60700000	5695
EL10_2_Chr4	60700000	60800000	3690
EL10_2_Chr4	60800000	60900000	4842
EL10_2_Chr4	60900000	61000000	3629
EL10_2_Chr4	61000000	61100000	4809
EL10_2_Chr4	61100000	61200000	4949
EL10_2_Chr4	61200000	61300000	3765
EL10_2_Chr4	61300000	61400000	5935
EL10_2_Chr4	61400000	61500000	5375
EL10_2_Chr4	61500000	61600000	6549
EL10_2_Chr4	61600000	61700000	3220
EL10_2_Chr4	61700000	61800000	5518
EL10_2_Chr4	61800000	61900000	3799
EL10_2_Chr4	61900000	62000000	5464
EL10_2_Chr4	62000000	62100000	3238
EL10_2_Chr4	62100000	62200000	913
EL10_2_Chr4	62200000	62300000	3104
EL10_2_Chr4	62300000	62400000	4330
EL10_2_Chr4	62400000	62500000	2751
EL10_2_Chr4	62500000	62600000	2326
EL10_2_Chr4	62600000	62700000	3581
EL10_2_Chr4	62700000	62800000	5067
EL10_2_Chr4	62800000	62900000	4898
EL10_2_Chr4	62900000	63000000	3322
EL10_2_Chr4	63000000	63100000	2435
EL10_2_Chr4	63100000	63200000	2653
EL10_2_Chr4	63200000	63300000	3889
EL10_2_Chr4	63300000	63400000	2108
EL10_2_Chr4	63400000	63500000	.
EL10_2_Chr4	63500000	63600000	.
EL10_2_Chr4	63600000	63700000	899
EL10_2_Chr4	63700000	63800000	3828
EL10_2_Chr4	63800000	63900000	3908
EL10_2_Chr4	63900000	64000000	2525
EL10_2_Chr4	64000000	64100000	3606
EL10_2_Chr4	64100000	64200000	3143
EL10_2_Chr4	64200000	64300000	5183
EL10_2_Chr4	64300000	64400000	4943
EL10_2_Chr4	64400000	64500000	3111
EL10_2_Chr4	64500000	64600000	4485
EL10_2_Chr4	64600000	64700000	1908
EL10_2_Chr4	64700000	64800000	3305
EL10_2_Chr4	64800000	64900000	3241
EL10_2_Chr4	64900000	65000000	3115
EL10_2_Chr4	65000000	65100000	.
EL10_2_Chr4	65100000	65200000	.
EL10_2_Chr4	65200000	65300000	.
EL10_2_Chr4	65300000	65400000	274
EL10_2_Chr4	65400000	65500000	4872
EL10_2_Chr4	65500000	65600000	4511
EL10_2_Chr4	65600000	65700000	1941
EL10_2_Chr4	65700000	65800000	3368
EL10_2_Chr4	65800000	65900000	4501
EL10_2_Chr4	65900000	66000000	5148
EL10_2_Chr4	66000000	66100000	7654
EL10_2_Chr4	66100000	66200000	5168
EL10_2_Chr4	66200000	66300000	3430
EL10_2_Chr4	66300000	66344488	94
EL10_2_Chr5	0	100000	3718
EL10_2_Chr5	100000	200000	3640
EL10_2_Chr5	200000	300000	4150
EL10_2_Chr5	300000	400000	3202
EL10_2_Chr5	400000	500000	995
EL10_2_Chr5	500000	600000	2679
EL10_2_Chr5	600000	700000	855
EL10_2_Chr5	700000	800000	2165
EL10_2_Chr5	800000	900000	2982
EL10_2_Chr5	900000	1000000	3571
EL10_2_Chr5	1000000	1100000	1786
EL10_2_Chr5	1100000	1200000	3463
EL10_2_Chr5	1200000	1300000	1752
EL10_2_Chr5	1300000	1400000	1901
EL10_2_Chr5	1400000	1500000	5298
EL10_2_Chr5	1500000	1600000	4053
EL10_2_Chr5	1600000	1700000	4830
EL10_2_Chr5	1700000	1800000	2391
EL10_2_Chr5	1800000	1900000	4617
EL10_2_Chr5	1900000	2000000	1929
EL10_2_Chr5	2000000	2100000	3968
EL10_2_Chr5	2100000	2200000	3281
EL10_2_Chr5	2200000	2300000	2655
EL10_2_Chr5	2300000	2400000	2240
EL10_2_Chr5	2400000	2500000	1796
EL10_2_Chr5	2500000	2600000	2900
EL10_2_Chr5	2600000	2700000	5497
EL10_2_Chr5	2700000	2800000	4743
EL10_2_Chr5	2800000	2900000	2110
EL10_2_Chr5	2900000	3000000	4680
EL10_2_Chr5	3000000	3100000	5272
EL10_2_Chr5	3100000	3200000	3726
EL10_2_Chr5	3200000	3300000	2254
EL10_2_Chr5	3300000	3400000	3002
EL10_2_Chr5	3400000	3500000	2209
EL10_2_Chr5	3500000	3600000	1783
EL10_2_Chr5	3600000	3700000	2602
EL10_2_Chr5	3700000	3800000	3507
EL10_2_Chr5	3800000	3900000	3201
EL10_2_Chr5	3900000	4000000	999
EL10_2_Chr5	4000000	4100000	3466
EL10_2_Chr5	4100000	4200000	6307
EL10_2_Chr5	4200000	4300000	2947
EL10_2_Chr5	4300000	4400000	2686
EL10_2_Chr5	4400000	4500000	4470
EL10_2_Chr5	4500000	4600000	4111
EL10_2_Chr5	4600000	4700000	3120
EL10_2_Chr5	4700000	4800000	4496
EL10_2_Chr5	4800000	4900000	1184
EL10_2_Chr5	4900000	5000000	3097
EL10_2_Chr5	5000000	5100000	4140
EL10_2_Chr5	5100000	5200000	2478
EL10_2_Chr5	5200000	5300000	2345
EL10_2_Chr5	5300000	5400000	990
EL10_2_Chr5	5400000	5500000	2002
EL10_2_Chr5	5500000	5600000	2437
EL10_2_Chr5	5600000	5700000	1969
EL10_2_Chr5	5700000	5800000	1691
EL10_2_Chr5	5800000	5900000	4450
EL10_2_Chr5	5900000	6000000	1377
EL10_2_Chr5	6000000	6100000	2226
EL10_2_Chr5	6100000	6200000	1937
EL10_2_Chr5	6200000	6300000	2876
EL10_2_Chr5	6300000	6400000	2478
EL10_2_Chr5	6400000	6500000	3599
EL10_2_Chr5	6500000	6600000	3422
EL10_2_Chr5	6600000	6700000	2636
EL10_2_Chr5	6700000	6800000	358
EL10_2_Chr5	6800000	6900000	2290
EL10_2_Chr5	6900000	7000000	2361
EL10_2_Chr5	7000000	7100000	1428
EL10_2_Chr5	7100000	7200000	2843
EL10_2_Chr5	7200000	7300000	1098
EL10_2_Chr5	7300000	7400000	2468
EL10_2_Chr5	7400000	7500000	3164
EL10_2_Chr5	7500000	7600000	3530
EL10_2_Chr5	7600000	7700000	3188
EL10_2_Chr5	7700000	7800000	3593
EL10_2_Chr5	7800000	7900000	2929
EL10_2_Chr5	7900000	8000000	1045
EL10_2_Chr5	8000000	8100000	4538
EL10_2_Chr5	8100000	8200000	2376
EL10_2_Chr5	8200000	8300000	4469
EL10_2_Chr5	8300000	8400000	2620
EL10_2_Chr5	8400000	8500000	3287
EL10_2_Chr5	8500000	8600000	1084
EL10_2_Chr5	8600000	8700000	100
EL10_2_Chr5	8700000	8800000	1786
EL10_2_Chr5	8800000	8900000	1188
EL10_2_Chr5	8900000	9000000	2430
EL10_2_Chr5	9000000	9100000	3519
EL10_2_Chr5	9100000	9200000	655
EL10_2_Chr5	9200000	9300000	1704
EL10_2_Chr5	9300000	9400000	2898
EL10_2_Chr5	9400000	9500000	1959
EL10_2_Chr5	9500000	9600000	654
EL10_2_Chr5	9600000	9700000	1930
EL10_2_Chr5	9700000	9800000	2624
EL10_2_Chr5	9800000	9900000	3847
EL10_2_Chr5	9900000	10000000	1832
EL10_2_Chr5	10000000	10100000	1897
EL10_2_Chr5	10100000	10200000	4637
EL10_2_Chr5	10200000	10300000	1706
EL10_2_Chr5	10300000	10400000	1422
EL10_2_Chr5	10400000	10500000	556
EL10_2_Chr5	10500000	10600000	2783
EL10_2_Chr5	10600000	10700000	2498
EL10_2_Chr5	10700000	10800000	775
EL10_2_Chr5	10800000	10900000	242
EL10_2_Chr5	10900000	11000000	1848
EL10_2_Chr5	11000000	11100000	1521
EL10_2_Chr5	11100000	11200000	1753
EL10_2_Chr5	11200000	11300000	1223
EL10_2_Chr5	11300000	11400000	1465
EL10_2_Chr5	11400000	11500000	1231
EL10_2_Chr5	11500000	11600000	459
EL10_2_Chr5	11600000	11700000	1085
EL10_2_Chr5	11700000	11800000	603
EL10_2_Chr5	11800000	11900000	3180
EL10_2_Chr5	11900000	12000000	1905
EL10_2_Chr5	12000000	12100000	1595
EL10_2_Chr5	12100000	12200000	2842
EL10_2_Chr5	12200000	12300000	1831
EL10_2_Chr5	12300000	12400000	3194
EL10_2_Chr5	12400000	12500000	1639
EL10_2_Chr5	12500000	12600000	.
EL10_2_Chr5	12600000	12700000	1549
EL10_2_Chr5	12700000	12800000	751
EL10_2_Chr5	12800000	12900000	1258
EL10_2_Chr5	12900000	13000000	2516
EL10_2_Chr5	13000000	13100000	877
EL10_2_Chr5	13100000	13200000	2958
EL10_2_Chr5	13200000	13300000	258
EL10_2_Chr5	13300000	13400000	1248
EL10_2_Chr5	13400000	13500000	3858
EL10_2_Chr5	13500000	13600000	1452
EL10_2_Chr5	13600000	13700000	.
EL10_2_Chr5	13700000	13800000	341
EL10_2_Chr5	13800000	13900000	1303
EL10_2_Chr5	13900000	14000000	3463
EL10_2_Chr5	14000000	14100000	682
EL10_2_Chr5	14100000	14200000	13
EL10_2_Chr5	14200000	14300000	1499
EL10_2_Chr5	14300000	14400000	3620
EL10_2_Chr5	14400000	14500000	1872
EL10_2_Chr5	14500000	14600000	859
EL10_2_Chr5	14600000	14700000	2442
EL10_2_Chr5	14700000	14800000	2445
EL10_2_Chr5	14800000	14900000	669
EL10_2_Chr5	14900000	15000000	545
EL10_2_Chr5	15000000	15100000	884
EL10_2_Chr5	15100000	15200000	719
EL10_2_Chr5	15200000	15300000	1957
EL10_2_Chr5	15300000	15400000	.
EL10_2_Chr5	15400000	15500000	2279
EL10_2_Chr5	15500000	15600000	1029
EL10_2_Chr5	15600000	15700000	1891
EL10_2_Chr5	15700000	15800000	570
EL10_2_Chr5	15800000	15900000	6884
EL10_2_Chr5	15900000	16000000	960
EL10_2_Chr5	16000000	16100000	1909
EL10_2_Chr5	16100000	16200000	932
EL10_2_Chr5	16200000	16300000	178
EL10_2_Chr5	16300000	16400000	2066
EL10_2_Chr5	16400000	16500000	2229
EL10_2_Chr5	16500000	16600000	235
EL10_2_Chr5	16600000	16700000	833
EL10_2_Chr5	16700000	16800000	650
EL10_2_Chr5	16800000	16900000	2344
EL10_2_Chr5	16900000	17000000	1047
EL10_2_Chr5	17000000	17100000	.
EL10_2_Chr5	17100000	17200000	178
EL10_2_Chr5	17200000	17300000	1108
EL10_2_Chr5	17300000	17400000	769
EL10_2_Chr5	17400000	17500000	1927
EL10_2_Chr5	17500000	17600000	1750
EL10_2_Chr5	17600000	17700000	561
EL10_2_Chr5	17700000	17800000	343
EL10_2_Chr5	17800000	17900000	1029
EL10_2_Chr5	17900000	18000000	334
EL10_2_Chr5	18000000	18100000	.
EL10_2_Chr5	18100000	18200000	.
EL10_2_Chr5	18200000	18300000	1470
EL10_2_Chr5	18300000	18400000	866
EL10_2_Chr5	18400000	18500000	759
EL10_2_Chr5	18500000	18600000	1929
EL10_2_Chr5	18600000	18700000	1015
EL10_2_Chr5	18700000	18800000	1797
EL10_2_Chr5	18800000	18900000	1037
EL10_2_Chr5	18900000	19000000	159
EL10_2_Chr5	19000000	19100000	1711
EL10_2_Chr5	19100000	19200000	1858
EL10_2_Chr5	19200000	19300000	.
EL10_2_Chr5	19300000	19400000	1120
EL10_2_Chr5	19400000	19500000	.
EL10_2_Chr5	19500000	19600000	399
EL10_2_Chr5	19600000	19700000	1320
EL10_2_Chr5	19700000	19800000	813
EL10_2_Chr5	19800000	19900000	964
EL10_2_Chr5	19900000	20000000	1309
EL10_2_Chr5	20000000	20100000	2913
EL10_2_Chr5	20100000	20200000	978
EL10_2_Chr5	20200000	20300000	1013
EL10_2_Chr5	20300000	20400000	2812
EL10_2_Chr5	20400000	20500000	3375
EL10_2_Chr5	20500000	20600000	2241
EL10_2_Chr5	20600000	20700000	1108
EL10_2_Chr5	20700000	20800000	.
EL10_2_Chr5	20800000	20900000	802
EL10_2_Chr5	20900000	21000000	892
EL10_2_Chr5	21000000	21100000	1226
EL10_2_Chr5	21100000	21200000	1089
EL10_2_Chr5	21200000	21300000	1302
EL10_2_Chr5	21300000	21400000	1684
EL10_2_Chr5	21400000	21500000	1551
EL10_2_Chr5	21500000	21600000	2023
EL10_2_Chr5	21600000	21700000	997
EL10_2_Chr5	21700000	21800000	567
EL10_2_Chr5	21800000	21900000	677
EL10_2_Chr5	21900000	22000000	1222
EL10_2_Chr5	22000000	22100000	743
EL10_2_Chr5	22100000	22200000	2618
EL10_2_Chr5	22200000	22300000	1031
EL10_2_Chr5	22300000	22400000	539
EL10_2_Chr5	22400000	22500000	.
EL10_2_Chr5	22500000	22600000	207
EL10_2_Chr5	22600000	22700000	522
EL10_2_Chr5	22700000	22800000	3046
EL10_2_Chr5	22800000	22900000	2155
EL10_2_Chr5	22900000	23000000	2148
EL10_2_Chr5	23000000	23100000	1774
EL10_2_Chr5	23100000	23200000	750
EL10_2_Chr5	23200000	23300000	1661
EL10_2_Chr5	23300000	23400000	1804
EL10_2_Chr5	23400000	23500000	1598
EL10_2_Chr5	23500000	23600000	288
EL10_2_Chr5	23600000	23700000	1444
EL10_2_Chr5	23700000	23800000	1944
EL10_2_Chr5	23800000	23900000	755
EL10_2_Chr5	23900000	24000000	1050
EL10_2_Chr5	24000000	24100000	1415
EL10_2_Chr5	24100000	24200000	1553
EL10_2_Chr5	24200000	24300000	1310
EL10_2_Chr5	24300000	24400000	495
EL10_2_Chr5	24400000	24500000	.
EL10_2_Chr5	24500000	24600000	1261
EL10_2_Chr5	24600000	24700000	1274
EL10_2_Chr5	24700000	24800000	498
EL10_2_Chr5	24800000	24900000	1120
EL10_2_Chr5	24900000	25000000	1028
EL10_2_Chr5	25000000	25100000	1263
EL10_2_Chr5	25100000	25200000	651
EL10_2_Chr5	25200000	25300000	889
EL10_2_Chr5	25300000	25400000	.
EL10_2_Chr5	25400000	25500000	1007
EL10_2_Chr5	25500000	25600000	841
EL10_2_Chr5	25600000	25700000	.
EL10_2_Chr5	25700000	25800000	2677
EL10_2_Chr5	25800000	25900000	674
EL10_2_Chr5	25900000	26000000	253
EL10_2_Chr5	26000000	26100000	547
EL10_2_Chr5	26100000	26200000	627
EL10_2_Chr5	26200000	26300000	1235
EL10_2_Chr5	26300000	26400000	2354
EL10_2_Chr5	26400000	26500000	1316
EL10_2_Chr5	26500000	26600000	916
EL10_2_Chr5	26600000	26700000	1008
EL10_2_Chr5	26700000	26800000	488
EL10_2_Chr5	26800000	26900000	1829
EL10_2_Chr5	26900000	27000000	2149
EL10_2_Chr5	27000000	27100000	2659
EL10_2_Chr5	27100000	27200000	1227
EL10_2_Chr5	27200000	27300000	1163
EL10_2_Chr5	27300000	27400000	1494
EL10_2_Chr5	27400000	27500000	772
EL10_2_Chr5	27500000	27600000	1517
EL10_2_Chr5	27600000	27700000	620
EL10_2_Chr5	27700000	27800000	167
EL10_2_Chr5	27800000	27900000	637
EL10_2_Chr5	27900000	28000000	2260
EL10_2_Chr5	28000000	28100000	788
EL10_2_Chr5	28100000	28200000	1069
EL10_2_Chr5	28200000	28300000	1409
EL10_2_Chr5	28300000	28400000	1148
EL10_2_Chr5	28400000	28500000	1388
EL10_2_Chr5	28500000	28600000	288
EL10_2_Chr5	28600000	28700000	2791
EL10_2_Chr5	28700000	28800000	962
EL10_2_Chr5	28800000	28900000	250
EL10_2_Chr5	28900000	29000000	1251
EL10_2_Chr5	29000000	29100000	1072
EL10_2_Chr5	29100000	29200000	883
EL10_2_Chr5	29200000	29300000	.
EL10_2_Chr5	29300000	29400000	.
EL10_2_Chr5	29400000	29500000	94
EL10_2_Chr5	29500000	29600000	141
EL10_2_Chr5	29600000	29700000	1168
EL10_2_Chr5	29700000	29800000	834
EL10_2_Chr5	29800000	29900000	.
EL10_2_Chr5	29900000	30000000	.
EL10_2_Chr5	30000000	30100000	694
EL10_2_Chr5	30100000	30200000	320
EL10_2_Chr5	30200000	30300000	1550
EL10_2_Chr5	30300000	30400000	758
EL10_2_Chr5	30400000	30500000	1545
EL10_2_Chr5	30500000	30600000	563
EL10_2_Chr5	30600000	30700000	277
EL10_2_Chr5	30700000	30800000	.
EL10_2_Chr5	30800000	30900000	.
EL10_2_Chr5	30900000	31000000	.
EL10_2_Chr5	31000000	31100000	292
EL10_2_Chr5	31100000	31200000	.
EL10_2_Chr5	31200000	31300000	231
EL10_2_Chr5	31300000	31400000	.
EL10_2_Chr5	31400000	31500000	.
EL10_2_Chr5	31500000	31600000	6846
EL10_2_Chr5	31600000	31700000	3655
EL10_2_Chr5	31700000	31800000	1005
EL10_2_Chr5	31800000	31900000	510
EL10_2_Chr5	31900000	32000000	2184
EL10_2_Chr5	32000000	32100000	583
EL10_2_Chr5	32100000	32200000	49
EL10_2_Chr5	32200000	32300000	572
EL10_2_Chr5	32300000	32400000	.
EL10_2_Chr5	32400000	32500000	929
EL10_2_Chr5	32500000	32600000	294
EL10_2_Chr5	32600000	32700000	1025
EL10_2_Chr5	32700000	32800000	.
EL10_2_Chr5	32800000	32900000	518
EL10_2_Chr5	32900000	33000000	232
EL10_2_Chr5	33000000	33100000	273
EL10_2_Chr5	33100000	33200000	170
EL10_2_Chr5	33200000	33300000	965
EL10_2_Chr5	33300000	33400000	742
EL10_2_Chr5	33400000	33500000	193
EL10_2_Chr5	33500000	33600000	1981
EL10_2_Chr5	33600000	33700000	472
EL10_2_Chr5	33700000	33800000	1053
EL10_2_Chr5	33800000	33900000	102
EL10_2_Chr5	33900000	34000000	.
EL10_2_Chr5	34000000	34100000	118
EL10_2_Chr5	34100000	34200000	1154
EL10_2_Chr5	34200000	34300000	123
EL10_2_Chr5	34300000	34400000	844
EL10_2_Chr5	34400000	34500000	472
EL10_2_Chr5	34500000	34600000	903
EL10_2_Chr5	34600000	34700000	499
EL10_2_Chr5	34700000	34800000	1197
EL10_2_Chr5	34800000	34900000	306
EL10_2_Chr5	34900000	35000000	568
EL10_2_Chr5	35000000	35100000	51
EL10_2_Chr5	35100000	35200000	1380
EL10_2_Chr5	35200000	35300000	.
EL10_2_Chr5	35300000	35400000	815
EL10_2_Chr5	35400000	35500000	442
EL10_2_Chr5	35500000	35600000	481
EL10_2_Chr5	35600000	35700000	1409
EL10_2_Chr5	35700000	35800000	1327
EL10_2_Chr5	35800000	35900000	310
EL10_2_Chr5	35900000	36000000	891
EL10_2_Chr5	36000000	36100000	302
EL10_2_Chr5	36100000	36200000	.
EL10_2_Chr5	36200000	36300000	730
EL10_2_Chr5	36300000	36400000	261
EL10_2_Chr5	36400000	36500000	1555
EL10_2_Chr5	36500000	36600000	883
EL10_2_Chr5	36600000	36700000	262
EL10_2_Chr5	36700000	36800000	.
EL10_2_Chr5	36800000	36900000	338
EL10_2_Chr5	36900000	37000000	.
EL10_2_Chr5	37000000	37100000	205
EL10_2_Chr5	37100000	37200000	207
EL10_2_Chr5	37200000	37300000	.
EL10_2_Chr5	37300000	37400000	423
EL10_2_Chr5	37400000	37500000	617
EL10_2_Chr5	37500000	37600000	.
EL10_2_Chr5	37600000	37700000	396
EL10_2_Chr5	37700000	37800000	641
EL10_2_Chr5	37800000	37900000	.
EL10_2_Chr5	37900000	38000000	956
EL10_2_Chr5	38000000	38100000	976
EL10_2_Chr5	38100000	38200000	775
EL10_2_Chr5	38200000	38300000	876
EL10_2_Chr5	38300000	38400000	277
EL10_2_Chr5	38400000	38500000	270
EL10_2_Chr5	38500000	38600000	952
EL10_2_Chr5	38600000	38700000	434
EL10_2_Chr5	38700000	38800000	247
EL10_2_Chr5	38800000	38900000	517
EL10_2_Chr5	38900000	39000000	211
EL10_2_Chr5	39000000	39100000	311
EL10_2_Chr5	39100000	39200000	297
EL10_2_Chr5	39200000	39300000	1253
EL10_2_Chr5	39300000	39400000	870
EL10_2_Chr5	39400000	39500000	244
EL10_2_Chr5	39500000	39600000	639
EL10_2_Chr5	39600000	39700000	2346
EL10_2_Chr5	39700000	39800000	385
EL10_2_Chr5	39800000	39900000	654
EL10_2_Chr5	39900000	40000000	542
EL10_2_Chr5	40000000	40100000	.
EL10_2_Chr5	40100000	40200000	256
EL10_2_Chr5	40200000	40300000	2023
EL10_2_Chr5	40300000	40400000	696
EL10_2_Chr5	40400000	40500000	1344
EL10_2_Chr5	40500000	40600000	389
EL10_2_Chr5	40600000	40700000	273
EL10_2_Chr5	40700000	40800000	873
EL10_2_Chr5	40800000	40900000	1457
EL10_2_Chr5	40900000	41000000	1036
EL10_2_Chr5	41000000	41100000	491
EL10_2_Chr5	41100000	41200000	.
EL10_2_Chr5	41200000	41300000	757
EL10_2_Chr5	41300000	41400000	495
EL10_2_Chr5	41400000	41500000	159
EL10_2_Chr5	41500000	41600000	1728
EL10_2_Chr5	41600000	41700000	481
EL10_2_Chr5	41700000	41800000	473
EL10_2_Chr5	41800000	41900000	399
EL10_2_Chr5	41900000	42000000	1105
EL10_2_Chr5	42000000	42100000	431
EL10_2_Chr5	42100000	42200000	.
EL10_2_Chr5	42200000	42300000	1690
EL10_2_Chr5	42300000	42400000	501
EL10_2_Chr5	42400000	42500000	2689
EL10_2_Chr5	42500000	42600000	1745
EL10_2_Chr5	42600000	42700000	951
EL10_2_Chr5	42700000	42800000	306
EL10_2_Chr5	42800000	42900000	1468
EL10_2_Chr5	42900000	43000000	1080
EL10_2_Chr5	43000000	43100000	258
EL10_2_Chr5	43100000	43200000	831
EL10_2_Chr5	43200000	43300000	1483
EL10_2_Chr5	43300000	43400000	825
EL10_2_Chr5	43400000	43500000	1591
EL10_2_Chr5	43500000	43600000	.
EL10_2_Chr5	43600000	43700000	1146
EL10_2_Chr5	43700000	43800000	338
EL10_2_Chr5	43800000	43900000	923
EL10_2_Chr5	43900000	44000000	945
EL10_2_Chr5	44000000	44100000	1168
EL10_2_Chr5	44100000	44200000	1395
EL10_2_Chr5	44200000	44300000	760
EL10_2_Chr5	44300000	44400000	1387
EL10_2_Chr5	44400000	44500000	1994
EL10_2_Chr5	44500000	44600000	.
EL10_2_Chr5	44600000	44700000	1595
EL10_2_Chr5	44700000	44800000	995
EL10_2_Chr5	44800000	44900000	1682
EL10_2_Chr5	44900000	45000000	1535
EL10_2_Chr5	45000000	45100000	1184
EL10_2_Chr5	45100000	45200000	359
EL10_2_Chr5	45200000	45300000	.
EL10_2_Chr5	45300000	45400000	561
EL10_2_Chr5	45400000	45500000	2129
EL10_2_Chr5	45500000	45600000	462
EL10_2_Chr5	45600000	45700000	516
EL10_2_Chr5	45700000	45800000	1643
EL10_2_Chr5	45800000	45900000	1245
EL10_2_Chr5	45900000	46000000	559
EL10_2_Chr5	46000000	46100000	1727
EL10_2_Chr5	46100000	46200000	935
EL10_2_Chr5	46200000	46300000	1084
EL10_2_Chr5	46300000	46400000	1998
EL10_2_Chr5	46400000	46500000	162
EL10_2_Chr5	46500000	46600000	1568
EL10_2_Chr5	46600000	46700000	90
EL10_2_Chr5	46700000	46800000	426
EL10_2_Chr5	46800000	46900000	.
EL10_2_Chr5	46900000	47000000	1479
EL10_2_Chr5	47000000	47100000	1322
EL10_2_Chr5	47100000	47200000	554
EL10_2_Chr5	47200000	47300000	992
EL10_2_Chr5	47300000	47400000	363
EL10_2_Chr5	47400000	47500000	958
EL10_2_Chr5	47500000	47600000	342
EL10_2_Chr5	47600000	47700000	316
EL10_2_Chr5	47700000	47800000	547
EL10_2_Chr5	47800000	47900000	.
EL10_2_Chr5	47900000	48000000	709
EL10_2_Chr5	48000000	48100000	.
EL10_2_Chr5	48100000	48200000	153
EL10_2_Chr5	48200000	48300000	852
EL10_2_Chr5	48300000	48400000	355
EL10_2_Chr5	48400000	48500000	1498
EL10_2_Chr5	48500000	48600000	.
EL10_2_Chr5	48600000	48700000	232
EL10_2_Chr5	48700000	48800000	958
EL10_2_Chr5	48800000	48900000	.
EL10_2_Chr5	48900000	49000000	2306
EL10_2_Chr5	49000000	49100000	1898
EL10_2_Chr5	49100000	49200000	940
EL10_2_Chr5	49200000	49300000	1948
EL10_2_Chr5	49300000	49400000	1590
EL10_2_Chr5	49400000	49500000	595
EL10_2_Chr5	49500000	49600000	.
EL10_2_Chr5	49600000	49700000	210
EL10_2_Chr5	49700000	49800000	1670
EL10_2_Chr5	49800000	49900000	2939
EL10_2_Chr5	49900000	50000000	571
EL10_2_Chr5	50000000	50100000	2619
EL10_2_Chr5	50100000	50200000	1402
EL10_2_Chr5	50200000	50300000	2546
EL10_2_Chr5	50300000	50400000	1536
EL10_2_Chr5	50400000	50500000	1165
EL10_2_Chr5	50500000	50600000	1202
EL10_2_Chr5	50600000	50700000	2552
EL10_2_Chr5	50700000	50800000	250
EL10_2_Chr5	50800000	50900000	614
EL10_2_Chr5	50900000	51000000	1220
EL10_2_Chr5	51000000	51100000	1492
EL10_2_Chr5	51100000	51200000	684
EL10_2_Chr5	51200000	51300000	686
EL10_2_Chr5	51300000	51400000	601
EL10_2_Chr5	51400000	51500000	2056
EL10_2_Chr5	51500000	51600000	792
EL10_2_Chr5	51600000	51700000	339
EL10_2_Chr5	51700000	51800000	846
EL10_2_Chr5	51800000	51900000	767
EL10_2_Chr5	51900000	52000000	557
EL10_2_Chr5	52000000	52100000	1700
EL10_2_Chr5	52100000	52200000	2312
EL10_2_Chr5	52200000	52300000	770
EL10_2_Chr5	52300000	52400000	2775
EL10_2_Chr5	52400000	52500000	1962
EL10_2_Chr5	52500000	52600000	3587
EL10_2_Chr5	52600000	52700000	1229
EL10_2_Chr5	52700000	52800000	1954
EL10_2_Chr5	52800000	52900000	3018
EL10_2_Chr5	52900000	53000000	1053
EL10_2_Chr5	53000000	53100000	1582
EL10_2_Chr5	53100000	53200000	1693
EL10_2_Chr5	53200000	53300000	929
EL10_2_Chr5	53300000	53400000	250
EL10_2_Chr5	53400000	53500000	.
EL10_2_Chr5	53500000	53600000	486
EL10_2_Chr5	53600000	53700000	1427
EL10_2_Chr5	53700000	53800000	1528
EL10_2_Chr5	53800000	53900000	761
EL10_2_Chr5	53900000	54000000	2564
EL10_2_Chr5	54000000	54100000	4823
EL10_2_Chr5	54100000	54200000	1021
EL10_2_Chr5	54200000	54300000	2359
EL10_2_Chr5	54300000	54400000	2131
EL10_2_Chr5	54400000	54500000	1863
EL10_2_Chr5	54500000	54600000	2804
EL10_2_Chr5	54600000	54700000	3564
EL10_2_Chr5	54700000	54800000	1088
EL10_2_Chr5	54800000	54900000	2184
EL10_2_Chr5	54900000	55000000	4236
EL10_2_Chr5	55000000	55100000	1466
EL10_2_Chr5	55100000	55200000	1060
EL10_2_Chr5	55200000	55300000	1487
EL10_2_Chr5	55300000	55400000	3224
EL10_2_Chr5	55400000	55500000	1078
EL10_2_Chr5	55500000	55600000	3034
EL10_2_Chr5	55600000	55700000	2264
EL10_2_Chr5	55700000	55800000	3280
EL10_2_Chr5	55800000	55900000	1663
EL10_2_Chr5	55900000	56000000	2381
EL10_2_Chr5	56000000	56100000	941
EL10_2_Chr5	56100000	56200000	1905
EL10_2_Chr5	56200000	56300000	2919
EL10_2_Chr5	56300000	56400000	545
EL10_2_Chr5	56400000	56500000	1240
EL10_2_Chr5	56500000	56600000	288
EL10_2_Chr5	56600000	56700000	1895
EL10_2_Chr5	56700000	56800000	1381
EL10_2_Chr5	56800000	56900000	2898
EL10_2_Chr5	56900000	57000000	292
EL10_2_Chr5	57000000	57100000	424
EL10_2_Chr5	57100000	57200000	606
EL10_2_Chr5	57200000	57300000	2174
EL10_2_Chr5	57300000	57400000	3365
EL10_2_Chr5	57400000	57500000	1888
EL10_2_Chr5	57500000	57600000	2003
EL10_2_Chr5	57600000	57700000	901
EL10_2_Chr5	57700000	57800000	1612
EL10_2_Chr5	57800000	57900000	1003
EL10_2_Chr5	57900000	58000000	1346
EL10_2_Chr5	58000000	58100000	2280
EL10_2_Chr5	58100000	58200000	1574
EL10_2_Chr5	58200000	58300000	1768
EL10_2_Chr5	58300000	58400000	2118
EL10_2_Chr5	58400000	58500000	2007
EL10_2_Chr5	58500000	58600000	3057
EL10_2_Chr5	58600000	58700000	3293
EL10_2_Chr5	58700000	58800000	2305
EL10_2_Chr5	58800000	58900000	1956
EL10_2_Chr5	58900000	59000000	4668
EL10_2_Chr5	59000000	59100000	1174
EL10_2_Chr5	59100000	59200000	183
EL10_2_Chr5	59200000	59300000	2905
EL10_2_Chr5	59300000	59400000	3430
EL10_2_Chr5	59400000	59500000	2231
EL10_2_Chr5	59500000	59600000	1582
EL10_2_Chr5	59600000	59700000	77
EL10_2_Chr5	59700000	59800000	2695
EL10_2_Chr5	59800000	59900000	2564
EL10_2_Chr5	59900000	60000000	2931
EL10_2_Chr5	60000000	60100000	4085
EL10_2_Chr5	60100000	60200000	5178
EL10_2_Chr5	60200000	60300000	1497
EL10_2_Chr5	60300000	60400000	1383
EL10_2_Chr5	60400000	60500000	1411
EL10_2_Chr5	60500000	60600000	3908
EL10_2_Chr5	60600000	60700000	3332
EL10_2_Chr5	60700000	60800000	3335
EL10_2_Chr5	60800000	60900000	2862
EL10_2_Chr5	60900000	61000000	3643
EL10_2_Chr5	61000000	61100000	996
EL10_2_Chr5	61100000	61200000	2030
EL10_2_Chr5	61200000	61300000	1206
EL10_2_Chr5	61300000	61400000	1312
EL10_2_Chr5	61400000	61500000	753
EL10_2_Chr5	61500000	61600000	2169
EL10_2_Chr5	61600000	61700000	2960
EL10_2_Chr5	61700000	61800000	1336
EL10_2_Chr5	61800000	61900000	3682
EL10_2_Chr5	61900000	62000000	3426
EL10_2_Chr5	62000000	62100000	4214
EL10_2_Chr5	62100000	62200000	1302
EL10_2_Chr5	62200000	62300000	2058
EL10_2_Chr5	62300000	62400000	3900
EL10_2_Chr5	62400000	62500000	3722
EL10_2_Chr5	62500000	62600000	2218
EL10_2_Chr5	62600000	62700000	2493
EL10_2_Chr5	62700000	62800000	2506
EL10_2_Chr5	62800000	62900000	3894
EL10_2_Chr5	62900000	63000000	5002
EL10_2_Chr5	63000000	63100000	4298
EL10_2_Chr5	63100000	63200000	2468
EL10_2_Chr5	63200000	63300000	2384
EL10_2_Chr5	63300000	63400000	1718
EL10_2_Chr5	63400000	63500000	3098
EL10_2_Chr5	63500000	63600000	5157
EL10_2_Chr5	63600000	63700000	4654
EL10_2_Chr5	63700000	63800000	4481
EL10_2_Chr5	63800000	63900000	6024
EL10_2_Chr5	63900000	64000000	3867
EL10_2_Chr5	64000000	64100000	3421
EL10_2_Chr5	64100000	64200000	1888
EL10_2_Chr5	64200000	64300000	3079
EL10_2_Chr5	64300000	64400000	1900
EL10_2_Chr5	64400000	64500000	3096
EL10_2_Chr5	64500000	64600000	4497
EL10_2_Chr5	64600000	64700000	3643
EL10_2_Chr5	64700000	64800000	4974
EL10_2_Chr5	64800000	64900000	2737
EL10_2_Chr5	64900000	65000000	3306
EL10_2_Chr5	65000000	65100000	6514
EL10_2_Chr5	65100000	65200000	4720
EL10_2_Chr5	65200000	65300000	1416
EL10_2_Chr5	65300000	65400000	1886
EL10_2_Chr5	65400000	65500000	4847
EL10_2_Chr5	65500000	65600000	3850
EL10_2_Chr5	65600000	65700000	4843
EL10_2_Chr5	65700000	65800000	2469
EL10_2_Chr5	65800000	65900000	3771
EL10_2_Chr5	65900000	66000000	2325
EL10_2_Chr5	66000000	66100000	5404
EL10_2_Chr5	66100000	66200000	1755
EL10_2_Chr5	66200000	66300000	3191
EL10_2_Chr5	66300000	66400000	3684
EL10_2_Chr5	66400000	66500000	4314
EL10_2_Chr5	66500000	66600000	2238
EL10_2_Chr5	66600000	66700000	3614
EL10_2_Chr5	66700000	66800000	4350
EL10_2_Chr5	66800000	66900000	2178
EL10_2_Chr5	66900000	67000000	4444
EL10_2_Chr5	67000000	67100000	4916
EL10_2_Chr5	67100000	67200000	6501
EL10_2_Chr5	67200000	67300000	6629
EL10_2_Chr5	67300000	67400000	4167
EL10_2_Chr5	67400000	67500000	4955
EL10_2_Chr5	67500000	67600000	4944
EL10_2_Chr5	67600000	67700000	3367
EL10_2_Chr5	67700000	67800000	3964
EL10_2_Chr5	67800000	67900000	5335
EL10_2_Chr5	67900000	67929547	423
EL10_2_Chr5_s1	0	100000	.
EL10_2_Chr5_s1	100000	200000	1673
EL10_2_Chr5_s1	200000	300000	670
EL10_2_Chr5_s1	300000	400000	.
EL10_2_Chr5_s1	400000	500000	.
EL10_2_Chr5_s1	500000	600000	.
EL10_2_Chr5_s1	600000	700000	.
EL10_2_Chr5_s1	700000	800000	.
EL10_2_Chr5_s1	800000	900000	.
EL10_2_Chr5_s1	900000	995825	.
EL10_2_Chr5_s2	0	81426	.
EL10_2_Chr6	0	100000	1243
EL10_2_Chr6	100000	200000	2055
EL10_2_Chr6	200000	300000	2512
EL10_2_Chr6	300000	400000	2500
EL10_2_Chr6	400000	500000	3296
EL10_2_Chr6	500000	600000	3654
EL10_2_Chr6	600000	700000	2133
EL10_2_Chr6	700000	800000	1251
EL10_2_Chr6	800000	900000	615
EL10_2_Chr6	900000	1000000	1119
EL10_2_Chr6	1000000	1100000	5448
EL10_2_Chr6	1100000	1200000	2616
EL10_2_Chr6	1200000	1300000	3104
EL10_2_Chr6	1300000	1400000	2148
EL10_2_Chr6	1400000	1500000	2534
EL10_2_Chr6	1500000	1600000	3586
EL10_2_Chr6	1600000	1700000	4437
EL10_2_Chr6	1700000	1800000	3570
EL10_2_Chr6	1800000	1900000	3124
EL10_2_Chr6	1900000	2000000	1510
EL10_2_Chr6	2000000	2100000	1436
EL10_2_Chr6	2100000	2200000	1707
EL10_2_Chr6	2200000	2300000	4567
EL10_2_Chr6	2300000	2400000	2593
EL10_2_Chr6	2400000	2500000	3891
EL10_2_Chr6	2500000	2600000	3365
EL10_2_Chr6	2600000	2700000	1898
EL10_2_Chr6	2700000	2800000	967
EL10_2_Chr6	2800000	2900000	5128
EL10_2_Chr6	2900000	3000000	1852
EL10_2_Chr6	3000000	3100000	682
EL10_2_Chr6	3100000	3200000	3352
EL10_2_Chr6	3200000	3300000	3022
EL10_2_Chr6	3300000	3400000	2455
EL10_2_Chr6	3400000	3500000	4063
EL10_2_Chr6	3500000	3600000	2202
EL10_2_Chr6	3600000	3700000	2275
EL10_2_Chr6	3700000	3800000	4404
EL10_2_Chr6	3800000	3900000	1862
EL10_2_Chr6	3900000	4000000	3877
EL10_2_Chr6	4000000	4100000	3245
EL10_2_Chr6	4100000	4200000	2460
EL10_2_Chr6	4200000	4300000	3435
EL10_2_Chr6	4300000	4400000	4296
EL10_2_Chr6	4400000	4500000	3532
EL10_2_Chr6	4500000	4600000	3831
EL10_2_Chr6	4600000	4700000	3178
EL10_2_Chr6	4700000	4800000	.
EL10_2_Chr6	4800000	4900000	.
EL10_2_Chr6	4900000	5000000	2431
EL10_2_Chr6	5000000	5100000	3813
EL10_2_Chr6	5100000	5200000	528
EL10_2_Chr6	5200000	5300000	721
EL10_2_Chr6	5300000	5400000	5196
EL10_2_Chr6	5400000	5500000	3860
EL10_2_Chr6	5500000	5600000	3310
EL10_2_Chr6	5600000	5700000	3951
EL10_2_Chr6	5700000	5800000	3245
EL10_2_Chr6	5800000	5900000	2421
EL10_2_Chr6	5900000	6000000	2914
EL10_2_Chr6	6000000	6100000	2647
EL10_2_Chr6	6100000	6200000	3662
EL10_2_Chr6	6200000	6300000	4625
EL10_2_Chr6	6300000	6400000	4109
EL10_2_Chr6	6400000	6500000	4373
EL10_2_Chr6	6500000	6600000	2180
EL10_2_Chr6	6600000	6700000	3900
EL10_2_Chr6	6700000	6800000	2237
EL10_2_Chr6	6800000	6900000	2434
EL10_2_Chr6	6900000	7000000	3596
EL10_2_Chr6	7000000	7100000	2192
EL10_2_Chr6	7100000	7200000	589
EL10_2_Chr6	7200000	7300000	4018
EL10_2_Chr6	7300000	7400000	4037
EL10_2_Chr6	7400000	7500000	4221
EL10_2_Chr6	7500000	7600000	2614
EL10_2_Chr6	7600000	7700000	1271
EL10_2_Chr6	7700000	7800000	5834
EL10_2_Chr6	7800000	7900000	1330
EL10_2_Chr6	7900000	8000000	2897
EL10_2_Chr6	8000000	8100000	4418
EL10_2_Chr6	8100000	8200000	3924
EL10_2_Chr6	8200000	8300000	319
EL10_2_Chr6	8300000	8400000	2667
EL10_2_Chr6	8400000	8500000	4869
EL10_2_Chr6	8500000	8600000	2668
EL10_2_Chr6	8600000	8700000	3607
EL10_2_Chr6	8700000	8800000	2384
EL10_2_Chr6	8800000	8900000	2838
EL10_2_Chr6	8900000	9000000	1147
EL10_2_Chr6	9000000	9100000	3703
EL10_2_Chr6	9100000	9200000	6356
EL10_2_Chr6	9200000	9300000	7331
EL10_2_Chr6	9300000	9400000	1359
EL10_2_Chr6	9400000	9500000	.
EL10_2_Chr6	9500000	9600000	3385
EL10_2_Chr6	9600000	9700000	1241
EL10_2_Chr6	9700000	9800000	2658
EL10_2_Chr6	9800000	9900000	2455
EL10_2_Chr6	9900000	10000000	1973
EL10_2_Chr6	10000000	10100000	2584
EL10_2_Chr6	10100000	10200000	735
EL10_2_Chr6	10200000	10300000	4297
EL10_2_Chr6	10300000	10400000	2587
EL10_2_Chr6	10400000	10500000	1082
EL10_2_Chr6	10500000	10600000	1619
EL10_2_Chr6	10600000	10700000	2716
EL10_2_Chr6	10700000	10800000	3364
EL10_2_Chr6	10800000	10900000	2573
EL10_2_Chr6	10900000	11000000	1904
EL10_2_Chr6	11000000	11100000	371
EL10_2_Chr6	11100000	11200000	.
EL10_2_Chr6	11200000	11300000	663
EL10_2_Chr6	11300000	11400000	.
EL10_2_Chr6	11400000	11500000	.
EL10_2_Chr6	11500000	11600000	1998
EL10_2_Chr6	11600000	11700000	1675
EL10_2_Chr6	11700000	11800000	6492
EL10_2_Chr6	11800000	11900000	2711
EL10_2_Chr6	11900000	12000000	4224
EL10_2_Chr6	12000000	12100000	4651
EL10_2_Chr6	12100000	12200000	3709
EL10_2_Chr6	12200000	12300000	2507
EL10_2_Chr6	12300000	12400000	.
EL10_2_Chr6	12400000	12500000	754
EL10_2_Chr6	12500000	12600000	3777
EL10_2_Chr6	12600000	12700000	2365
EL10_2_Chr6	12700000	12800000	2672
EL10_2_Chr6	12800000	12900000	4387
EL10_2_Chr6	12900000	13000000	3425
EL10_2_Chr6	13000000	13100000	2012
EL10_2_Chr6	13100000	13200000	.
EL10_2_Chr6	13200000	13300000	.
EL10_2_Chr6	13300000	13400000	121
EL10_2_Chr6	13400000	13500000	2359
EL10_2_Chr6	13500000	13600000	1090
EL10_2_Chr6	13600000	13700000	1132
EL10_2_Chr6	13700000	13800000	1225
EL10_2_Chr6	13800000	13900000	.
EL10_2_Chr6	13900000	14000000	253
EL10_2_Chr6	14000000	14100000	3369
EL10_2_Chr6	14100000	14200000	1636
EL10_2_Chr6	14200000	14300000	829
EL10_2_Chr6	14300000	14400000	289
EL10_2_Chr6	14400000	14500000	1889
EL10_2_Chr6	14500000	14600000	1223
EL10_2_Chr6	14600000	14700000	2562
EL10_2_Chr6	14700000	14800000	4308
EL10_2_Chr6	14800000	14900000	892
EL10_2_Chr6	14900000	15000000	2851
EL10_2_Chr6	15000000	15100000	1780
EL10_2_Chr6	15100000	15200000	2597
EL10_2_Chr6	15200000	15300000	1632
EL10_2_Chr6	15300000	15400000	1043
EL10_2_Chr6	15400000	15500000	2674
EL10_2_Chr6	15500000	15600000	1770
EL10_2_Chr6	15600000	15700000	1320
EL10_2_Chr6	15700000	15800000	4003
EL10_2_Chr6	15800000	15900000	657
EL10_2_Chr6	15900000	16000000	817
EL10_2_Chr6	16000000	16100000	2224
EL10_2_Chr6	16100000	16200000	1507
EL10_2_Chr6	16200000	16300000	515
EL10_2_Chr6	16300000	16400000	1289
EL10_2_Chr6	16400000	16500000	3294
EL10_2_Chr6	16500000	16600000	2800
EL10_2_Chr6	16600000	16700000	5849
EL10_2_Chr6	16700000	16800000	3694
EL10_2_Chr6	16800000	16900000	1475
EL10_2_Chr6	16900000	17000000	2640
EL10_2_Chr6	17000000	17100000	929
EL10_2_Chr6	17100000	17200000	356
EL10_2_Chr6	17200000	17300000	332
EL10_2_Chr6	17300000	17400000	1063
EL10_2_Chr6	17400000	17500000	2576
EL10_2_Chr6	17500000	17600000	1410
EL10_2_Chr6	17600000	17700000	2865
EL10_2_Chr6	17700000	17800000	1022
EL10_2_Chr6	17800000	17900000	515
EL10_2_Chr6	17900000	18000000	286
EL10_2_Chr6	18000000	18100000	1042
EL10_2_Chr6	18100000	18200000	903
EL10_2_Chr6	18200000	18300000	1427
EL10_2_Chr6	18300000	18400000	2103
EL10_2_Chr6	18400000	18500000	4164
EL10_2_Chr6	18500000	18600000	1449
EL10_2_Chr6	18600000	18700000	2731
EL10_2_Chr6	18700000	18800000	2301
EL10_2_Chr6	18800000	18900000	1062
EL10_2_Chr6	18900000	19000000	1275
EL10_2_Chr6	19000000	19100000	2133
EL10_2_Chr6	19100000	19200000	517
EL10_2_Chr6	19200000	19300000	1770
EL10_2_Chr6	19300000	19400000	489
EL10_2_Chr6	19400000	19500000	771
EL10_2_Chr6	19500000	19600000	2268
EL10_2_Chr6	19600000	19700000	615
EL10_2_Chr6	19700000	19800000	681
EL10_2_Chr6	19800000	19900000	217
EL10_2_Chr6	19900000	20000000	.
EL10_2_Chr6	20000000	20100000	1984
EL10_2_Chr6	20100000	20200000	484
EL10_2_Chr6	20200000	20300000	.
EL10_2_Chr6	20300000	20400000	242
EL10_2_Chr6	20400000	20500000	1103
EL10_2_Chr6	20500000	20600000	.
EL10_2_Chr6	20600000	20700000	.
EL10_2_Chr6	20700000	20800000	682
EL10_2_Chr6	20800000	20900000	123
EL10_2_Chr6	20900000	21000000	443
EL10_2_Chr6	21000000	21100000	485
EL10_2_Chr6	21100000	21200000	1166
EL10_2_Chr6	21200000	21300000	780
EL10_2_Chr6	21300000	21400000	2293
EL10_2_Chr6	21400000	21500000	542
EL10_2_Chr6	21500000	21600000	630
EL10_2_Chr6	21600000	21700000	1593
EL10_2_Chr6	21700000	21800000	714
EL10_2_Chr6	21800000	21900000	.
EL10_2_Chr6	21900000	22000000	4055
EL10_2_Chr6	22000000	22100000	386
EL10_2_Chr6	22100000	22200000	1541
EL10_2_Chr6	22200000	22300000	1092
EL10_2_Chr6	22300000	22400000	275
EL10_2_Chr6	22400000	22500000	193
EL10_2_Chr6	22500000	22600000	454
EL10_2_Chr6	22600000	22700000	.
EL10_2_Chr6	22700000	22800000	389
EL10_2_Chr6	22800000	22900000	.
EL10_2_Chr6	22900000	23000000	.
EL10_2_Chr6	23000000	23100000	.
EL10_2_Chr6	23100000	23200000	2405
EL10_2_Chr6	23200000	23300000	292
EL10_2_Chr6	23300000	23400000	327
EL10_2_Chr6	23400000	23500000	464
EL10_2_Chr6	23500000	23600000	226
EL10_2_Chr6	23600000	23700000	1542
EL10_2_Chr6	23700000	23800000	1339
EL10_2_Chr6	23800000	23900000	918
EL10_2_Chr6	23900000	24000000	1252
EL10_2_Chr6	24000000	24100000	1240
EL10_2_Chr6	24100000	24200000	2401
EL10_2_Chr6	24200000	24300000	1397
EL10_2_Chr6	24300000	24400000	904
EL10_2_Chr6	24400000	24500000	.
EL10_2_Chr6	24500000	24600000	558
EL10_2_Chr6	24600000	24700000	550
EL10_2_Chr6	24700000	24800000	886
EL10_2_Chr6	24800000	24900000	178
EL10_2_Chr6	24900000	25000000	756
EL10_2_Chr6	25000000	25100000	1413
EL10_2_Chr6	25100000	25200000	1061
EL10_2_Chr6	25200000	25300000	836
EL10_2_Chr6	25300000	25400000	2449
EL10_2_Chr6	25400000	25500000	594
EL10_2_Chr6	25500000	25600000	2600
EL10_2_Chr6	25600000	25700000	1797
EL10_2_Chr6	25700000	25800000	174
EL10_2_Chr6	25800000	25900000	.
EL10_2_Chr6	25900000	26000000	2064
EL10_2_Chr6	26000000	26100000	462
EL10_2_Chr6	26100000	26200000	2190
EL10_2_Chr6	26200000	26300000	.
EL10_2_Chr6	26300000	26400000	2005
EL10_2_Chr6	26400000	26500000	833
EL10_2_Chr6	26500000	26600000	1610
EL10_2_Chr6	26600000	26700000	502
EL10_2_Chr6	26700000	26800000	856
EL10_2_Chr6	26800000	26900000	630
EL10_2_Chr6	26900000	27000000	469
EL10_2_Chr6	27000000	27100000	.
EL10_2_Chr6	27100000	27200000	454
EL10_2_Chr6	27200000	27300000	571
EL10_2_Chr6	27300000	27400000	519
EL10_2_Chr6	27400000	27500000	428
EL10_2_Chr6	27500000	27600000	625
EL10_2_Chr6	27600000	27700000	586
EL10_2_Chr6	27700000	27800000	445
EL10_2_Chr6	27800000	27900000	631
EL10_2_Chr6	27900000	28000000	399
EL10_2_Chr6	28000000	28100000	661
EL10_2_Chr6	28100000	28200000	308
EL10_2_Chr6	28200000	28300000	954
EL10_2_Chr6	28300000	28400000	356
EL10_2_Chr6	28400000	28500000	411
EL10_2_Chr6	28500000	28600000	575
EL10_2_Chr6	28600000	28700000	1146
EL10_2_Chr6	28700000	28800000	1545
EL10_2_Chr6	28800000	28900000	560
EL10_2_Chr6	28900000	29000000	937
EL10_2_Chr6	29000000	29100000	1276
EL10_2_Chr6	29100000	29200000	1160
EL10_2_Chr6	29200000	29300000	1851
EL10_2_Chr6	29300000	29400000	2153
EL10_2_Chr6	29400000	29500000	485
EL10_2_Chr6	29500000	29600000	855
EL10_2_Chr6	29600000	29700000	953
EL10_2_Chr6	29700000	29800000	.
EL10_2_Chr6	29800000	29900000	341
EL10_2_Chr6	29900000	30000000	549
EL10_2_Chr6	30000000	30100000	1862
EL10_2_Chr6	30100000	30200000	921
EL10_2_Chr6	30200000	30300000	.
EL10_2_Chr6	30300000	30400000	973
EL10_2_Chr6	30400000	30500000	430
EL10_2_Chr6	30500000	30600000	240
EL10_2_Chr6	30600000	30700000	479
EL10_2_Chr6	30700000	30800000	.
EL10_2_Chr6	30800000	30900000	.
EL10_2_Chr6	30900000	31000000	.
EL10_2_Chr6	31000000	31100000	493
EL10_2_Chr6	31100000	31200000	182
EL10_2_Chr6	31200000	31300000	270
EL10_2_Chr6	31300000	31400000	553
EL10_2_Chr6	31400000	31500000	.
EL10_2_Chr6	31500000	31600000	.
EL10_2_Chr6	31600000	31700000	727
EL10_2_Chr6	31700000	31800000	607
EL10_2_Chr6	31800000	31900000	.
EL10_2_Chr6	31900000	32000000	.
EL10_2_Chr6	32000000	32100000	324
EL10_2_Chr6	32100000	32200000	.
EL10_2_Chr6	32200000	32300000	151
EL10_2_Chr6	32300000	32400000	443
EL10_2_Chr6	32400000	32500000	108
EL10_2_Chr6	32500000	32600000	1368
EL10_2_Chr6	32600000	32700000	234
EL10_2_Chr6	32700000	32800000	293
EL10_2_Chr6	32800000	32900000	1627
EL10_2_Chr6	32900000	33000000	988
EL10_2_Chr6	33000000	33100000	714
EL10_2_Chr6	33100000	33200000	467
EL10_2_Chr6	33200000	33300000	1259
EL10_2_Chr6	33300000	33400000	.
EL10_2_Chr6	33400000	33500000	.
EL10_2_Chr6	33500000	33600000	1070
EL10_2_Chr6	33600000	33700000	462
EL10_2_Chr6	33700000	33800000	.
EL10_2_Chr6	33800000	33900000	1137
EL10_2_Chr6	33900000	34000000	1368
EL10_2_Chr6	34000000	34100000	664
EL10_2_Chr6	34100000	34200000	.
EL10_2_Chr6	34200000	34300000	.
EL10_2_Chr6	34300000	34400000	.
EL10_2_Chr6	34400000	34500000	424
EL10_2_Chr6	34500000	34600000	960
EL10_2_Chr6	34600000	34700000	1699
EL10_2_Chr6	34700000	34800000	760
EL10_2_Chr6	34800000	34900000	199
EL10_2_Chr6	34900000	35000000	217
EL10_2_Chr6	35000000	35100000	109
EL10_2_Chr6	35100000	35200000	417
EL10_2_Chr6	35200000	35300000	1360
EL10_2_Chr6	35300000	35400000	529
EL10_2_Chr6	35400000	35500000	943
EL10_2_Chr6	35500000	35600000	767
EL10_2_Chr6	35600000	35700000	829
EL10_2_Chr6	35700000	35800000	299
EL10_2_Chr6	35800000	35900000	1690
EL10_2_Chr6	35900000	36000000	293
EL10_2_Chr6	36000000	36100000	2457
EL10_2_Chr6	36100000	36200000	2735
EL10_2_Chr6	36200000	36300000	1273
EL10_2_Chr6	36300000	36400000	861
EL10_2_Chr6	36400000	36500000	1107
EL10_2_Chr6	36500000	36600000	.
EL10_2_Chr6	36600000	36700000	1888
EL10_2_Chr6	36700000	36800000	1186
EL10_2_Chr6	36800000	36900000	723
EL10_2_Chr6	36900000	37000000	2185
EL10_2_Chr6	37000000	37100000	286
EL10_2_Chr6	37100000	37200000	248
EL10_2_Chr6	37200000	37300000	1807
EL10_2_Chr6	37300000	37400000	809
EL10_2_Chr6	37400000	37500000	1328
EL10_2_Chr6	37500000	37600000	1186
EL10_2_Chr6	37600000	37700000	.
EL10_2_Chr6	37700000	37800000	814
EL10_2_Chr6	37800000	37900000	525
EL10_2_Chr6	37900000	38000000	221
EL10_2_Chr6	38000000	38100000	610
EL10_2_Chr6	38100000	38200000	718
EL10_2_Chr6	38200000	38300000	676
EL10_2_Chr6	38300000	38400000	109
EL10_2_Chr6	38400000	38500000	.
EL10_2_Chr6	38500000	38600000	1382
EL10_2_Chr6	38600000	38700000	1689
EL10_2_Chr6	38700000	38800000	433
EL10_2_Chr6	38800000	38900000	164
EL10_2_Chr6	38900000	39000000	395
EL10_2_Chr6	39000000	39100000	287
EL10_2_Chr6	39100000	39200000	.
EL10_2_Chr6	39200000	39300000	1125
EL10_2_Chr6	39300000	39400000	176
EL10_2_Chr6	39400000	39500000	.
EL10_2_Chr6	39500000	39600000	814
EL10_2_Chr6	39600000	39700000	1856
EL10_2_Chr6	39700000	39800000	.
EL10_2_Chr6	39800000	39900000	1450
EL10_2_Chr6	39900000	40000000	1260
EL10_2_Chr6	40000000	40100000	.
EL10_2_Chr6	40100000	40200000	952
EL10_2_Chr6	40200000	40300000	163
EL10_2_Chr6	40300000	40400000	933
EL10_2_Chr6	40400000	40500000	1355
EL10_2_Chr6	40500000	40600000	169
EL10_2_Chr6	40600000	40700000	542
EL10_2_Chr6	40700000	40800000	367
EL10_2_Chr6	40800000	40900000	822
EL10_2_Chr6	40900000	41000000	833
EL10_2_Chr6	41000000	41100000	838
EL10_2_Chr6	41100000	41200000	564
EL10_2_Chr6	41200000	41300000	153
EL10_2_Chr6	41300000	41400000	212
EL10_2_Chr6	41400000	41500000	1028
EL10_2_Chr6	41500000	41600000	55
EL10_2_Chr6	41600000	41700000	579
EL10_2_Chr6	41700000	41800000	598
EL10_2_Chr6	41800000	41900000	422
EL10_2_Chr6	41900000	42000000	.
EL10_2_Chr6	42000000	42100000	.
EL10_2_Chr6	42100000	42200000	620
EL10_2_Chr6	42200000	42300000	1593
EL10_2_Chr6	42300000	42400000	.
EL10_2_Chr6	42400000	42500000	.
EL10_2_Chr6	42500000	42600000	990
EL10_2_Chr6	42600000	42700000	.
EL10_2_Chr6	42700000	42800000	500
EL10_2_Chr6	42800000	42900000	.
EL10_2_Chr6	42900000	43000000	.
EL10_2_Chr6	43000000	43100000	784
EL10_2_Chr6	43100000	43200000	767
EL10_2_Chr6	43200000	43300000	.
EL10_2_Chr6	43300000	43400000	105
EL10_2_Chr6	43400000	43500000	1424
EL10_2_Chr6	43500000	43600000	.
EL10_2_Chr6	43600000	43700000	493
EL10_2_Chr6	43700000	43800000	677
EL10_2_Chr6	43800000	43900000	693
EL10_2_Chr6	43900000	44000000	405
EL10_2_Chr6	44000000	44100000	549
EL10_2_Chr6	44100000	44200000	.
EL10_2_Chr6	44200000	44300000	672
EL10_2_Chr6	44300000	44400000	.
EL10_2_Chr6	44400000	44500000	1286
EL10_2_Chr6	44500000	44600000	445
EL10_2_Chr6	44600000	44700000	651
EL10_2_Chr6	44700000	44800000	.
EL10_2_Chr6	44800000	44900000	.
EL10_2_Chr6	44900000	45000000	578
EL10_2_Chr6	45000000	45100000	52
EL10_2_Chr6	45100000	45200000	268
EL10_2_Chr6	45200000	45300000	1428
EL10_2_Chr6	45300000	45400000	483
EL10_2_Chr6	45400000	45500000	.
EL10_2_Chr6	45500000	45600000	789
EL10_2_Chr6	45600000	45700000	328
EL10_2_Chr6	45700000	45800000	390
EL10_2_Chr6	45800000	45900000	615
EL10_2_Chr6	45900000	46000000	.
EL10_2_Chr6	46000000	46100000	388
EL10_2_Chr6	46100000	46200000	.
EL10_2_Chr6	46200000	46300000	236
EL10_2_Chr6	46300000	46400000	325
EL10_2_Chr6	46400000	46500000	226
EL10_2_Chr6	46500000	46600000	858
EL10_2_Chr6	46600000	46700000	621
EL10_2_Chr6	46700000	46800000	2560
EL10_2_Chr6	46800000	46900000	1957
EL10_2_Chr6	46900000	47000000	2710
EL10_2_Chr6	47000000	47100000	768
EL10_2_Chr6	47100000	47200000	695
EL10_2_Chr6	47200000	47300000	418
EL10_2_Chr6	47300000	47400000	1238
EL10_2_Chr6	47400000	47500000	1087
EL10_2_Chr6	47500000	47600000	1789
EL10_2_Chr6	47600000	47700000	809
EL10_2_Chr6	47700000	47800000	314
EL10_2_Chr6	47800000	47900000	581
EL10_2_Chr6	47900000	48000000	932
EL10_2_Chr6	48000000	48100000	1461
EL10_2_Chr6	48100000	48200000	335
EL10_2_Chr6	48200000	48300000	399
EL10_2_Chr6	48300000	48400000	1099
EL10_2_Chr6	48400000	48500000	623
EL10_2_Chr6	48500000	48600000	397
EL10_2_Chr6	48600000	48700000	1918
EL10_2_Chr6	48700000	48800000	567
EL10_2_Chr6	48800000	48900000	1831
EL10_2_Chr6	48900000	49000000	688
EL10_2_Chr6	49000000	49100000	287
EL10_2_Chr6	49100000	49200000	968
EL10_2_Chr6	49200000	49300000	1829
EL10_2_Chr6	49300000	49400000	477
EL10_2_Chr6	49400000	49500000	279
EL10_2_Chr6	49500000	49600000	1977
EL10_2_Chr6	49600000	49700000	1576
EL10_2_Chr6	49700000	49800000	1006
EL10_2_Chr6	49800000	49900000	264
EL10_2_Chr6	49900000	50000000	1483
EL10_2_Chr6	50000000	50100000	1227
EL10_2_Chr6	50100000	50200000	.
EL10_2_Chr6	50200000	50300000	1874
EL10_2_Chr6	50300000	50400000	578
EL10_2_Chr6	50400000	50500000	.
EL10_2_Chr6	50500000	50600000	745
EL10_2_Chr6	50600000	50700000	.
EL10_2_Chr6	50700000	50800000	309
EL10_2_Chr6	50800000	50900000	885
EL10_2_Chr6	50900000	51000000	535
EL10_2_Chr6	51000000	51100000	1536
EL10_2_Chr6	51100000	51200000	.
EL10_2_Chr6	51200000	51300000	697
EL10_2_Chr6	51300000	51400000	.
EL10_2_Chr6	51400000	51500000	1210
EL10_2_Chr6	51500000	51600000	531
EL10_2_Chr6	51600000	51700000	.
EL10_2_Chr6	51700000	51800000	520
EL10_2_Chr6	51800000	51900000	793
EL10_2_Chr6	51900000	52000000	1447
EL10_2_Chr6	52000000	52100000	1387
EL10_2_Chr6	52100000	52200000	305
EL10_2_Chr6	52200000	52300000	2488
EL10_2_Chr6	52300000	52400000	516
EL10_2_Chr6	52400000	52500000	147
EL10_2_Chr6	52500000	52600000	1310
EL10_2_Chr6	52600000	52700000	1688
EL10_2_Chr6	52700000	52800000	2828
EL10_2_Chr6	52800000	52900000	.
EL10_2_Chr6	52900000	53000000	.
EL10_2_Chr6	53000000	53100000	.
EL10_2_Chr6	53100000	53200000	.
EL10_2_Chr6	53200000	53300000	.
EL10_2_Chr6	53300000	53400000	976
EL10_2_Chr6	53400000	53500000	472
EL10_2_Chr6	53500000	53600000	1276
EL10_2_Chr6	53600000	53700000	1103
EL10_2_Chr6	53700000	53800000	2533
EL10_2_Chr6	53800000	53900000	1168
EL10_2_Chr6	53900000	54000000	761
EL10_2_Chr6	54000000	54100000	1081
EL10_2_Chr6	54100000	54200000	928
EL10_2_Chr6	54200000	54300000	613
EL10_2_Chr6	54300000	54400000	2640
EL10_2_Chr6	54400000	54500000	1501
EL10_2_Chr6	54500000	54600000	2011
EL10_2_Chr6	54600000	54700000	2892
EL10_2_Chr6	54700000	54800000	2018
EL10_2_Chr6	54800000	54900000	251
EL10_2_Chr6	54900000	55000000	637
EL10_2_Chr6	55000000	55100000	800
EL10_2_Chr6	55100000	55200000	86
EL10_2_Chr6	55200000	55300000	238
EL10_2_Chr6	55300000	55400000	706
EL10_2_Chr6	55400000	55500000	.
EL10_2_Chr6	55500000	55600000	375
EL10_2_Chr6	55600000	55700000	1591
EL10_2_Chr6	55700000	55800000	1966
EL10_2_Chr6	55800000	55900000	2216
EL10_2_Chr6	55900000	56000000	1176
EL10_2_Chr6	56000000	56100000	1056
EL10_2_Chr6	56100000	56200000	2401
EL10_2_Chr6	56200000	56300000	996
EL10_2_Chr6	56300000	56400000	674
EL10_2_Chr6	56400000	56500000	2038
EL10_2_Chr6	56500000	56600000	1150
EL10_2_Chr6	56600000	56700000	1738
EL10_2_Chr6	56700000	56800000	1460
EL10_2_Chr6	56800000	56900000	1081
EL10_2_Chr6	56900000	57000000	418
EL10_2_Chr6	57000000	57100000	.
EL10_2_Chr6	57100000	57200000	1532
EL10_2_Chr6	57200000	57300000	1888
EL10_2_Chr6	57300000	57400000	1538
EL10_2_Chr6	57400000	57500000	1095
EL10_2_Chr6	57500000	57600000	1544
EL10_2_Chr6	57600000	57700000	1126
EL10_2_Chr6	57700000	57800000	547
EL10_2_Chr6	57800000	57900000	1249
EL10_2_Chr6	57900000	58000000	479
EL10_2_Chr6	58000000	58100000	.
EL10_2_Chr6	58100000	58200000	561
EL10_2_Chr6	58200000	58300000	2019
EL10_2_Chr6	58300000	58400000	1593
EL10_2_Chr6	58400000	58500000	662
EL10_2_Chr6	58500000	58600000	1113
EL10_2_Chr6	58600000	58700000	1073
EL10_2_Chr6	58700000	58800000	2067
EL10_2_Chr6	58800000	58900000	380
EL10_2_Chr6	58900000	59000000	2217
EL10_2_Chr6	59000000	59100000	.
EL10_2_Chr6	59100000	59200000	1135
EL10_2_Chr6	59200000	59300000	403
EL10_2_Chr6	59300000	59400000	139
EL10_2_Chr6	59400000	59500000	239
EL10_2_Chr6	59500000	59600000	519
EL10_2_Chr6	59600000	59700000	1039
EL10_2_Chr6	59700000	59800000	441
EL10_2_Chr6	59800000	59900000	668
EL10_2_Chr6	59900000	60000000	840
EL10_2_Chr6	60000000	60100000	836
EL10_2_Chr6	60100000	60200000	546
EL10_2_Chr6	60200000	60300000	536
EL10_2_Chr6	60300000	60400000	726
EL10_2_Chr6	60400000	60500000	290
EL10_2_Chr6	60500000	60600000	198
EL10_2_Chr6	60600000	60700000	2997
EL10_2_Chr6	60700000	60800000	733
EL10_2_Chr6	60800000	60900000	1523
EL10_2_Chr6	60900000	61000000	2162
EL10_2_Chr6	61000000	61100000	1482
EL10_2_Chr6	61100000	61200000	1789
EL10_2_Chr6	61200000	61300000	2565
EL10_2_Chr6	61300000	61400000	1739
EL10_2_Chr6	61400000	61500000	1448
EL10_2_Chr6	61500000	61600000	.
EL10_2_Chr6	61600000	61700000	628
EL10_2_Chr6	61700000	61800000	69
EL10_2_Chr6	61800000	61900000	336
EL10_2_Chr6	61900000	62000000	599
EL10_2_Chr6	62000000	62100000	718
EL10_2_Chr6	62100000	62200000	380
EL10_2_Chr6	62200000	62300000	578
EL10_2_Chr6	62300000	62400000	.
EL10_2_Chr6	62400000	62500000	1536
EL10_2_Chr6	62500000	62600000	1080
EL10_2_Chr6	62600000	62700000	2050
EL10_2_Chr6	62700000	62800000	1200
EL10_2_Chr6	62800000	62900000	3503
EL10_2_Chr6	62900000	63000000	1852
EL10_2_Chr6	63000000	63100000	1511
EL10_2_Chr6	63100000	63200000	1802
EL10_2_Chr6	63200000	63300000	3512
EL10_2_Chr6	63300000	63400000	5513
EL10_2_Chr6	63400000	63500000	4413
EL10_2_Chr6	63500000	63600000	2324
EL10_2_Chr6	63600000	63700000	1749
EL10_2_Chr6	63700000	63800000	998
EL10_2_Chr6	63800000	63900000	4596
EL10_2_Chr6	63900000	64000000	3814
EL10_2_Chr6	64000000	64100000	4726
EL10_2_Chr6	64100000	64200000	2310
EL10_2_Chr6	64200000	64300000	481
EL10_2_Chr6	64300000	64400000	943
EL10_2_Chr6	64400000	64500000	1462
EL10_2_Chr6	64500000	64600000	619
EL10_2_Chr6	64600000	64700000	3736
EL10_2_Chr6	64700000	64800000	3308
EL10_2_Chr6	64800000	64900000	6631
EL10_2_Chr6	64900000	65000000	2289
EL10_2_Chr6	65000000	65100000	1899
EL10_2_Chr6	65100000	65200000	1663
EL10_2_Chr6	65200000	65300000	2608
EL10_2_Chr6	65300000	65400000	2519
EL10_2_Chr6	65400000	65500000	1890
EL10_2_Chr6	65500000	65600000	4427
EL10_2_Chr6	65600000	65700000	3644
EL10_2_Chr6	65700000	65800000	2148
EL10_2_Chr6	65800000	65900000	1842
EL10_2_Chr6	65900000	66000000	1381
EL10_2_Chr6	66000000	66100000	1097
EL10_2_Chr6	66100000	66200000	2329
EL10_2_Chr6	66200000	66300000	2574
EL10_2_Chr6	66300000	66400000	3643
EL10_2_Chr6	66400000	66500000	.
EL10_2_Chr6	66500000	66600000	1990
EL10_2_Chr6	66600000	66700000	3487
EL10_2_Chr6	66700000	66800000	3424
EL10_2_Chr6	66800000	66900000	1713
EL10_2_Chr6	66900000	67000000	1293
EL10_2_Chr6	67000000	67100000	3804
EL10_2_Chr6	67100000	67200000	3841
EL10_2_Chr6	67200000	67300000	802
EL10_2_Chr6	67300000	67400000	6007
EL10_2_Chr6	67400000	67500000	4657
EL10_2_Chr6	67500000	67600000	4813
EL10_2_Chr6	67600000	67700000	4847
EL10_2_Chr6	67700000	67800000	5073
EL10_2_Chr6	67800000	67900000	5459
EL10_2_Chr6	67900000	68000000	2831
EL10_2_Chr6	68000000	68100000	3677
EL10_2_Chr6	68100000	68200000	2184
EL10_2_Chr6	68200000	68300000	1142
EL10_2_Chr6	68300000	68400000	1162
EL10_2_Chr6	68400000	68500000	3452
EL10_2_Chr6	68500000	68600000	4970
EL10_2_Chr6	68600000	68700000	3722
EL10_2_Chr6	68700000	68800000	2231
EL10_2_Chr6	68800000	68900000	2316
EL10_2_Chr6	68900000	69000000	774
EL10_2_Chr6	69000000	69100000	3702
EL10_2_Chr6	69100000	69200000	1804
EL10_2_Chr6	69200000	69300000	1990
EL10_2_Chr6	69300000	69400000	1068
EL10_2_Chr6	69400000	69500000	1508
EL10_2_Chr6	69500000	69600000	3989
EL10_2_Chr6	69600000	69700000	3176
EL10_2_Chr6	69700000	69800000	2593
EL10_2_Chr6	69800000	69900000	5892
EL10_2_Chr6	69900000	70000000	4623
EL10_2_Chr6	70000000	70100000	2629
EL10_2_Chr6	70100000	70200000	1218
EL10_2_Chr6	70200000	70300000	1588
EL10_2_Chr6	70300000	70400000	3123
EL10_2_Chr6	70400000	70500000	2295
EL10_2_Chr6	70500000	70600000	2307
EL10_2_Chr6	70600000	70700000	2752
EL10_2_Chr6	70700000	70800000	1920
EL10_2_Chr6	70800000	70900000	3925
EL10_2_Chr6	70900000	71000000	3372
EL10_2_Chr6	71000000	71100000	611
EL10_2_Chr6	71100000	71200000	1126
EL10_2_Chr6	71200000	71300000	1728
EL10_2_Chr6	71300000	71400000	2991
EL10_2_Chr6	71400000	71500000	3658
EL10_2_Chr6	71500000	71600000	2892
EL10_2_Chr6	71600000	71700000	3200
EL10_2_Chr6	71700000	71800000	2538
EL10_2_Chr6	71800000	71900000	3636
EL10_2_Chr6	71900000	72000000	5560
EL10_2_Chr6	72000000	72100000	3641
EL10_2_Chr6	72100000	72200000	4376
EL10_2_Chr6	72200000	72300000	3268
EL10_2_Chr6	72300000	72400000	2214
EL10_2_Chr6	72400000	72475159	436
EL10_2_Chr7	0	100000	4786
EL10_2_Chr7	100000	200000	14302
EL10_2_Chr7	200000	300000	5709
EL10_2_Chr7	300000	400000	16504
EL10_2_Chr7	400000	500000	5551
EL10_2_Chr7	500000	600000	5893
EL10_2_Chr7	600000	700000	585
EL10_2_Chr7	700000	800000	5505
EL10_2_Chr7	800000	900000	2974
EL10_2_Chr7	900000	1000000	8856
EL10_2_Chr7	1000000	1100000	5162
EL10_2_Chr7	1100000	1200000	3885
EL10_2_Chr7	1200000	1300000	2569
EL10_2_Chr7	1300000	1400000	3011
EL10_2_Chr7	1400000	1500000	2105
EL10_2_Chr7	1500000	1600000	2336
EL10_2_Chr7	1600000	1700000	6623
EL10_2_Chr7	1700000	1800000	1241
EL10_2_Chr7	1800000	1900000	2098
EL10_2_Chr7	1900000	2000000	10066
EL10_2_Chr7	2000000	2100000	.
EL10_2_Chr7	2100000	2200000	829
EL10_2_Chr7	2200000	2300000	3686
EL10_2_Chr7	2300000	2400000	3806
EL10_2_Chr7	2400000	2500000	1840
EL10_2_Chr7	2500000	2600000	1883
EL10_2_Chr7	2600000	2700000	6759
EL10_2_Chr7	2700000	2800000	4361
EL10_2_Chr7	2800000	2900000	4740
EL10_2_Chr7	2900000	3000000	4169
EL10_2_Chr7	3000000	3100000	1193
EL10_2_Chr7	3100000	3200000	3138
EL10_2_Chr7	3200000	3300000	3082
EL10_2_Chr7	3300000	3400000	1969
EL10_2_Chr7	3400000	3500000	.
EL10_2_Chr7	3500000	3600000	436
EL10_2_Chr7	3600000	3700000	6104
EL10_2_Chr7	3700000	3800000	2700
EL10_2_Chr7	3800000	3900000	5456
EL10_2_Chr7	3900000	4000000	4176
EL10_2_Chr7	4000000	4100000	8283
EL10_2_Chr7	4100000	4200000	2957
EL10_2_Chr7	4200000	4300000	2913
EL10_2_Chr7	4300000	4400000	4558
EL10_2_Chr7	4400000	4500000	2549
EL10_2_Chr7	4500000	4600000	1341
EL10_2_Chr7	4600000	4700000	3030
EL10_2_Chr7	4700000	4800000	15341
EL10_2_Chr7	4800000	4900000	4073
EL10_2_Chr7	4900000	5000000	9140
EL10_2_Chr7	5000000	5100000	.
EL10_2_Chr7	5100000	5200000	10774
EL10_2_Chr7	5200000	5300000	7329
EL10_2_Chr7	5300000	5400000	1888
EL10_2_Chr7	5400000	5500000	1112
EL10_2_Chr7	5500000	5600000	686
EL10_2_Chr7	5600000	5700000	3258
EL10_2_Chr7	5700000	5800000	2340
EL10_2_Chr7	5800000	5900000	13238
EL10_2_Chr7	5900000	6000000	1170
EL10_2_Chr7	6000000	6100000	3466
EL10_2_Chr7	6100000	6200000	1458
EL10_2_Chr7	6200000	6300000	1626
EL10_2_Chr7	6300000	6400000	128
EL10_2_Chr7	6400000	6500000	772
EL10_2_Chr7	6500000	6600000	1641
EL10_2_Chr7	6600000	6700000	1124
EL10_2_Chr7	6700000	6800000	1849
EL10_2_Chr7	6800000	6900000	3375
EL10_2_Chr7	6900000	7000000	5401
EL10_2_Chr7	7000000	7100000	2061
EL10_2_Chr7	7100000	7200000	3830
EL10_2_Chr7	7200000	7300000	5755
EL10_2_Chr7	7300000	7400000	1179
EL10_2_Chr7	7400000	7500000	2636
EL10_2_Chr7	7500000	7600000	6792
EL10_2_Chr7	7600000	7700000	2193
EL10_2_Chr7	7700000	7800000	2399
EL10_2_Chr7	7800000	7900000	3014
EL10_2_Chr7	7900000	8000000	4697
EL10_2_Chr7	8000000	8100000	1033
EL10_2_Chr7	8100000	8200000	2145
EL10_2_Chr7	8200000	8300000	901
EL10_2_Chr7	8300000	8400000	1004
EL10_2_Chr7	8400000	8500000	2785
EL10_2_Chr7	8500000	8600000	3905
EL10_2_Chr7	8600000	8700000	3682
EL10_2_Chr7	8700000	8800000	1871
EL10_2_Chr7	8800000	8900000	446
EL10_2_Chr7	8900000	9000000	977
EL10_2_Chr7	9000000	9100000	1215
EL10_2_Chr7	9100000	9200000	1664
EL10_2_Chr7	9200000	9300000	8992
EL10_2_Chr7	9300000	9400000	1517
EL10_2_Chr7	9400000	9500000	2842
EL10_2_Chr7	9500000	9600000	2761
EL10_2_Chr7	9600000	9700000	460
EL10_2_Chr7	9700000	9800000	6656
EL10_2_Chr7	9800000	9900000	504
EL10_2_Chr7	9900000	10000000	649
EL10_2_Chr7	10000000	10100000	3885
EL10_2_Chr7	10100000	10200000	13179
EL10_2_Chr7	10200000	10300000	5350
EL10_2_Chr7	10300000	10400000	5909
EL10_2_Chr7	10400000	10500000	695
EL10_2_Chr7	10500000	10600000	611
EL10_2_Chr7	10600000	10700000	1219
EL10_2_Chr7	10700000	10800000	19167
EL10_2_Chr7	10800000	10900000	22898
EL10_2_Chr7	10900000	11000000	.
EL10_2_Chr7	11000000	11100000	1020
EL10_2_Chr7	11100000	11200000	690
EL10_2_Chr7	11200000	11300000	2001
EL10_2_Chr7	11300000	11400000	483
EL10_2_Chr7	11400000	11500000	8188
EL10_2_Chr7	11500000	11600000	1644
EL10_2_Chr7	11600000	11700000	2058
EL10_2_Chr7	11700000	11800000	1784
EL10_2_Chr7	11800000	11900000	2900
EL10_2_Chr7	11900000	12000000	1369
EL10_2_Chr7	12000000	12100000	4052
EL10_2_Chr7	12100000	12200000	1065
EL10_2_Chr7	12200000	12300000	1274
EL10_2_Chr7	12300000	12400000	420
EL10_2_Chr7	12400000	12500000	1923
EL10_2_Chr7	12500000	12600000	6937
EL10_2_Chr7	12600000	12700000	2645
EL10_2_Chr7	12700000	12800000	3585
EL10_2_Chr7	12800000	12900000	15494
EL10_2_Chr7	12900000	13000000	17764
EL10_2_Chr7	13000000	13100000	2084
EL10_2_Chr7	13100000	13200000	966
EL10_2_Chr7	13200000	13300000	1063
EL10_2_Chr7	13300000	13400000	449
EL10_2_Chr7	13400000	13500000	3457
EL10_2_Chr7	13500000	13600000	587
EL10_2_Chr7	13600000	13700000	5650
EL10_2_Chr7	13700000	13800000	536
EL10_2_Chr7	13800000	13900000	2730
EL10_2_Chr7	13900000	14000000	2118
EL10_2_Chr7	14000000	14100000	4099
EL10_2_Chr7	14100000	14200000	5385
EL10_2_Chr7	14200000	14300000	833
EL10_2_Chr7	14300000	14400000	2500
EL10_2_Chr7	14400000	14500000	1678
EL10_2_Chr7	14500000	14600000	3412
EL10_2_Chr7	14600000	14700000	2112
EL10_2_Chr7	14700000	14800000	260
EL10_2_Chr7	14800000	14900000	692
EL10_2_Chr7	14900000	15000000	2805
EL10_2_Chr7	15000000	15100000	190
EL10_2_Chr7	15100000	15200000	2412
EL10_2_Chr7	15200000	15300000	630
EL10_2_Chr7	15300000	15400000	4769
EL10_2_Chr7	15400000	15500000	909
EL10_2_Chr7	15500000	15600000	252
EL10_2_Chr7	15600000	15700000	.
EL10_2_Chr7	15700000	15800000	379
EL10_2_Chr7	15800000	15900000	1747
EL10_2_Chr7	15900000	16000000	218
EL10_2_Chr7	16000000	16100000	2317
EL10_2_Chr7	16100000	16200000	343
EL10_2_Chr7	16200000	16300000	888
EL10_2_Chr7	16300000	16400000	9029
EL10_2_Chr7	16400000	16500000	1197
EL10_2_Chr7	16500000	16600000	1186
EL10_2_Chr7	16600000	16700000	11172
EL10_2_Chr7	16700000	16800000	.
EL10_2_Chr7	16800000	16900000	147
EL10_2_Chr7	16900000	17000000	1340
EL10_2_Chr7	17000000	17100000	2079
EL10_2_Chr7	17100000	17200000	8160
EL10_2_Chr7	17200000	17300000	1753
EL10_2_Chr7	17300000	17400000	1024
EL10_2_Chr7	17400000	17500000	1087
EL10_2_Chr7	17500000	17600000	538
EL10_2_Chr7	17600000	17700000	331
EL10_2_Chr7	17700000	17800000	1070
EL10_2_Chr7	17800000	17900000	2192
EL10_2_Chr7	17900000	18000000	253
EL10_2_Chr7	18000000	18100000	1444
EL10_2_Chr7	18100000	18200000	4177
EL10_2_Chr7	18200000	18300000	.
EL10_2_Chr7	18300000	18400000	8194
EL10_2_Chr7	18400000	18500000	924
EL10_2_Chr7	18500000	18600000	1599
EL10_2_Chr7	18600000	18700000	384
EL10_2_Chr7	18700000	18800000	892
EL10_2_Chr7	18800000	18900000	1488
EL10_2_Chr7	18900000	19000000	444
EL10_2_Chr7	19000000	19100000	554
EL10_2_Chr7	19100000	19200000	819
EL10_2_Chr7	19200000	19300000	106
EL10_2_Chr7	19300000	19400000	13086
EL10_2_Chr7	19400000	19500000	501
EL10_2_Chr7	19500000	19600000	484
EL10_2_Chr7	19600000	19700000	8470
EL10_2_Chr7	19700000	19800000	808
EL10_2_Chr7	19800000	19900000	.
EL10_2_Chr7	19900000	20000000	1736
EL10_2_Chr7	20000000	20100000	.
EL10_2_Chr7	20100000	20200000	840
EL10_2_Chr7	20200000	20300000	479
EL10_2_Chr7	20300000	20400000	402
EL10_2_Chr7	20400000	20500000	.
EL10_2_Chr7	20500000	20600000	4413
EL10_2_Chr7	20600000	20700000	909
EL10_2_Chr7	20700000	20800000	3786
EL10_2_Chr7	20800000	20900000	.
EL10_2_Chr7	20900000	21000000	1030
EL10_2_Chr7	21000000	21100000	2701
EL10_2_Chr7	21100000	21200000	.
EL10_2_Chr7	21200000	21300000	.
EL10_2_Chr7	21300000	21400000	407
EL10_2_Chr7	21400000	21500000	195
EL10_2_Chr7	21500000	21600000	83
EL10_2_Chr7	21600000	21700000	.
EL10_2_Chr7	21700000	21800000	.
EL10_2_Chr7	21800000	21900000	1104
EL10_2_Chr7	21900000	22000000	774
EL10_2_Chr7	22000000	22100000	2715
EL10_2_Chr7	22100000	22200000	2881
EL10_2_Chr7	22200000	22300000	803
EL10_2_Chr7	22300000	22400000	514
EL10_2_Chr7	22400000	22500000	802
EL10_2_Chr7	22500000	22600000	.
EL10_2_Chr7	22600000	22700000	1443
EL10_2_Chr7	22700000	22800000	2426
EL10_2_Chr7	22800000	22900000	2035
EL10_2_Chr7	22900000	23000000	1596
EL10_2_Chr7	23000000	23100000	96
EL10_2_Chr7	23100000	23200000	286
EL10_2_Chr7	23200000	23300000	.
EL10_2_Chr7	23300000	23400000	1028
EL10_2_Chr7	23400000	23500000	1525
EL10_2_Chr7	23500000	23600000	.
EL10_2_Chr7	23600000	23700000	.
EL10_2_Chr7	23700000	23800000	.
EL10_2_Chr7	23800000	23900000	.
EL10_2_Chr7	23900000	24000000	181
EL10_2_Chr7	24000000	24100000	960
EL10_2_Chr7	24100000	24200000	239
EL10_2_Chr7	24200000	24300000	453
EL10_2_Chr7	24300000	24400000	335
EL10_2_Chr7	24400000	24500000	571
EL10_2_Chr7	24500000	24600000	.
EL10_2_Chr7	24600000	24700000	.
EL10_2_Chr7	24700000	24800000	323
EL10_2_Chr7	24800000	24900000	711
EL10_2_Chr7	24900000	25000000	200
EL10_2_Chr7	25000000	25100000	110
EL10_2_Chr7	25100000	25200000	496
EL10_2_Chr7	25200000	25300000	.
EL10_2_Chr7	25300000	25400000	1881
EL10_2_Chr7	25400000	25500000	950
EL10_2_Chr7	25500000	25600000	3522
EL10_2_Chr7	25600000	25700000	2042
EL10_2_Chr7	25700000	25800000	.
EL10_2_Chr7	25800000	25900000	816
EL10_2_Chr7	25900000	26000000	.
EL10_2_Chr7	26000000	26100000	715
EL10_2_Chr7	26100000	26200000	830
EL10_2_Chr7	26200000	26300000	785
EL10_2_Chr7	26300000	26400000	330
EL10_2_Chr7	26400000	26500000	1028
EL10_2_Chr7	26500000	26600000	348
EL10_2_Chr7	26600000	26700000	1377
EL10_2_Chr7	26700000	26800000	853
EL10_2_Chr7	26800000	26900000	6061
EL10_2_Chr7	26900000	27000000	.
EL10_2_Chr7	27000000	27100000	1068
EL10_2_Chr7	27100000	27200000	2218
EL10_2_Chr7	27200000	27300000	51
EL10_2_Chr7	27300000	27400000	8587
EL10_2_Chr7	27400000	27500000	422
EL10_2_Chr7	27500000	27600000	340
EL10_2_Chr7	27600000	27700000	195
EL10_2_Chr7	27700000	27800000	1178
EL10_2_Chr7	27800000	27900000	479
EL10_2_Chr7	27900000	28000000	254
EL10_2_Chr7	28000000	28100000	2457
EL10_2_Chr7	28100000	28200000	.
EL10_2_Chr7	28200000	28300000	.
EL10_2_Chr7	28300000	28400000	1790
EL10_2_Chr7	28400000	28500000	.
EL10_2_Chr7	28500000	28600000	860
EL10_2_Chr7	28600000	28700000	664
EL10_2_Chr7	28700000	28800000	5051
EL10_2_Chr7	28800000	28900000	1500
EL10_2_Chr7	28900000	29000000	173
EL10_2_Chr7	29000000	29100000	615
EL10_2_Chr7	29100000	29200000	897
EL10_2_Chr7	29200000	29300000	363
EL10_2_Chr7	29300000	29400000	289
EL10_2_Chr7	29400000	29500000	69
EL10_2_Chr7	29500000	29600000	334
EL10_2_Chr7	29600000	29700000	348
EL10_2_Chr7	29700000	29800000	1550
EL10_2_Chr7	29800000	29900000	1378
EL10_2_Chr7	29900000	30000000	9698
EL10_2_Chr7	30000000	30100000	201
EL10_2_Chr7	30100000	30200000	2815
EL10_2_Chr7	30200000	30300000	2080
EL10_2_Chr7	30300000	30400000	10216
EL10_2_Chr7	30400000	30500000	5000
EL10_2_Chr7	30500000	30600000	3269
EL10_2_Chr7	30600000	30700000	2648
EL10_2_Chr7	30700000	30800000	1443
EL10_2_Chr7	30800000	30900000	1813
EL10_2_Chr7	30900000	31000000	400
EL10_2_Chr7	31000000	31100000	832
EL10_2_Chr7	31100000	31200000	826
EL10_2_Chr7	31200000	31300000	1436
EL10_2_Chr7	31300000	31400000	1640
EL10_2_Chr7	31400000	31500000	802
EL10_2_Chr7	31500000	31600000	322
EL10_2_Chr7	31600000	31700000	935
EL10_2_Chr7	31700000	31800000	231
EL10_2_Chr7	31800000	31900000	.
EL10_2_Chr7	31900000	32000000	629
EL10_2_Chr7	32000000	32100000	1187
EL10_2_Chr7	32100000	32200000	213
EL10_2_Chr7	32200000	32300000	1452
EL10_2_Chr7	32300000	32400000	5641
EL10_2_Chr7	32400000	32500000	4489
EL10_2_Chr7	32500000	32600000	752
EL10_2_Chr7	32600000	32700000	691
EL10_2_Chr7	32700000	32800000	1608
EL10_2_Chr7	32800000	32900000	.
EL10_2_Chr7	32900000	33000000	326
EL10_2_Chr7	33000000	33100000	411
EL10_2_Chr7	33100000	33200000	207
EL10_2_Chr7	33200000	33300000	3694
EL10_2_Chr7	33300000	33400000	371
EL10_2_Chr7	33400000	33500000	2292
EL10_2_Chr7	33500000	33600000	1244
EL10_2_Chr7	33600000	33700000	1915
EL10_2_Chr7	33700000	33800000	495
EL10_2_Chr7	33800000	33900000	.
EL10_2_Chr7	33900000	34000000	243
EL10_2_Chr7	34000000	34100000	515
EL10_2_Chr7	34100000	34200000	.
EL10_2_Chr7	34200000	34300000	113
EL10_2_Chr7	34300000	34400000	1183
EL10_2_Chr7	34400000	34500000	134
EL10_2_Chr7	34500000	34600000	908
EL10_2_Chr7	34600000	34700000	1317
EL10_2_Chr7	34700000	34800000	1109
EL10_2_Chr7	34800000	34900000	428
EL10_2_Chr7	34900000	35000000	1097
EL10_2_Chr7	35000000	35100000	1038
EL10_2_Chr7	35100000	35200000	1693
EL10_2_Chr7	35200000	35300000	905
EL10_2_Chr7	35300000	35400000	2581
EL10_2_Chr7	35400000	35500000	1547
EL10_2_Chr7	35500000	35600000	555
EL10_2_Chr7	35600000	35700000	1241
EL10_2_Chr7	35700000	35800000	651
EL10_2_Chr7	35800000	35900000	823
EL10_2_Chr7	35900000	36000000	1237
EL10_2_Chr7	36000000	36100000	1219
EL10_2_Chr7	36100000	36200000	4383
EL10_2_Chr7	36200000	36300000	953
EL10_2_Chr7	36300000	36400000	1754
EL10_2_Chr7	36400000	36500000	939
EL10_2_Chr7	36500000	36600000	172
EL10_2_Chr7	36600000	36700000	2405
EL10_2_Chr7	36700000	36800000	1534
EL10_2_Chr7	36800000	36900000	958
EL10_2_Chr7	36900000	37000000	671
EL10_2_Chr7	37000000	37100000	660
EL10_2_Chr7	37100000	37200000	.
EL10_2_Chr7	37200000	37300000	.
EL10_2_Chr7	37300000	37400000	.
EL10_2_Chr7	37400000	37500000	2556
EL10_2_Chr7	37500000	37600000	1133
EL10_2_Chr7	37600000	37700000	.
EL10_2_Chr7	37700000	37800000	.
EL10_2_Chr7	37800000	37900000	986
EL10_2_Chr7	37900000	38000000	464
EL10_2_Chr7	38000000	38100000	1610
EL10_2_Chr7	38100000	38200000	1256
EL10_2_Chr7	38200000	38300000	1700
EL10_2_Chr7	38300000	38400000	1484
EL10_2_Chr7	38400000	38500000	1382
EL10_2_Chr7	38500000	38600000	762
EL10_2_Chr7	38600000	38700000	289
EL10_2_Chr7	38700000	38800000	1980
EL10_2_Chr7	38800000	38900000	2159
EL10_2_Chr7	38900000	39000000	.
EL10_2_Chr7	39000000	39100000	1394
EL10_2_Chr7	39100000	39200000	702
EL10_2_Chr7	39200000	39300000	649
EL10_2_Chr7	39300000	39400000	609
EL10_2_Chr7	39400000	39500000	.
EL10_2_Chr7	39500000	39600000	1135
EL10_2_Chr7	39600000	39700000	1051
EL10_2_Chr7	39700000	39800000	371
EL10_2_Chr7	39800000	39900000	2331
EL10_2_Chr7	39900000	40000000	.
EL10_2_Chr7	40000000	40100000	1307
EL10_2_Chr7	40100000	40200000	1647
EL10_2_Chr7	40200000	40300000	978
EL10_2_Chr7	40300000	40400000	123
EL10_2_Chr7	40400000	40500000	1132
EL10_2_Chr7	40500000	40600000	1264
EL10_2_Chr7	40600000	40700000	1620
EL10_2_Chr7	40700000	40800000	657
EL10_2_Chr7	40800000	40900000	373
EL10_2_Chr7	40900000	41000000	2277
EL10_2_Chr7	41000000	41100000	1220
EL10_2_Chr7	41100000	41200000	1062
EL10_2_Chr7	41200000	41300000	556
EL10_2_Chr7	41300000	41400000	1045
EL10_2_Chr7	41400000	41500000	483
EL10_2_Chr7	41500000	41600000	.
EL10_2_Chr7	41600000	41700000	937
EL10_2_Chr7	41700000	41800000	.
EL10_2_Chr7	41800000	41900000	76
EL10_2_Chr7	41900000	42000000	1046
EL10_2_Chr7	42000000	42100000	1127
EL10_2_Chr7	42100000	42200000	1139
EL10_2_Chr7	42200000	42300000	2966
EL10_2_Chr7	42300000	42400000	461
EL10_2_Chr7	42400000	42500000	226
EL10_2_Chr7	42500000	42600000	171
EL10_2_Chr7	42600000	42700000	1067
EL10_2_Chr7	42700000	42800000	2433
EL10_2_Chr7	42800000	42900000	1170
EL10_2_Chr7	42900000	43000000	4686
EL10_2_Chr7	43000000	43100000	2182
EL10_2_Chr7	43100000	43200000	1381
EL10_2_Chr7	43200000	43300000	1195
EL10_2_Chr7	43300000	43400000	779
EL10_2_Chr7	43400000	43500000	321
EL10_2_Chr7	43500000	43600000	1897
EL10_2_Chr7	43600000	43700000	981
EL10_2_Chr7	43700000	43800000	1557
EL10_2_Chr7	43800000	43900000	875
EL10_2_Chr7	43900000	44000000	596
EL10_2_Chr7	44000000	44100000	669
EL10_2_Chr7	44100000	44200000	2461
EL10_2_Chr7	44200000	44300000	1800
EL10_2_Chr7	44300000	44400000	1050
EL10_2_Chr7	44400000	44500000	2301
EL10_2_Chr7	44500000	44600000	1998
EL10_2_Chr7	44600000	44700000	2173
EL10_2_Chr7	44700000	44800000	2176
EL10_2_Chr7	44800000	44900000	907
EL10_2_Chr7	44900000	45000000	2778
EL10_2_Chr7	45000000	45100000	1128
EL10_2_Chr7	45100000	45200000	173
EL10_2_Chr7	45200000	45300000	588
EL10_2_Chr7	45300000	45400000	2101
EL10_2_Chr7	45400000	45500000	826
EL10_2_Chr7	45500000	45600000	479
EL10_2_Chr7	45600000	45700000	1399
EL10_2_Chr7	45700000	45800000	664
EL10_2_Chr7	45800000	45900000	1218
EL10_2_Chr7	45900000	46000000	1894
EL10_2_Chr7	46000000	46100000	515
EL10_2_Chr7	46100000	46200000	1137
EL10_2_Chr7	46200000	46300000	518
EL10_2_Chr7	46300000	46400000	1908
EL10_2_Chr7	46400000	46500000	1727
EL10_2_Chr7	46500000	46600000	975
EL10_2_Chr7	46600000	46700000	1105
EL10_2_Chr7	46700000	46800000	2842
EL10_2_Chr7	46800000	46900000	759
EL10_2_Chr7	46900000	47000000	2502
EL10_2_Chr7	47000000	47100000	1310
EL10_2_Chr7	47100000	47200000	1532
EL10_2_Chr7	47200000	47300000	2213
EL10_2_Chr7	47300000	47400000	1275
EL10_2_Chr7	47400000	47500000	1964
EL10_2_Chr7	47500000	47600000	4363
EL10_2_Chr7	47600000	47700000	2972
EL10_2_Chr7	47700000	47800000	1848
EL10_2_Chr7	47800000	47900000	1348
EL10_2_Chr7	47900000	48000000	2451
EL10_2_Chr7	48000000	48100000	3534
EL10_2_Chr7	48100000	48200000	4771
EL10_2_Chr7	48200000	48300000	2616
EL10_2_Chr7	48300000	48400000	2187
EL10_2_Chr7	48400000	48500000	2415
EL10_2_Chr7	48500000	48600000	3883
EL10_2_Chr7	48600000	48700000	3666
EL10_2_Chr7	48700000	48800000	1049
EL10_2_Chr7	48800000	48900000	2761
EL10_2_Chr7	48900000	49000000	2707
EL10_2_Chr7	49000000	49100000	1181
EL10_2_Chr7	49100000	49200000	2160
EL10_2_Chr7	49200000	49300000	1592
EL10_2_Chr7	49300000	49400000	303
EL10_2_Chr7	49400000	49500000	341
EL10_2_Chr7	49500000	49600000	2228
EL10_2_Chr7	49600000	49700000	4037
EL10_2_Chr7	49700000	49800000	2881
EL10_2_Chr7	49800000	49900000	2294
EL10_2_Chr7	49900000	50000000	2171
EL10_2_Chr7	50000000	50100000	5502
EL10_2_Chr7	50100000	50200000	594
EL10_2_Chr7	50200000	50300000	3321
EL10_2_Chr7	50300000	50400000	1798
EL10_2_Chr7	50400000	50500000	2906
EL10_2_Chr7	50500000	50600000	1148
EL10_2_Chr7	50600000	50700000	951
EL10_2_Chr7	50700000	50800000	2983
EL10_2_Chr7	50800000	50900000	1640
EL10_2_Chr7	50900000	51000000	3521
EL10_2_Chr7	51000000	51100000	2179
EL10_2_Chr7	51100000	51200000	2868
EL10_2_Chr7	51200000	51300000	2454
EL10_2_Chr7	51300000	51400000	900
EL10_2_Chr7	51400000	51500000	4952
EL10_2_Chr7	51500000	51600000	1875
EL10_2_Chr7	51600000	51700000	2145
EL10_2_Chr7	51700000	51800000	390
EL10_2_Chr7	51800000	51900000	1096
EL10_2_Chr7	51900000	52000000	1285
EL10_2_Chr7	52000000	52100000	1082
EL10_2_Chr7	52100000	52200000	1552
EL10_2_Chr7	52200000	52300000	2974
EL10_2_Chr7	52300000	52400000	513
EL10_2_Chr7	52400000	52500000	5751
EL10_2_Chr7	52500000	52600000	3869
EL10_2_Chr7	52600000	52700000	3138
EL10_2_Chr7	52700000	52800000	817
EL10_2_Chr7	52800000	52900000	3127
EL10_2_Chr7	52900000	53000000	1231
EL10_2_Chr7	53000000	53100000	1855
EL10_2_Chr7	53100000	53200000	3016
EL10_2_Chr7	53200000	53300000	2324
EL10_2_Chr7	53300000	53400000	2295
EL10_2_Chr7	53400000	53500000	1235
EL10_2_Chr7	53500000	53600000	3144
EL10_2_Chr7	53600000	53700000	8287
EL10_2_Chr7	53700000	53800000	3683
EL10_2_Chr7	53800000	53900000	2624
EL10_2_Chr7	53900000	54000000	1079
EL10_2_Chr7	54000000	54100000	577
EL10_2_Chr7	54100000	54200000	4594
EL10_2_Chr7	54200000	54300000	1165
EL10_2_Chr7	54300000	54400000	2018
EL10_2_Chr7	54400000	54500000	3236
EL10_2_Chr7	54500000	54600000	2979
EL10_2_Chr7	54600000	54700000	2692
EL10_2_Chr7	54700000	54800000	4189
EL10_2_Chr7	54800000	54900000	1515
EL10_2_Chr7	54900000	55000000	1639
EL10_2_Chr7	55000000	55100000	1568
EL10_2_Chr7	55100000	55200000	1822
EL10_2_Chr7	55200000	55300000	3890
EL10_2_Chr7	55300000	55400000	1333
EL10_2_Chr7	55400000	55500000	2191
EL10_2_Chr7	55500000	55600000	5208
EL10_2_Chr7	55600000	55700000	6479
EL10_2_Chr7	55700000	55800000	2694
EL10_2_Chr7	55800000	55900000	4488
EL10_2_Chr7	55900000	56000000	1398
EL10_2_Chr7	56000000	56100000	2594
EL10_2_Chr7	56100000	56200000	3463
EL10_2_Chr7	56200000	56300000	5391
EL10_2_Chr7	56300000	56400000	4950
EL10_2_Chr7	56400000	56500000	5057
EL10_2_Chr7	56500000	56600000	3453
EL10_2_Chr7	56600000	56700000	5079
EL10_2_Chr7	56700000	56800000	2974
EL10_2_Chr7	56800000	56900000	4515
EL10_2_Chr7	56900000	57000000	2754
EL10_2_Chr7	57000000	57100000	841
EL10_2_Chr7	57100000	57200000	4405
EL10_2_Chr7	57200000	57300000	4637
EL10_2_Chr7	57300000	57400000	3099
EL10_2_Chr7	57400000	57500000	5105
EL10_2_Chr7	57500000	57600000	3105
EL10_2_Chr7	57600000	57700000	6943
EL10_2_Chr7	57700000	57800000	4005
EL10_2_Chr7	57800000	57900000	1082
EL10_2_Chr7	57900000	58000000	7178
EL10_2_Chr7	58000000	58100000	4381
EL10_2_Chr7	58100000	58200000	3677
EL10_2_Chr7	58200000	58300000	3908
EL10_2_Chr7	58300000	58400000	4515
EL10_2_Chr7	58400000	58500000	2378
EL10_2_Chr7	58500000	58600000	4820
EL10_2_Chr7	58600000	58700000	1937
EL10_2_Chr7	58700000	58800000	2527
EL10_2_Chr7	58800000	58900000	1815
EL10_2_Chr7	58900000	59000000	2986
EL10_2_Chr7	59000000	59100000	3229
EL10_2_Chr7	59100000	59200000	5356
EL10_2_Chr7	59200000	59300000	5617
EL10_2_Chr7	59300000	59400000	6397
EL10_2_Chr7	59400000	59500000	3558
EL10_2_Chr7	59500000	59600000	3645
EL10_2_Chr7	59600000	59700000	3420
EL10_2_Chr7	59700000	59800000	7643
EL10_2_Chr7	59800000	59900000	5461
EL10_2_Chr7	59900000	60000000	2780
EL10_2_Chr7	60000000	60100000	4870
EL10_2_Chr7	60100000	60200000	2964
EL10_2_Chr7	60200000	60300000	4094
EL10_2_Chr7	60300000	60400000	2848
EL10_2_Chr7	60400000	60500000	3124
EL10_2_Chr7	60500000	60600000	6622
EL10_2_Chr7	60600000	60700000	3387
EL10_2_Chr7	60700000	60800000	5175
EL10_2_Chr7	60800000	60900000	4292
EL10_2_Chr7	60900000	61000000	3936
EL10_2_Chr7	61000000	61088525	2907
EL10_2_Chr8	0	100000	3104
EL10_2_Chr8	100000	200000	3522
EL10_2_Chr8	200000	300000	4069
EL10_2_Chr8	300000	400000	5067
EL10_2_Chr8	400000	500000	3210
EL10_2_Chr8	500000	600000	2298
EL10_2_Chr8	600000	700000	2882
EL10_2_Chr8	700000	800000	5020
EL10_2_Chr8	800000	900000	3293
EL10_2_Chr8	900000	1000000	3122
EL10_2_Chr8	1000000	1100000	2121
EL10_2_Chr8	1100000	1200000	4859
EL10_2_Chr8	1200000	1300000	1988
EL10_2_Chr8	1300000	1400000	2437
EL10_2_Chr8	1400000	1500000	2752
EL10_2_Chr8	1500000	1600000	2563
EL10_2_Chr8	1600000	1700000	2545
EL10_2_Chr8	1700000	1800000	4208
EL10_2_Chr8	1800000	1900000	2519
EL10_2_Chr8	1900000	2000000	749
EL10_2_Chr8	2000000	2100000	4716
EL10_2_Chr8	2100000	2200000	3771
EL10_2_Chr8	2200000	2300000	3113
EL10_2_Chr8	2300000	2400000	1816
EL10_2_Chr8	2400000	2500000	2866
EL10_2_Chr8	2500000	2600000	4091
EL10_2_Chr8	2600000	2700000	3570
EL10_2_Chr8	2700000	2800000	3354
EL10_2_Chr8	2800000	2900000	3434
EL10_2_Chr8	2900000	3000000	556
EL10_2_Chr8	3000000	3100000	3639
EL10_2_Chr8	3100000	3200000	1435
EL10_2_Chr8	3200000	3300000	1656
EL10_2_Chr8	3300000	3400000	2704
EL10_2_Chr8	3400000	3500000	1818
EL10_2_Chr8	3500000	3600000	655
EL10_2_Chr8	3600000	3700000	1164
EL10_2_Chr8	3700000	3800000	5231
EL10_2_Chr8	3800000	3900000	2843
EL10_2_Chr8	3900000	4000000	3876
EL10_2_Chr8	4000000	4100000	3237
EL10_2_Chr8	4100000	4200000	854
EL10_2_Chr8	4200000	4300000	930
EL10_2_Chr8	4300000	4400000	1653
EL10_2_Chr8	4400000	4500000	3313
EL10_2_Chr8	4500000	4600000	3603
EL10_2_Chr8	4600000	4700000	4848
EL10_2_Chr8	4700000	4800000	1890
EL10_2_Chr8	4800000	4900000	1828
EL10_2_Chr8	4900000	5000000	1766
EL10_2_Chr8	5000000	5100000	1732
EL10_2_Chr8	5100000	5200000	512
EL10_2_Chr8	5200000	5300000	1903
EL10_2_Chr8	5300000	5400000	1675
EL10_2_Chr8	5400000	5500000	1496
EL10_2_Chr8	5500000	5600000	1480
EL10_2_Chr8	5600000	5700000	1018
EL10_2_Chr8	5700000	5800000	2306
EL10_2_Chr8	5800000	5900000	3929
EL10_2_Chr8	5900000	6000000	2620
EL10_2_Chr8	6000000	6100000	2530
EL10_2_Chr8	6100000	6200000	2077
EL10_2_Chr8	6200000	6300000	1384
EL10_2_Chr8	6300000	6400000	2887
EL10_2_Chr8	6400000	6500000	533
EL10_2_Chr8	6500000	6600000	3792
EL10_2_Chr8	6600000	6700000	2231
EL10_2_Chr8	6700000	6800000	1637
EL10_2_Chr8	6800000	6900000	1920
EL10_2_Chr8	6900000	7000000	2153
EL10_2_Chr8	7000000	7100000	884
EL10_2_Chr8	7100000	7200000	3258
EL10_2_Chr8	7200000	7300000	2344
EL10_2_Chr8	7300000	7400000	1641
EL10_2_Chr8	7400000	7500000	2676
EL10_2_Chr8	7500000	7600000	1661
EL10_2_Chr8	7600000	7700000	248
EL10_2_Chr8	7700000	7800000	953
EL10_2_Chr8	7800000	7900000	3636
EL10_2_Chr8	7900000	8000000	777
EL10_2_Chr8	8000000	8100000	2514
EL10_2_Chr8	8100000	8200000	1030
EL10_2_Chr8	8200000	8300000	2260
EL10_2_Chr8	8300000	8400000	876
EL10_2_Chr8	8400000	8500000	894
EL10_2_Chr8	8500000	8600000	1962
EL10_2_Chr8	8600000	8700000	1661
EL10_2_Chr8	8700000	8800000	2803
EL10_2_Chr8	8800000	8900000	1189
EL10_2_Chr8	8900000	9000000	631
EL10_2_Chr8	9000000	9100000	1262
EL10_2_Chr8	9100000	9200000	1215
EL10_2_Chr8	9200000	9300000	109
EL10_2_Chr8	9300000	9400000	1725
EL10_2_Chr8	9400000	9500000	1448
EL10_2_Chr8	9500000	9600000	2020
EL10_2_Chr8	9600000	9700000	655
EL10_2_Chr8	9700000	9800000	1165
EL10_2_Chr8	9800000	9900000	1742
EL10_2_Chr8	9900000	10000000	.
EL10_2_Chr8	10000000	10100000	806
EL10_2_Chr8	10100000	10200000	1089
EL10_2_Chr8	10200000	10300000	1292
EL10_2_Chr8	10300000	10400000	2882
EL10_2_Chr8	10400000	10500000	1048
EL10_2_Chr8	10500000	10600000	476
EL10_2_Chr8	10600000	10700000	.
EL10_2_Chr8	10700000	10800000	263
EL10_2_Chr8	10800000	10900000	778
EL10_2_Chr8	10900000	11000000	1144
EL10_2_Chr8	11000000	11100000	1596
EL10_2_Chr8	11100000	11200000	1297
EL10_2_Chr8	11200000	11300000	700
EL10_2_Chr8	11300000	11400000	3073
EL10_2_Chr8	11400000	11500000	3291
EL10_2_Chr8	11500000	11600000	1235
EL10_2_Chr8	11600000	11700000	1700
EL10_2_Chr8	11700000	11800000	2339
EL10_2_Chr8	11800000	11900000	997
EL10_2_Chr8	11900000	12000000	732
EL10_2_Chr8	12000000	12100000	424
EL10_2_Chr8	12100000	12200000	763
EL10_2_Chr8	12200000	12300000	1334
EL10_2_Chr8	12300000	12400000	2079
EL10_2_Chr8	12400000	12500000	2631
EL10_2_Chr8	12500000	12600000	1044
EL10_2_Chr8	12600000	12700000	365
EL10_2_Chr8	12700000	12800000	1639
EL10_2_Chr8	12800000	12900000	712
EL10_2_Chr8	12900000	13000000	1094
EL10_2_Chr8	13000000	13100000	1019
EL10_2_Chr8	13100000	13200000	2476
EL10_2_Chr8	13200000	13300000	866
EL10_2_Chr8	13300000	13400000	1733
EL10_2_Chr8	13400000	13500000	742
EL10_2_Chr8	13500000	13600000	670
EL10_2_Chr8	13600000	13700000	.
EL10_2_Chr8	13700000	13800000	2479
EL10_2_Chr8	13800000	13900000	328
EL10_2_Chr8	13900000	14000000	218
EL10_2_Chr8	14000000	14100000	202
EL10_2_Chr8	14100000	14200000	2119
EL10_2_Chr8	14200000	14300000	602
EL10_2_Chr8	14300000	14400000	260
EL10_2_Chr8	14400000	14500000	1929
EL10_2_Chr8	14500000	14600000	161
EL10_2_Chr8	14600000	14700000	192
EL10_2_Chr8	14700000	14800000	2310
EL10_2_Chr8	14800000	14900000	1863
EL10_2_Chr8	14900000	15000000	1224
EL10_2_Chr8	15000000	15100000	1012
EL10_2_Chr8	15100000	15200000	1096
EL10_2_Chr8	15200000	15300000	1139
EL10_2_Chr8	15300000	15400000	560
EL10_2_Chr8	15400000	15500000	1959
EL10_2_Chr8	15500000	15600000	626
EL10_2_Chr8	15600000	15700000	156
EL10_2_Chr8	15700000	15800000	2399
EL10_2_Chr8	15800000	15900000	307
EL10_2_Chr8	15900000	16000000	1430
EL10_2_Chr8	16000000	16100000	1861
EL10_2_Chr8	16100000	16200000	629
EL10_2_Chr8	16200000	16300000	720
EL10_2_Chr8	16300000	16400000	1154
EL10_2_Chr8	16400000	16500000	2237
EL10_2_Chr8	16500000	16600000	748
EL10_2_Chr8	16600000	16700000	1334
EL10_2_Chr8	16700000	16800000	317
EL10_2_Chr8	16800000	16900000	953
EL10_2_Chr8	16900000	17000000	637
EL10_2_Chr8	17000000	17100000	1126
EL10_2_Chr8	17100000	17200000	803
EL10_2_Chr8	17200000	17300000	843
EL10_2_Chr8	17300000	17400000	524
EL10_2_Chr8	17400000	17500000	352
EL10_2_Chr8	17500000	17600000	.
EL10_2_Chr8	17600000	17700000	2280
EL10_2_Chr8	17700000	17800000	1341
EL10_2_Chr8	17800000	17900000	1622
EL10_2_Chr8	17900000	18000000	1153
EL10_2_Chr8	18000000	18100000	1357
EL10_2_Chr8	18100000	18200000	.
EL10_2_Chr8	18200000	18300000	746
EL10_2_Chr8	18300000	18400000	2178
EL10_2_Chr8	18400000	18500000	550
EL10_2_Chr8	18500000	18600000	1252
EL10_2_Chr8	18600000	18700000	1712
EL10_2_Chr8	18700000	18800000	575
EL10_2_Chr8	18800000	18900000	1449
EL10_2_Chr8	18900000	19000000	353
EL10_2_Chr8	19000000	19100000	853
EL10_2_Chr8	19100000	19200000	511
EL10_2_Chr8	19200000	19300000	688
EL10_2_Chr8	19300000	19400000	1427
EL10_2_Chr8	19400000	19500000	114
EL10_2_Chr8	19500000	19600000	1283
EL10_2_Chr8	19600000	19700000	1832
EL10_2_Chr8	19700000	19800000	290
EL10_2_Chr8	19800000	19900000	1066
EL10_2_Chr8	19900000	20000000	.
EL10_2_Chr8	20000000	20100000	138
EL10_2_Chr8	20100000	20200000	137
EL10_2_Chr8	20200000	20300000	880
EL10_2_Chr8	20300000	20400000	1076
EL10_2_Chr8	20400000	20500000	368
EL10_2_Chr8	20500000	20600000	277
EL10_2_Chr8	20600000	20700000	818
EL10_2_Chr8	20700000	20800000	380
EL10_2_Chr8	20800000	20900000	275
EL10_2_Chr8	20900000	21000000	1625
EL10_2_Chr8	21000000	21100000	446
EL10_2_Chr8	21100000	21200000	1099
EL10_2_Chr8	21200000	21300000	2078
EL10_2_Chr8	21300000	21400000	1219
EL10_2_Chr8	21400000	21500000	1048
EL10_2_Chr8	21500000	21600000	1659
EL10_2_Chr8	21600000	21700000	1418
EL10_2_Chr8	21700000	21800000	233
EL10_2_Chr8	21800000	21900000	494
EL10_2_Chr8	21900000	22000000	376
EL10_2_Chr8	22000000	22100000	711
EL10_2_Chr8	22100000	22200000	.
EL10_2_Chr8	22200000	22300000	568
EL10_2_Chr8	22300000	22400000	811
EL10_2_Chr8	22400000	22500000	1409
EL10_2_Chr8	22500000	22600000	2762
EL10_2_Chr8	22600000	22700000	253
EL10_2_Chr8	22700000	22800000	921
EL10_2_Chr8	22800000	22900000	1550
EL10_2_Chr8	22900000	23000000	1865
EL10_2_Chr8	23000000	23100000	219
EL10_2_Chr8	23100000	23200000	182
EL10_2_Chr8	23200000	23300000	1626
EL10_2_Chr8	23300000	23400000	2218
EL10_2_Chr8	23400000	23500000	679
EL10_2_Chr8	23500000	23600000	.
EL10_2_Chr8	23600000	23700000	1630
EL10_2_Chr8	23700000	23800000	1215
EL10_2_Chr8	23800000	23900000	396
EL10_2_Chr8	23900000	24000000	1753
EL10_2_Chr8	24000000	24100000	822
EL10_2_Chr8	24100000	24200000	.
EL10_2_Chr8	24200000	24300000	250
EL10_2_Chr8	24300000	24400000	411
EL10_2_Chr8	24400000	24500000	337
EL10_2_Chr8	24500000	24600000	742
EL10_2_Chr8	24600000	24700000	39
EL10_2_Chr8	24700000	24800000	848
EL10_2_Chr8	24800000	24900000	1198
EL10_2_Chr8	24900000	25000000	611
EL10_2_Chr8	25000000	25100000	1455
EL10_2_Chr8	25100000	25200000	2080
EL10_2_Chr8	25200000	25300000	1753
EL10_2_Chr8	25300000	25400000	354
EL10_2_Chr8	25400000	25500000	.
EL10_2_Chr8	25500000	25600000	827
EL10_2_Chr8	25600000	25700000	.
EL10_2_Chr8	25700000	25800000	823
EL10_2_Chr8	25800000	25900000	.
EL10_2_Chr8	25900000	26000000	926
EL10_2_Chr8	26000000	26100000	1383
EL10_2_Chr8	26100000	26200000	.
EL10_2_Chr8	26200000	26300000	.
EL10_2_Chr8	26300000	26400000	1320
EL10_2_Chr8	26400000	26500000	536
EL10_2_Chr8	26500000	26600000	857
EL10_2_Chr8	26600000	26700000	1938
EL10_2_Chr8	26700000	26800000	.
EL10_2_Chr8	26800000	26900000	608
EL10_2_Chr8	26900000	27000000	.
EL10_2_Chr8	27000000	27100000	1035
EL10_2_Chr8	27100000	27200000	759
EL10_2_Chr8	27200000	27300000	.
EL10_2_Chr8	27300000	27400000	684
EL10_2_Chr8	27400000	27500000	744
EL10_2_Chr8	27500000	27600000	409
EL10_2_Chr8	27600000	27700000	316
EL10_2_Chr8	27700000	27800000	575
EL10_2_Chr8	27800000	27900000	118
EL10_2_Chr8	27900000	28000000	969
EL10_2_Chr8	28000000	28100000	.
EL10_2_Chr8	28100000	28200000	655
EL10_2_Chr8	28200000	28300000	915
EL10_2_Chr8	28300000	28400000	975
EL10_2_Chr8	28400000	28500000	.
EL10_2_Chr8	28500000	28600000	618
EL10_2_Chr8	28600000	28700000	.
EL10_2_Chr8	28700000	28800000	637
EL10_2_Chr8	28800000	28900000	2013
EL10_2_Chr8	28900000	29000000	.
EL10_2_Chr8	29000000	29100000	.
EL10_2_Chr8	29100000	29200000	635
EL10_2_Chr8	29200000	29300000	437
EL10_2_Chr8	29300000	29400000	1926
EL10_2_Chr8	29400000	29500000	.
EL10_2_Chr8	29500000	29600000	.
EL10_2_Chr8	29600000	29700000	1117
EL10_2_Chr8	29700000	29800000	933
EL10_2_Chr8	29800000	29900000	633
EL10_2_Chr8	29900000	30000000	995
EL10_2_Chr8	30000000	30100000	452
EL10_2_Chr8	30100000	30200000	147
EL10_2_Chr8	30200000	30300000	474
EL10_2_Chr8	30300000	30400000	1691
EL10_2_Chr8	30400000	30500000	389
EL10_2_Chr8	30500000	30600000	160
EL10_2_Chr8	30600000	30700000	680
EL10_2_Chr8	30700000	30800000	1020
EL10_2_Chr8	30800000	30900000	174
EL10_2_Chr8	30900000	31000000	2103
EL10_2_Chr8	31000000	31100000	319
EL10_2_Chr8	31100000	31200000	.
EL10_2_Chr8	31200000	31300000	.
EL10_2_Chr8	31300000	31400000	922
EL10_2_Chr8	31400000	31500000	430
EL10_2_Chr8	31500000	31600000	1512
EL10_2_Chr8	31600000	31700000	.
EL10_2_Chr8	31700000	31800000	97
EL10_2_Chr8	31800000	31900000	.
EL10_2_Chr8	31900000	32000000	57
EL10_2_Chr8	32000000	32100000	448
EL10_2_Chr8	32100000	32200000	.
EL10_2_Chr8	32200000	32300000	.
EL10_2_Chr8	32300000	32400000	274
EL10_2_Chr8	32400000	32500000	1495
EL10_2_Chr8	32500000	32600000	222
EL10_2_Chr8	32600000	32700000	590
EL10_2_Chr8	32700000	32800000	1724
EL10_2_Chr8	32800000	32900000	681
EL10_2_Chr8	32900000	33000000	1165
EL10_2_Chr8	33000000	33100000	759
EL10_2_Chr8	33100000	33200000	498
EL10_2_Chr8	33200000	33300000	969
EL10_2_Chr8	33300000	33400000	736
EL10_2_Chr8	33400000	33500000	219
EL10_2_Chr8	33500000	33600000	.
EL10_2_Chr8	33600000	33700000	370
EL10_2_Chr8	33700000	33800000	315
EL10_2_Chr8	33800000	33900000	233
EL10_2_Chr8	33900000	34000000	.
EL10_2_Chr8	34000000	34100000	288
EL10_2_Chr8	34100000	34200000	747
EL10_2_Chr8	34200000	34300000	324
EL10_2_Chr8	34300000	34400000	844
EL10_2_Chr8	34400000	34500000	956
EL10_2_Chr8	34500000	34600000	539
EL10_2_Chr8	34600000	34700000	364
EL10_2_Chr8	34700000	34800000	519
EL10_2_Chr8	34800000	34900000	851
EL10_2_Chr8	34900000	35000000	.
EL10_2_Chr8	35000000	35100000	762
EL10_2_Chr8	35100000	35200000	662
EL10_2_Chr8	35200000	35300000	720
EL10_2_Chr8	35300000	35400000	680
EL10_2_Chr8	35400000	35500000	1254
EL10_2_Chr8	35500000	35600000	1230
EL10_2_Chr8	35600000	35700000	1064
EL10_2_Chr8	35700000	35800000	724
EL10_2_Chr8	35800000	35900000	819
EL10_2_Chr8	35900000	36000000	719
EL10_2_Chr8	36000000	36100000	447
EL10_2_Chr8	36100000	36200000	1299
EL10_2_Chr8	36200000	36300000	363
EL10_2_Chr8	36300000	36400000	919
EL10_2_Chr8	36400000	36500000	1174
EL10_2_Chr8	36500000	36600000	630
EL10_2_Chr8	36600000	36700000	459
EL10_2_Chr8	36700000	36800000	2093
EL10_2_Chr8	36800000	36900000	1996
EL10_2_Chr8	36900000	37000000	697
EL10_2_Chr8	37000000	37100000	937
EL10_2_Chr8	37100000	37200000	124
EL10_2_Chr8	37200000	37300000	1246
EL10_2_Chr8	37300000	37400000	197
EL10_2_Chr8	37400000	37500000	3246
EL10_2_Chr8	37500000	37600000	2074
EL10_2_Chr8	37600000	37700000	544
EL10_2_Chr8	37700000	37800000	654
EL10_2_Chr8	37800000	37900000	845
EL10_2_Chr8	37900000	38000000	883
EL10_2_Chr8	38000000	38100000	1307
EL10_2_Chr8	38100000	38200000	767
EL10_2_Chr8	38200000	38300000	618
EL10_2_Chr8	38300000	38400000	.
EL10_2_Chr8	38400000	38500000	1683
EL10_2_Chr8	38500000	38600000	.
EL10_2_Chr8	38600000	38700000	949
EL10_2_Chr8	38700000	38800000	1562
EL10_2_Chr8	38800000	38900000	1526
EL10_2_Chr8	38900000	39000000	1340
EL10_2_Chr8	39000000	39100000	540
EL10_2_Chr8	39100000	39200000	1123
EL10_2_Chr8	39200000	39300000	1477
EL10_2_Chr8	39300000	39400000	1123
EL10_2_Chr8	39400000	39500000	906
EL10_2_Chr8	39500000	39600000	642
EL10_2_Chr8	39600000	39700000	781
EL10_2_Chr8	39700000	39800000	180
EL10_2_Chr8	39800000	39900000	837
EL10_2_Chr8	39900000	40000000	303
EL10_2_Chr8	40000000	40100000	1386
EL10_2_Chr8	40100000	40200000	735
EL10_2_Chr8	40200000	40300000	1463
EL10_2_Chr8	40300000	40400000	243
EL10_2_Chr8	40400000	40500000	941
EL10_2_Chr8	40500000	40600000	921
EL10_2_Chr8	40600000	40700000	1314
EL10_2_Chr8	40700000	40800000	900
EL10_2_Chr8	40800000	40900000	.
EL10_2_Chr8	40900000	41000000	485
EL10_2_Chr8	41000000	41100000	149
EL10_2_Chr8	41100000	41200000	716
EL10_2_Chr8	41200000	41300000	563
EL10_2_Chr8	41300000	41400000	.
EL10_2_Chr8	41400000	41500000	2353
EL10_2_Chr8	41500000	41600000	1524
EL10_2_Chr8	41600000	41700000	1678
EL10_2_Chr8	41700000	41800000	773
EL10_2_Chr8	41800000	41900000	1468
EL10_2_Chr8	41900000	42000000	3783
EL10_2_Chr8	42000000	42100000	167
EL10_2_Chr8	42100000	42200000	139
EL10_2_Chr8	42200000	42300000	2246
EL10_2_Chr8	42300000	42400000	1282
EL10_2_Chr8	42400000	42500000	218
EL10_2_Chr8	42500000	42600000	.
EL10_2_Chr8	42600000	42700000	103
EL10_2_Chr8	42700000	42800000	.
EL10_2_Chr8	42800000	42900000	668
EL10_2_Chr8	42900000	43000000	2567
EL10_2_Chr8	43000000	43100000	1095
EL10_2_Chr8	43100000	43200000	868
EL10_2_Chr8	43200000	43300000	540
EL10_2_Chr8	43300000	43400000	1467
EL10_2_Chr8	43400000	43500000	2224
EL10_2_Chr8	43500000	43600000	2539
EL10_2_Chr8	43600000	43700000	825
EL10_2_Chr8	43700000	43800000	1435
EL10_2_Chr8	43800000	43900000	1291
EL10_2_Chr8	43900000	44000000	1068
EL10_2_Chr8	44000000	44100000	562
EL10_2_Chr8	44100000	44200000	800
EL10_2_Chr8	44200000	44300000	343
EL10_2_Chr8	44300000	44400000	1410
EL10_2_Chr8	44400000	44500000	.
EL10_2_Chr8	44500000	44600000	1023
EL10_2_Chr8	44600000	44700000	919
EL10_2_Chr8	44700000	44800000	891
EL10_2_Chr8	44800000	44900000	2586
EL10_2_Chr8	44900000	45000000	1395
EL10_2_Chr8	45000000	45100000	2184
EL10_2_Chr8	45100000	45200000	4027
EL10_2_Chr8	45200000	45300000	2642
EL10_2_Chr8	45300000	45400000	494
EL10_2_Chr8	45400000	45500000	803
EL10_2_Chr8	45500000	45600000	1226
EL10_2_Chr8	45600000	45700000	2317
EL10_2_Chr8	45700000	45800000	303
EL10_2_Chr8	45800000	45900000	1274
EL10_2_Chr8	45900000	46000000	995
EL10_2_Chr8	46000000	46100000	495
EL10_2_Chr8	46100000	46200000	998
EL10_2_Chr8	46200000	46300000	1766
EL10_2_Chr8	46300000	46400000	1364
EL10_2_Chr8	46400000	46500000	2031
EL10_2_Chr8	46500000	46600000	2978
EL10_2_Chr8	46600000	46700000	1786
EL10_2_Chr8	46700000	46800000	2552
EL10_2_Chr8	46800000	46900000	1456
EL10_2_Chr8	46900000	47000000	1851
EL10_2_Chr8	47000000	47100000	2619
EL10_2_Chr8	47100000	47200000	2056
EL10_2_Chr8	47200000	47300000	1820
EL10_2_Chr8	47300000	47400000	689
EL10_2_Chr8	47400000	47500000	2498
EL10_2_Chr8	47500000	47600000	1655
EL10_2_Chr8	47600000	47700000	1410
EL10_2_Chr8	47700000	47800000	2475
EL10_2_Chr8	47800000	47900000	2284
EL10_2_Chr8	47900000	48000000	928
EL10_2_Chr8	48000000	48100000	2044
EL10_2_Chr8	48100000	48200000	1230
EL10_2_Chr8	48200000	48300000	1949
EL10_2_Chr8	48300000	48400000	154
EL10_2_Chr8	48400000	48500000	2747
EL10_2_Chr8	48500000	48600000	1442
EL10_2_Chr8	48600000	48700000	2127
EL10_2_Chr8	48700000	48800000	3017
EL10_2_Chr8	48800000	48900000	850
EL10_2_Chr8	48900000	49000000	424
EL10_2_Chr8	49000000	49100000	829
EL10_2_Chr8	49100000	49200000	1570
EL10_2_Chr8	49200000	49300000	3365
EL10_2_Chr8	49300000	49400000	1551
EL10_2_Chr8	49400000	49500000	1416
EL10_2_Chr8	49500000	49600000	1348
EL10_2_Chr8	49600000	49700000	1946
EL10_2_Chr8	49700000	49800000	2377
EL10_2_Chr8	49800000	49900000	1872
EL10_2_Chr8	49900000	50000000	973
EL10_2_Chr8	50000000	50100000	1460
EL10_2_Chr8	50100000	50200000	1182
EL10_2_Chr8	50200000	50300000	591
EL10_2_Chr8	50300000	50400000	3020
EL10_2_Chr8	50400000	50500000	819
EL10_2_Chr8	50500000	50600000	1876
EL10_2_Chr8	50600000	50700000	767
EL10_2_Chr8	50700000	50800000	1692
EL10_2_Chr8	50800000	50900000	1395
EL10_2_Chr8	50900000	51000000	1168
EL10_2_Chr8	51000000	51100000	3304
EL10_2_Chr8	51100000	51200000	3484
EL10_2_Chr8	51200000	51300000	4843
EL10_2_Chr8	51300000	51400000	4639
EL10_2_Chr8	51400000	51500000	2099
EL10_2_Chr8	51500000	51600000	1768
EL10_2_Chr8	51600000	51700000	1973
EL10_2_Chr8	51700000	51800000	1184
EL10_2_Chr8	51800000	51900000	2115
EL10_2_Chr8	51900000	52000000	2469
EL10_2_Chr8	52000000	52100000	3968
EL10_2_Chr8	52100000	52200000	3053
EL10_2_Chr8	52200000	52300000	3034
EL10_2_Chr8	52300000	52400000	3007
EL10_2_Chr8	52400000	52500000	957
EL10_2_Chr8	52500000	52600000	994
EL10_2_Chr8	52600000	52700000	3310
EL10_2_Chr8	52700000	52800000	2598
EL10_2_Chr8	52800000	52900000	2081
EL10_2_Chr8	52900000	53000000	1006
EL10_2_Chr8	53000000	53100000	1021
EL10_2_Chr8	53100000	53200000	1602
EL10_2_Chr8	53200000	53300000	1424
EL10_2_Chr8	53300000	53400000	2570
EL10_2_Chr8	53400000	53500000	3513
EL10_2_Chr8	53500000	53600000	5010
EL10_2_Chr8	53600000	53700000	4975
EL10_2_Chr8	53700000	53800000	2504
EL10_2_Chr8	53800000	53900000	4877
EL10_2_Chr8	53900000	54000000	3407
EL10_2_Chr8	54000000	54100000	1863
EL10_2_Chr8	54100000	54200000	2332
EL10_2_Chr8	54200000	54300000	1999
EL10_2_Chr8	54300000	54400000	4490
EL10_2_Chr8	54400000	54500000	1772
EL10_2_Chr8	54500000	54600000	2027
EL10_2_Chr8	54600000	54700000	2021
EL10_2_Chr8	54700000	54800000	2116
EL10_2_Chr8	54800000	54900000	2814
EL10_2_Chr8	54900000	55000000	4502
EL10_2_Chr8	55000000	55100000	2005
EL10_2_Chr8	55100000	55200000	1568
EL10_2_Chr8	55200000	55300000	2533
EL10_2_Chr8	55300000	55400000	4593
EL10_2_Chr8	55400000	55500000	1054
EL10_2_Chr8	55500000	55600000	1584
EL10_2_Chr8	55600000	55700000	1410
EL10_2_Chr8	55700000	55800000	4896
EL10_2_Chr8	55800000	55900000	2900
EL10_2_Chr8	55900000	56000000	1851
EL10_2_Chr8	56000000	56100000	4114
EL10_2_Chr8	56100000	56200000	2066
EL10_2_Chr8	56200000	56300000	2663
EL10_2_Chr8	56300000	56400000	4133
EL10_2_Chr8	56400000	56500000	1712
EL10_2_Chr8	56500000	56600000	3817
EL10_2_Chr8	56600000	56700000	3201
EL10_2_Chr8	56700000	56800000	4052
EL10_2_Chr8	56800000	56900000	3679
EL10_2_Chr8	56900000	57000000	2577
EL10_2_Chr8	57000000	57100000	3319
EL10_2_Chr8	57100000	57200000	1683
EL10_2_Chr8	57200000	57300000	2797
EL10_2_Chr8	57300000	57400000	2186
EL10_2_Chr8	57400000	57500000	3485
EL10_2_Chr8	57500000	57600000	669
EL10_2_Chr8	57600000	57700000	1991
EL10_2_Chr8	57700000	57800000	3020
EL10_2_Chr8	57800000	57900000	4040
EL10_2_Chr8	57900000	58000000	2924
EL10_2_Chr8	58000000	58100000	3138
EL10_2_Chr8	58100000	58200000	602
EL10_2_Chr8	58200000	58300000	3271
EL10_2_Chr8	58300000	58400000	4795
EL10_2_Chr8	58400000	58500000	1020
EL10_2_Chr8	58500000	58600000	2062
EL10_2_Chr8	58600000	58700000	4195
EL10_2_Chr8	58700000	58800000	3359
EL10_2_Chr8	58800000	58900000	699
EL10_2_Chr8	58900000	59000000	501
EL10_2_Chr8	59000000	59100000	2510
EL10_2_Chr8	59100000	59200000	3961
EL10_2_Chr8	59200000	59300000	4885
EL10_2_Chr8	59300000	59400000	2556
EL10_2_Chr8	59400000	59500000	3915
EL10_2_Chr8	59500000	59600000	2696
EL10_2_Chr8	59600000	59700000	4644
EL10_2_Chr8	59700000	59800000	2389
EL10_2_Chr8	59800000	59900000	4810
EL10_2_Chr8	59900000	60000000	872
EL10_2_Chr8	60000000	60100000	3130
EL10_2_Chr8	60100000	60200000	3612
EL10_2_Chr8	60200000	60300000	1383
EL10_2_Chr8	60300000	60400000	5180
EL10_2_Chr8	60400000	60500000	3493
EL10_2_Chr8	60500000	60600000	4350
EL10_2_Chr8	60600000	60700000	4021
EL10_2_Chr8	60700000	60800000	4728
EL10_2_Chr8	60800000	60900000	2315
EL10_2_Chr8	60900000	61000000	4959
EL10_2_Chr8	61000000	61100000	3480
EL10_2_Chr8	61100000	61200000	3482
EL10_2_Chr8	61200000	61300000	4233
EL10_2_Chr8	61300000	61400000	200
EL10_2_Chr8	61400000	61500000	1637
EL10_2_Chr8	61500000	61600000	4210
EL10_2_Chr8	61600000	61700000	2651
EL10_2_Chr8	61700000	61800000	5262
EL10_2_Chr8	61800000	61900000	2354
EL10_2_Chr8	61900000	61987056	1387
EL10_2_Chr9	0	100000	.
EL10_2_Chr9	100000	200000	1908
EL10_2_Chr9	200000	300000	4365
EL10_2_Chr9	300000	400000	6633
EL10_2_Chr9	400000	500000	1897
EL10_2_Chr9	500000	600000	1433
EL10_2_Chr9	600000	700000	3821
EL10_2_Chr9	700000	800000	8918
EL10_2_Chr9	800000	900000	4340
EL10_2_Chr9	900000	1000000	4238
EL10_2_Chr9	1000000	1100000	7318
EL10_2_Chr9	1100000	1200000	8776
EL10_2_Chr9	1200000	1300000	5439
EL10_2_Chr9	1300000	1400000	15208
EL10_2_Chr9	1400000	1500000	13549
EL10_2_Chr9	1500000	1600000	1738
EL10_2_Chr9	1600000	1700000	8228
EL10_2_Chr9	1700000	1800000	5818
EL10_2_Chr9	1800000	1900000	3727
EL10_2_Chr9	1900000	2000000	3689
EL10_2_Chr9	2000000	2100000	1478
EL10_2_Chr9	2100000	2200000	3596
EL10_2_Chr9	2200000	2300000	11245
EL10_2_Chr9	2300000	2400000	1231
EL10_2_Chr9	2400000	2500000	4472
EL10_2_Chr9	2500000	2600000	10354
EL10_2_Chr9	2600000	2700000	2664
EL10_2_Chr9	2700000	2800000	1396
EL10_2_Chr9	2800000	2900000	6949
EL10_2_Chr9	2900000	3000000	6367
EL10_2_Chr9	3000000	3100000	3567
EL10_2_Chr9	3100000	3200000	6521
EL10_2_Chr9	3200000	3300000	2716
EL10_2_Chr9	3300000	3400000	4824
EL10_2_Chr9	3400000	3500000	2659
EL10_2_Chr9	3500000	3600000	505
EL10_2_Chr9	3600000	3700000	4444
EL10_2_Chr9	3700000	3800000	4322
EL10_2_Chr9	3800000	3900000	1165
EL10_2_Chr9	3900000	4000000	5141
EL10_2_Chr9	4000000	4100000	6879
EL10_2_Chr9	4100000	4200000	5521
EL10_2_Chr9	4200000	4300000	4999
EL10_2_Chr9	4300000	4400000	909
EL10_2_Chr9	4400000	4500000	4393
EL10_2_Chr9	4500000	4600000	2657
EL10_2_Chr9	4600000	4700000	2124
EL10_2_Chr9	4700000	4800000	2136
EL10_2_Chr9	4800000	4900000	1844
EL10_2_Chr9	4900000	5000000	3304
EL10_2_Chr9	5000000	5100000	1845
EL10_2_Chr9	5100000	5200000	857
EL10_2_Chr9	5200000	5300000	.
EL10_2_Chr9	5300000	5400000	.
EL10_2_Chr9	5400000	5500000	704
EL10_2_Chr9	5500000	5600000	.
EL10_2_Chr9	5600000	5700000	.
EL10_2_Chr9	5700000	5800000	1472
EL10_2_Chr9	5800000	5900000	10883
EL10_2_Chr9	5900000	6000000	2386
EL10_2_Chr9	6000000	6100000	4305
EL10_2_Chr9	6100000	6200000	3965
EL10_2_Chr9	6200000	6300000	.
EL10_2_Chr9	6300000	6400000	1475
EL10_2_Chr9	6400000	6500000	1777
EL10_2_Chr9	6500000	6600000	2085
EL10_2_Chr9	6600000	6700000	3832
EL10_2_Chr9	6700000	6800000	1941
EL10_2_Chr9	6800000	6900000	1913
EL10_2_Chr9	6900000	7000000	6526
EL10_2_Chr9	7000000	7100000	4567
EL10_2_Chr9	7100000	7200000	5895
EL10_2_Chr9	7200000	7300000	3899
EL10_2_Chr9	7300000	7400000	5745
EL10_2_Chr9	7400000	7500000	823
EL10_2_Chr9	7500000	7600000	996
EL10_2_Chr9	7600000	7700000	787
EL10_2_Chr9	7700000	7800000	4351
EL10_2_Chr9	7800000	7900000	730
EL10_2_Chr9	7900000	8000000	2223
EL10_2_Chr9	8000000	8100000	556
EL10_2_Chr9	8100000	8200000	.
EL10_2_Chr9	8200000	8300000	849
EL10_2_Chr9	8300000	8400000	1382
EL10_2_Chr9	8400000	8500000	6073
EL10_2_Chr9	8500000	8600000	2635
EL10_2_Chr9	8600000	8700000	1288
EL10_2_Chr9	8700000	8800000	1051
EL10_2_Chr9	8800000	8900000	1969
EL10_2_Chr9	8900000	9000000	947
EL10_2_Chr9	9000000	9100000	22056
EL10_2_Chr9	9100000	9200000	3213
EL10_2_Chr9	9200000	9300000	6338
EL10_2_Chr9	9300000	9400000	1575
EL10_2_Chr9	9400000	9500000	1730
EL10_2_Chr9	9500000	9600000	890
EL10_2_Chr9	9600000	9700000	2823
EL10_2_Chr9	9700000	9800000	148
EL10_2_Chr9	9800000	9900000	2677
EL10_2_Chr9	9900000	10000000	766
EL10_2_Chr9	10000000	10100000	3478
EL10_2_Chr9	10100000	10200000	1396
EL10_2_Chr9	10200000	10300000	9482
EL10_2_Chr9	10300000	10400000	2756
EL10_2_Chr9	10400000	10500000	4640
EL10_2_Chr9	10500000	10600000	.
EL10_2_Chr9	10600000	10700000	.
EL10_2_Chr9	10700000	10800000	.
EL10_2_Chr9	10800000	10900000	.
EL10_2_Chr9	10900000	11000000	1438
EL10_2_Chr9	11000000	11100000	6322
EL10_2_Chr9	11100000	11200000	3634
EL10_2_Chr9	11200000	11300000	2548
EL10_2_Chr9	11300000	11400000	842
EL10_2_Chr9	11400000	11500000	1072
EL10_2_Chr9	11500000	11600000	209
EL10_2_Chr9	11600000	11700000	179
EL10_2_Chr9	11700000	11800000	591
EL10_2_Chr9	11800000	11900000	658
EL10_2_Chr9	11900000	12000000	1247
EL10_2_Chr9	12000000	12100000	2187
EL10_2_Chr9	12100000	12200000	2423
EL10_2_Chr9	12200000	12300000	5935
EL10_2_Chr9	12300000	12400000	3539
EL10_2_Chr9	12400000	12500000	1073
EL10_2_Chr9	12500000	12600000	688
EL10_2_Chr9	12600000	12700000	.
EL10_2_Chr9	12700000	12800000	909
EL10_2_Chr9	12800000	12900000	.
EL10_2_Chr9	12900000	13000000	925
EL10_2_Chr9	13000000	13100000	4058
EL10_2_Chr9	13100000	13200000	757
EL10_2_Chr9	13200000	13300000	5058
EL10_2_Chr9	13300000	13400000	388
EL10_2_Chr9	13400000	13500000	1416
EL10_2_Chr9	13500000	13600000	1015
EL10_2_Chr9	13600000	13700000	.
EL10_2_Chr9	13700000	13800000	210
EL10_2_Chr9	13800000	13900000	5147
EL10_2_Chr9	13900000	14000000	428
EL10_2_Chr9	14000000	14100000	1065
EL10_2_Chr9	14100000	14200000	1009
EL10_2_Chr9	14200000	14300000	.
EL10_2_Chr9	14300000	14400000	1137
EL10_2_Chr9	14400000	14500000	2366
EL10_2_Chr9	14500000	14600000	887
EL10_2_Chr9	14600000	14700000	417
EL10_2_Chr9	14700000	14800000	.
EL10_2_Chr9	14800000	14900000	4329
EL10_2_Chr9	14900000	15000000	268
EL10_2_Chr9	15000000	15100000	.
EL10_2_Chr9	15100000	15200000	564
EL10_2_Chr9	15200000	15300000	194
EL10_2_Chr9	15300000	15400000	348
EL10_2_Chr9	15400000	15500000	1205
EL10_2_Chr9	15500000	15600000	3053
EL10_2_Chr9	15600000	15700000	74
EL10_2_Chr9	15700000	15800000	1752
EL10_2_Chr9	15800000	15900000	5565
EL10_2_Chr9	15900000	16000000	247
EL10_2_Chr9	16000000	16100000	375
EL10_2_Chr9	16100000	16200000	8119
EL10_2_Chr9	16200000	16300000	2223
EL10_2_Chr9	16300000	16400000	2542
EL10_2_Chr9	16400000	16500000	681
EL10_2_Chr9	16500000	16600000	.
EL10_2_Chr9	16600000	16700000	.
EL10_2_Chr9	16700000	16800000	4543
EL10_2_Chr9	16800000	16900000	1855
EL10_2_Chr9	16900000	17000000	1178
EL10_2_Chr9	17000000	17100000	1194
EL10_2_Chr9	17100000	17200000	1176
EL10_2_Chr9	17200000	17300000	4203
EL10_2_Chr9	17300000	17400000	1268
EL10_2_Chr9	17400000	17500000	193
EL10_2_Chr9	17500000	17600000	.
EL10_2_Chr9	17600000	17700000	.
EL10_2_Chr9	17700000	17800000	1885
EL10_2_Chr9	17800000	17900000	1496
EL10_2_Chr9	17900000	18000000	3095
EL10_2_Chr9	18000000	18100000	3056
EL10_2_Chr9	18100000	18200000	7811
EL10_2_Chr9	18200000	18300000	408
EL10_2_Chr9	18300000	18400000	2395
EL10_2_Chr9	18400000	18500000	350
EL10_2_Chr9	18500000	18600000	6498
EL10_2_Chr9	18600000	18700000	2384
EL10_2_Chr9	18700000	18800000	874
EL10_2_Chr9	18800000	18900000	2597
EL10_2_Chr9	18900000	19000000	1745
EL10_2_Chr9	19000000	19100000	1383
EL10_2_Chr9	19100000	19200000	2520
EL10_2_Chr9	19200000	19300000	105
EL10_2_Chr9	19300000	19400000	1876
EL10_2_Chr9	19400000	19500000	343
EL10_2_Chr9	19500000	19600000	1460
EL10_2_Chr9	19600000	19700000	160
EL10_2_Chr9	19700000	19800000	2481
EL10_2_Chr9	19800000	19900000	3983
EL10_2_Chr9	19900000	20000000	1130
EL10_2_Chr9	20000000	20100000	981
EL10_2_Chr9	20100000	20200000	411
EL10_2_Chr9	20200000	20300000	1355
EL10_2_Chr9	20300000	20400000	654
EL10_2_Chr9	20400000	20500000	1120
EL10_2_Chr9	20500000	20600000	2041
EL10_2_Chr9	20600000	20700000	4458
EL10_2_Chr9	20700000	20800000	980
EL10_2_Chr9	20800000	20900000	10539
EL10_2_Chr9	20900000	21000000	123
EL10_2_Chr9	21000000	21100000	8428
EL10_2_Chr9	21100000	21200000	253
EL10_2_Chr9	21200000	21300000	1633
EL10_2_Chr9	21300000	21400000	318
EL10_2_Chr9	21400000	21500000	344
EL10_2_Chr9	21500000	21600000	50
EL10_2_Chr9	21600000	21700000	948
EL10_2_Chr9	21700000	21800000	389
EL10_2_Chr9	21800000	21900000	1515
EL10_2_Chr9	21900000	22000000	.
EL10_2_Chr9	22000000	22100000	.
EL10_2_Chr9	22100000	22200000	1644
EL10_2_Chr9	22200000	22300000	429
EL10_2_Chr9	22300000	22400000	553
EL10_2_Chr9	22400000	22500000	824
EL10_2_Chr9	22500000	22600000	2152
EL10_2_Chr9	22600000	22700000	328
EL10_2_Chr9	22700000	22800000	3119
EL10_2_Chr9	22800000	22900000	228
EL10_2_Chr9	22900000	23000000	6308
EL10_2_Chr9	23000000	23100000	936
EL10_2_Chr9	23100000	23200000	1358
EL10_2_Chr9	23200000	23300000	542
EL10_2_Chr9	23300000	23400000	959
EL10_2_Chr9	23400000	23500000	1724
EL10_2_Chr9	23500000	23600000	487
EL10_2_Chr9	23600000	23700000	683
EL10_2_Chr9	23700000	23800000	3817
EL10_2_Chr9	23800000	23900000	1915
EL10_2_Chr9	23900000	24000000	3553
EL10_2_Chr9	24000000	24100000	1103
EL10_2_Chr9	24100000	24200000	182
EL10_2_Chr9	24200000	24300000	.
EL10_2_Chr9	24300000	24400000	1383
EL10_2_Chr9	24400000	24500000	124
EL10_2_Chr9	24500000	24600000	3392
EL10_2_Chr9	24600000	24700000	506
EL10_2_Chr9	24700000	24800000	211
EL10_2_Chr9	24800000	24900000	3082
EL10_2_Chr9	24900000	25000000	1739
EL10_2_Chr9	25000000	25100000	1964
EL10_2_Chr9	25100000	25200000	2007
EL10_2_Chr9	25200000	25300000	.
EL10_2_Chr9	25300000	25400000	358
EL10_2_Chr9	25400000	25500000	531
EL10_2_Chr9	25500000	25600000	351
EL10_2_Chr9	25600000	25700000	1322
EL10_2_Chr9	25700000	25800000	676
EL10_2_Chr9	25800000	25900000	448
EL10_2_Chr9	25900000	26000000	1461
EL10_2_Chr9	26000000	26100000	1041
EL10_2_Chr9	26100000	26200000	867
EL10_2_Chr9	26200000	26300000	.
EL10_2_Chr9	26300000	26400000	5795
EL10_2_Chr9	26400000	26500000	.
EL10_2_Chr9	26500000	26600000	972
EL10_2_Chr9	26600000	26700000	1842
EL10_2_Chr9	26700000	26800000	4539
EL10_2_Chr9	26800000	26900000	556
EL10_2_Chr9	26900000	27000000	.
EL10_2_Chr9	27000000	27100000	253
EL10_2_Chr9	27100000	27200000	337
EL10_2_Chr9	27200000	27300000	1346
EL10_2_Chr9	27300000	27400000	2117
EL10_2_Chr9	27400000	27500000	786
EL10_2_Chr9	27500000	27600000	2419
EL10_2_Chr9	27600000	27700000	451
EL10_2_Chr9	27700000	27800000	1316
EL10_2_Chr9	27800000	27900000	231
EL10_2_Chr9	27900000	28000000	125
EL10_2_Chr9	28000000	28100000	317
EL10_2_Chr9	28100000	28200000	325
EL10_2_Chr9	28200000	28300000	3306
EL10_2_Chr9	28300000	28400000	788
EL10_2_Chr9	28400000	28500000	365
EL10_2_Chr9	28500000	28600000	2329
EL10_2_Chr9	28600000	28700000	547
EL10_2_Chr9	28700000	28800000	415
EL10_2_Chr9	28800000	28900000	1336
EL10_2_Chr9	28900000	29000000	1323
EL10_2_Chr9	29000000	29100000	553
EL10_2_Chr9	29100000	29200000	2310
EL10_2_Chr9	29200000	29300000	1728
EL10_2_Chr9	29300000	29400000	568
EL10_2_Chr9	29400000	29500000	3083
EL10_2_Chr9	29500000	29600000	653
EL10_2_Chr9	29600000	29700000	478
EL10_2_Chr9	29700000	29800000	3992
EL10_2_Chr9	29800000	29900000	495
EL10_2_Chr9	29900000	30000000	3329
EL10_2_Chr9	30000000	30100000	2161
EL10_2_Chr9	30100000	30200000	553
EL10_2_Chr9	30200000	30300000	656
EL10_2_Chr9	30300000	30400000	1472
EL10_2_Chr9	30400000	30500000	284
EL10_2_Chr9	30500000	30600000	221
EL10_2_Chr9	30600000	30700000	614
EL10_2_Chr9	30700000	30800000	534
EL10_2_Chr9	30800000	30900000	1688
EL10_2_Chr9	30900000	31000000	1471
EL10_2_Chr9	31000000	31100000	950
EL10_2_Chr9	31100000	31200000	219
EL10_2_Chr9	31200000	31300000	4669
EL10_2_Chr9	31300000	31400000	4003
EL10_2_Chr9	31400000	31500000	2341
EL10_2_Chr9	31500000	31600000	3197
EL10_2_Chr9	31600000	31700000	805
EL10_2_Chr9	31700000	31800000	2029
EL10_2_Chr9	31800000	31900000	.
EL10_2_Chr9	31900000	32000000	.
EL10_2_Chr9	32000000	32100000	.
EL10_2_Chr9	32100000	32200000	.
EL10_2_Chr9	32200000	32300000	.
EL10_2_Chr9	32300000	32400000	.
EL10_2_Chr9	32400000	32500000	.
EL10_2_Chr9	32500000	32600000	.
EL10_2_Chr9	32600000	32700000	.
EL10_2_Chr9	32700000	32800000	.
EL10_2_Chr9	32800000	32900000	.
EL10_2_Chr9	32900000	33000000	646
EL10_2_Chr9	33000000	33100000	641
EL10_2_Chr9	33100000	33200000	484
EL10_2_Chr9	33200000	33300000	2944
EL10_2_Chr9	33300000	33400000	1668
EL10_2_Chr9	33400000	33500000	1533
EL10_2_Chr9	33500000	33600000	2589
EL10_2_Chr9	33600000	33700000	946
EL10_2_Chr9	33700000	33800000	3781
EL10_2_Chr9	33800000	33900000	673
EL10_2_Chr9	33900000	34000000	3634
EL10_2_Chr9	34000000	34100000	.
EL10_2_Chr9	34100000	34200000	328
EL10_2_Chr9	34200000	34300000	2937
EL10_2_Chr9	34300000	34400000	2121
EL10_2_Chr9	34400000	34500000	10658
EL10_2_Chr9	34500000	34600000	2717
EL10_2_Chr9	34600000	34700000	3541
EL10_2_Chr9	34700000	34800000	7914
EL10_2_Chr9	34800000	34900000	3971
EL10_2_Chr9	34900000	35000000	1077
EL10_2_Chr9	35000000	35100000	4324
EL10_2_Chr9	35100000	35200000	2966
EL10_2_Chr9	35200000	35300000	845
EL10_2_Chr9	35300000	35400000	7864
EL10_2_Chr9	35400000	35500000	594
EL10_2_Chr9	35500000	35600000	1136
EL10_2_Chr9	35600000	35700000	5502
EL10_2_Chr9	35700000	35800000	536
EL10_2_Chr9	35800000	35900000	187
EL10_2_Chr9	35900000	36000000	1745
EL10_2_Chr9	36000000	36100000	7726
EL10_2_Chr9	36100000	36200000	919
EL10_2_Chr9	36200000	36300000	518
EL10_2_Chr9	36300000	36400000	3177
EL10_2_Chr9	36400000	36500000	957
EL10_2_Chr9	36500000	36600000	675
EL10_2_Chr9	36600000	36700000	644
EL10_2_Chr9	36700000	36800000	1701
EL10_2_Chr9	36800000	36900000	8547
EL10_2_Chr9	36900000	37000000	776
EL10_2_Chr9	37000000	37100000	3670
EL10_2_Chr9	37100000	37200000	404
EL10_2_Chr9	37200000	37300000	269
EL10_2_Chr9	37300000	37400000	.
EL10_2_Chr9	37400000	37500000	.
EL10_2_Chr9	37500000	37600000	.
EL10_2_Chr9	37600000	37700000	4343
EL10_2_Chr9	37700000	37800000	4164
EL10_2_Chr9	37800000	37900000	1965
EL10_2_Chr9	37900000	38000000	4515
EL10_2_Chr9	38000000	38100000	2567
EL10_2_Chr9	38100000	38200000	6558
EL10_2_Chr9	38200000	38300000	10619
EL10_2_Chr9	38300000	38400000	2424
EL10_2_Chr9	38400000	38500000	1009
EL10_2_Chr9	38500000	38600000	995
EL10_2_Chr9	38600000	38700000	1167
EL10_2_Chr9	38700000	38800000	5754
EL10_2_Chr9	38800000	38900000	4101
EL10_2_Chr9	38900000	39000000	3218
EL10_2_Chr9	39000000	39100000	1204
EL10_2_Chr9	39100000	39200000	1366
EL10_2_Chr9	39200000	39300000	1328
EL10_2_Chr9	39300000	39400000	6302
EL10_2_Chr9	39400000	39500000	2622
EL10_2_Chr9	39500000	39600000	6905
EL10_2_Chr9	39600000	39700000	1743
EL10_2_Chr9	39700000	39800000	2796
EL10_2_Chr9	39800000	39900000	1901
EL10_2_Chr9	39900000	40000000	5934
EL10_2_Chr9	40000000	40100000	2142
EL10_2_Chr9	40100000	40200000	855
EL10_2_Chr9	40200000	40300000	426
EL10_2_Chr9	40300000	40400000	458
EL10_2_Chr9	40400000	40500000	1598
EL10_2_Chr9	40500000	40600000	3374
EL10_2_Chr9	40600000	40700000	12295
EL10_2_Chr9	40700000	40800000	2824
EL10_2_Chr9	40800000	40900000	3277
EL10_2_Chr9	40900000	41000000	2617
EL10_2_Chr9	41000000	41100000	3145
EL10_2_Chr9	41100000	41200000	1478
EL10_2_Chr9	41200000	41300000	1994
EL10_2_Chr9	41300000	41400000	4530
EL10_2_Chr9	41400000	41500000	1123
EL10_2_Chr9	41500000	41600000	1553
EL10_2_Chr9	41600000	41700000	4579
EL10_2_Chr9	41700000	41800000	1757
EL10_2_Chr9	41800000	41900000	3564
EL10_2_Chr9	41900000	42000000	3386
EL10_2_Chr9	42000000	42100000	.
EL10_2_Chr9	42100000	42200000	.
EL10_2_Chr9	42200000	42300000	826
EL10_2_Chr9	42300000	42400000	2343
EL10_2_Chr9	42400000	42500000	447
EL10_2_Chr9	42500000	42600000	5710
EL10_2_Chr9	42600000	42700000	5782
EL10_2_Chr9	42700000	42800000	5458
EL10_2_Chr9	42800000	42900000	2401
EL10_2_Chr9	42900000	43000000	6758
EL10_2_Chr9	43000000	43100000	3732
EL10_2_Chr9	43100000	43200000	6982
EL10_2_Chr9	43200000	43300000	458
EL10_2_Chr9	43300000	43400000	1414
EL10_2_Chr9	43400000	43500000	648
EL10_2_Chr9	43500000	43600000	1732
EL10_2_Chr9	43600000	43700000	2501
EL10_2_Chr9	43700000	43800000	4136
EL10_2_Chr9	43800000	43900000	18977
EL10_2_Chr9	43900000	44000000	2015
EL10_2_Chr9	44000000	44100000	2438
EL10_2_Chr9	44100000	44200000	4995
EL10_2_Chr9	44200000	44300000	3656
EL10_2_Chr9	44300000	44400000	593
EL10_2_Chr9	44400000	44500000	2478
EL10_2_Chr9	44500000	44600000	3083
EL10_2_Chr9	44600000	44700000	3161
EL10_2_Chr9	44700000	44800000	9516
EL10_2_Chr9	44800000	44900000	4472
EL10_2_Chr9	44900000	45000000	12530
EL10_2_Chr9	45000000	45100000	7548
EL10_2_Chr9	45100000	45200000	8033
EL10_2_Chr9	45200000	45300000	6366
EL10_2_Chr9	45300000	45400000	4957
EL10_2_Chr9	45400000	45500000	6768
EL10_2_Chr9	45500000	45600000	2887
EL10_2_Chr9	45600000	45700000	1978
EL10_2_Chr9	45700000	45800000	2554
EL10_2_Chr9	45800000	45900000	7993
EL10_2_Chr9	45900000	46000000	9944
EL10_2_Chr9	46000000	46100000	5317
EL10_2_Chr9	46100000	46200000	3596
EL10_2_Chr9	46200000	46300000	8775
EL10_2_Chr9	46300000	46400000	2826
EL10_2_Chr9	46400000	46500000	10835
EL10_2_Chr9	46500000	46600000	3181
EL10_2_Chr9	46600000	46700000	4985
EL10_2_Chr9	46700000	46800000	1296
EL10_2_Chr9	46800000	46900000	2654
EL10_2_Chr9	46900000	47000000	5366
EL10_2_Chr9	47000000	47100000	4150
EL10_2_Chr9	47100000	47200000	3227
EL10_2_Chr9	47200000	47300000	5061
EL10_2_Chr9	47300000	47400000	4463
EL10_2_Chr9	47400000	47500000	5787
EL10_2_Chr9	47500000	47600000	7175
EL10_2_Chr9	47600000	47700000	4824
EL10_2_Chr9	47700000	47800000	2716
EL10_2_Chr9	47800000	47900000	6782
EL10_2_Chr9	47900000	48000000	5113
EL10_2_Chr9	48000000	48100000	6478
EL10_2_Chr9	48100000	48200000	11232
EL10_2_Chr9	48200000	48300000	2233
EL10_2_Chr9	48300000	48400000	1862
EL10_2_Chr9	48400000	48500000	5893
EL10_2_Chr9	48500000	48600000	6582
EL10_2_Chr9	48600000	48700000	6186
EL10_2_Chr9	48700000	48800000	1655
EL10_2_Chr9	48800000	48900000	6458
EL10_2_Chr9	48900000	49000000	13679
EL10_2_Chr9	49000000	49100000	6228
EL10_2_Chr9	49100000	49200000	2056
EL10_2_Chr9	49200000	49300000	8772
EL10_2_Chr9	49300000	49400000	6809
EL10_2_Chr9	49400000	49500000	5396
EL10_2_Chr9	49500000	49600000	15284
EL10_2_Chr9	49600000	49700000	11170
EL10_2_Chr9	49700000	49800000	12498
EL10_2_Chr9	49800000	49900000	1803
EL10_2_Chr9	49900000	50000000	6008
EL10_2_Chr9	50000000	50100000	6118
EL10_2_Chr9	50100000	50200000	5669
EL10_2_Chr9	50200000	50300000	5313
EL10_2_Chr9	50300000	50400000	20777
EL10_2_Chr9	50400000	50500000	8597
EL10_2_Chr9	50500000	50600000	5188
EL10_2_Chr9	50600000	50700000	2633
EL10_2_Chr9	50700000	50800000	6385
EL10_2_Chr9	50800000	50900000	3597
EL10_2_Chr9	50900000	51000000	8547
EL10_2_Chr9	51000000	51100000	6571
EL10_2_Chr9	51100000	51200000	5769
EL10_2_Chr9	51200000	51300000	8939
EL10_2_Chr9	51300000	51400000	4135
EL10_2_Chr9	51400000	51500000	5311
EL10_2_Chr9	51500000	51600000	3942
EL10_2_Chr9	51600000	51700000	3625
EL10_2_Chr9	51700000	51800000	6542
EL10_2_Chr9	51800000	51900000	7845
EL10_2_Chr9	51900000	52000000	11581
EL10_2_Chr9	52000000	52100000	6329
EL10_2_Chr9	52100000	52200000	7874
EL10_2_Chr9	52200000	52300000	4486
EL10_2_Chr9	52300000	52400000	9036
EL10_2_Chr9	52400000	52500000	6311
EL10_2_Chr9	52500000	52600000	4303
EL10_2_Chr9	52600000	52700000	7879
EL10_2_Chr9	52700000	52800000	7012
EL10_2_Chr9	52800000	52900000	4438
EL10_2_Chr9	52900000	53000000	2154
EL10_2_Chr9	53000000	53100000	14784
EL10_2_Chr9	53100000	53200000	3841
EL10_2_Chr9	53200000	53300000	2999
EL10_2_Chr9	53300000	53400000	6143
EL10_2_Chr9	53400000	53500000	5746
EL10_2_Chr9	53500000	53600000	9573
EL10_2_Chr9	53600000	53700000	2724
EL10_2_Chr9	53700000	53800000	11506
EL10_2_Chr9	53800000	53900000	2834
EL10_2_Chr9	53900000	54000000	2445
EL10_2_Chr9	54000000	54100000	6925
EL10_2_Chr9	54100000	54200000	4004
EL10_2_Chr9	54200000	54300000	6800
EL10_2_Chr9	54300000	54400000	11343
EL10_2_Chr9	54400000	54500000	9037
EL10_2_Chr9	54500000	54600000	6934
EL10_2_Chr9	54600000	54700000	5058
EL10_2_Chr9	54700000	54800000	9618
EL10_2_Chr9	54800000	54900000	2557
EL10_2_Chr9	54900000	55000000	6672
EL10_2_Chr9	55000000	55100000	3864
EL10_2_Chr9	55100000	55200000	2421
EL10_2_Chr9	55200000	55300000	5038
EL10_2_Chr9	55300000	55400000	8609
EL10_2_Chr9	55400000	55500000	4573
EL10_2_Chr9	55500000	55600000	2449
EL10_2_Chr9	55600000	55700000	4801
EL10_2_Chr9	55700000	55765948	8353
EL10_2_Chr_UnSca1	0	100000	.
EL10_2_Chr_UnSca1	100000	200000	.
EL10_2_Chr_UnSca1	200000	300000	.
EL10_2_Chr_UnSca1	300000	400000	.
EL10_2_Chr_UnSca1	400000	500000	.
EL10_2_Chr_UnSca1	500000	600000	.
EL10_2_Chr_UnSca1	600000	700000	.
EL10_2_Chr_UnSca1	700000	800000	.
EL10_2_Chr_UnSca1	800000	844466	.
EL10_2_Chr_UnSca2	0	100000	.
EL10_2_Chr_UnSca2	100000	200000	.
EL10_2_Chr_UnSca2	200000	300000	.
EL10_2_Chr_UnSca2	300000	400000	.
EL10_2_Chr_UnSca2	400000	500000	.
EL10_2_Chr_UnSca2	500000	600000	.
EL10_2_Chr_UnSca2	600000	656595	.
EL10_2_Chr_UnSca3	0	100000	.
EL10_2_Chr_UnSca3	100000	200000	331
EL10_2_Chr_UnSca3	200000	300000	.
EL10_2_Chr_UnSca3	300000	400000	.
EL10_2_Chr_UnSca3	400000	500000	.
EL10_2_Chr_UnSca3	500000	600000	.
EL10_2_Chr_UnSca3	600000	655613	.
EL10_2_Chr_UnSca4	0	100000	.
EL10_2_Chr_UnSca4	100000	200000	130
EL10_2_Chr_UnSca4	200000	300000	835
EL10_2_Chr_UnSca4	300000	369196	.
EL10_2_Chr_UnSca5	0	100000	.
EL10_2_Chr_UnSca5	100000	200000	.
EL10_2_Chr_UnSca5	200000	281882	.
EL10_2_Chr_UnSca6	0	100000	.
EL10_2_Chr_UnSca6	100000	143705	.
