Taxa	PC1	PC2	PC3	PC4	PC5
CRR1628720	1.5890217	-15.248197	-10.603516	10.600928	7.4287834
CRR1628721	3.456782	-15.965685	-8.325746	9.379801	8.155261
CRR1628722	3.4138749	-15.358955	-8.698017	8.8124695	7.7692766
CRR1628723	1.8950882	-15.775542	-10.333423	11.216346	7.064716
CRR1628724	1.4163264	-16.203215	-9.747227	10.795608	6.7545733
CRR1628725	1.7034049	-15.8806095	-9.559335	9.701322	7.7743874
CRR1628726	2.9409397	-15.859061	-9.369752	10.606639	7.973102
CRR1628727	2.9504206	-14.9393015	-9.710503	11.886995	6.712056
CRR1628728	3.1726687	-15.35915	-10.054093	10.024952	8.151656
CRR1915072	-20.861551	-7.58625	-1.9291997	3.79513	-5.4605985
CRR1915073	-17.135405	-11.051763	-1.873749	-7.9794173	4.48949
CRR1915074	-18.557405	-11.51056	1.7078487	5.0807505	-5.4051423
CRR1915075	-14.052073	-10.076274	3.526356	0.71072584	-6.432749
CRR1915076	-17.676294	-12.3734865	3.7471616	3.6731057	-6.7997093
CRR1915077	-15.531318	-13.729182	2.113967	-4.635916	-2.1360033
CRR1915078	-10.704552	-13.613459	3.2794578	-7.7393103	-0.7113124
CRR1915079	-15.725233	-9.3543	4.1881175	-13.00189	2.453981
CRR1915080	-12.8981905	-10.764693	6.6739373	-4.6428223	-7.449001
CRR1915081	-13.766862	-9.004034	7.975889	-0.329222	-0.22226952
CRR1915082	-19.214994	-13.944353	3.5049706	-6.7574434	-8.16434
CRR1915083	-23.69831	-6.9584684	2.3801494	-3.3329804	-10.226618
CRR1915084	-17.535255	-8.290124	-1.0715908	10.545635	-12.234666
CRR1915085	-17.873085	-12.293539	0.8519955	6.43233	-10.548265
CRR1915086	-14.560665	-8.115039	0.3609095	-2.9691143	6.1517215
CRR1915087	-16.850166	-14.858827	-1.2619563	-3.0641234	-3.7762866
CRR1915088	-15.784797	-8.374089	3.1565871	-4.4296775	0.6704697
CRR1915089	-15.620289	-11.0782995	8.85883	0.8069812	-8.093065
CRR1915090	-20.953995	-9.201982	-1.0461457	10.373715	-14.631337
CRR1915091	-12.936663	-11.178834	-1.7742568	7.4324064	-4.925517
CRR1915092	-18.77505	-8.701488	0.19944923	4.987936	-8.196676
CRR1915093	-18.597927	-5.5242004	0.14164259	1.5350331	-7.239421
CRR1915094	-19.25617	-9.850838	3.427156	5.588085	-8.385736
CRR1915095	-17.003458	-14.337005	1.5545672	-1.3492496	-6.683035
CRR1915096	-16.91126	-14.735868	0.69063205	-0.92442566	-5.246161
CRR1915097	-18.56774	-13.348698	-0.3973105	5.9168844	-9.775404
CRR1915098	-16.911709	-13.266089	0.6867153	0.43244368	-2.6830695
CRR1915099	-16.150038	-9.032122	0.11102282	5.3927045	-5.402122
CRR1915100	-18.46809	-10.446394	0.87753254	-0.9500621	-5.5016437
CRR1915101	-14.962727	-9.072772	-3.742028	3.5262914	-7.239126
CRR1915102	-24.184921	-12.369518	-1.1180571	3.3362055	-13.791315
CRR1915103	-13.363728	-9.437095	-1.8635643	4.238491	0.26724494
CRR1915104	-23.47591	-7.5007734	0.50061303	9.507581	-12.153466
CRR1915105	-11.919044	-8.782299	2.93077	-2.0229814	2.7929277
CRR1915106	-15.674252	-5.9653134	-2.8045924	0.6233739	5.602282
CRR1915107	-18.042238	-13.835962	3.839798	-5.8226643	-9.338823
CRR1915108	-18.526047	-8.70314	-2.1875064	3.1200387	-6.806016
CRR1915109	-21.152832	-5.8888125	-2.5120072	7.8143253	-4.2162185
CRR1915110	-13.090162	-13.768734	1.1027985	-0.20868614	3.1321313
CRR1915111	-15.769713	-9.536652	-3.367957	3.7186687	-0.21416481
CRR1915112	-17.474682	-11.700913	0.99019843	-10.295781	3.8557184
CRR1915113	-14.97597	-5.7148933	-3.0219774	0.9743218	-1.9841315
CRR1915114	-14.657301	-14.671802	5.3018622	8.377357	-5.9225583
CRR1915115	-15.427594	-8.7365675	-1.5283232	5.2777576	-8.01029
CRR1915116	-18.395199	-10.283657	-0.53231704	3.9211864	-7.1469803
CRR1915117	-15.419324	-9.88211	-2.1686013	3.2452672	-1.0859139
CRR1915118	-19.14231	-9.526679	-3.4709759	6.5286508	-5.935357
CRR1915119	-19.35218	-11.93506	-3.0444558	-1.9411507	-4.0952144
CRR1915120	-21.902798	-10.425643	0.7771463	0.99228734	-20.804304
CRR1915121	-20.65406	-12.566425	-0.65971357	4.0529466	-13.797028
CRR1915122	-15.732213	-2.9697163	-8.133495	6.1040125	-5.454756
CRR1915123	-22.394762	-4.227222	-3.0363326	4.1830673	-12.844679
CRR1915124	-20.413885	-1.1051955	-4.2764645	7.4936957	-4.130091
CRR1915125	-20.594954	-7.756959	-2.290245	-2.975606	-8.534727
CRR1915126	-20.818295	-0.44487438	-7.456104	7.1697106	-14.578397
CRR1915127	-18.280298	-10.453275	-1.964596	13.171323	-8.021343
CRR1915128	-17.326733	-17.738688	3.5506542	-7.365407	-7.573816
CRR1915129	-15.976527	-9.942707	1.4258753	-2.1290958	-3.4768112
CRR1915130	-15.63824	-15.923366	5.246533	-5.361295	-3.0600216
CRR1915131	-18.015532	-17.870972	6.934905	-5.5087314	-12.949129
CRR1915132	-17.383833	-15.755388	5.397102	-6.434089	-8.279577
CRR1915133	-11.610954	-12.601592	5.4372053	-7.1656423	-2.934612
CRR1915134	-14.328119	-17.989954	9.45062	-2.699443	-11.039044
CRR1915135	-15.407998	-10.039338	7.3261023	1.2874029	-7.5712633
CRR1915136	-14.670807	-10.567046	-2.0934563	-2.3975236	2.4355567
CRR1915137	-15.575561	-9.970103	-0.8712151	-1.0873657	-1.5499003
CRR1915138	-18.176529	-7.036938	3.1084177	9.90295	-5.625783
CRR1915139	-17.637016	-2.962663	2.0091472	-7.352335	2.1810594
CRR1915140	-12.541847	-10.463197	1.6571901	9.114736	-0.9339389
CRR1915141	-20.995798	-5.53756	1.4170789	10.090559	-15.515534
CRR1915142	-17.753841	-14.321695	3.7208433	1.004397	-9.824544
CRR1915143	-9.570745	-14.710185	3.5149486	-10.667654	0.17496164
CRR1915144	-18.588745	-8.247613	-2.6276727	-4.2949085	-1.820544
CRR1915145	-21.531586	-10.053241	-0.23256129	1.6341727	-1.9031954
CRR1915146	-14.653042	-8.170044	-2.0554857	3.6376066	-1.3195248
CRR1915147	-14.9188795	-14.152011	-0.57751256	-8.896362	2.392411
CRR1915148	-20.235544	-9.982805	2.163849	3.49953	-10.2238245
CRR1915149	-13.204848	-14.06522	1.3526703	0.35156077	-2.0402193
CRR1915150	-17.58531	-7.020461	-1.0063124	5.552533	-1.4798723
CRR1915151	-20.099785	-15.17441	1.2882566	0.49707648	-10.741236
CRR1915152	-13.666879	-11.037907	-0.5187524	6.7759647	-4.6901107
CRR1915153	-14.988046	-10.074442	-2.470831	8.289267	-1.0835943
CRR1915154	-18.676304	-14.643253	-5.0364757	1.8023947	-3.9278824
CRR1915155	-19.554523	-6.1683455	0.31509385	7.5310864	-11.981454
CRR1915156	-17.170948	-10.767279	-2.2204292	1.5594915	-1.5050533
CRR1915157	-12.89834	-7.553213	-0.85158336	5.0775013	-1.9050242
CRR1915158	-20.219564	0.07317578	-8.691188	4.8220496	-13.25818
CRR1915159	-20.079157	-9.27584	0.3171383	1.9846156	-8.577241
CRR1915160	-20.633741	-6.608847	5.4711566	10.143562	-17.636465
CRR1915161	-18.112183	-8.988282	-1.3299305	2.1570575	-1.4661967
CRR1915162	-15.197039	-6.179125	0.28388965	10.177881	-4.803146
CRR1915163	-17.326168	-13.093588	0.83457416	3.5832515	-4.1344304
CRR1915164	-16.66646	-7.7690983	0.22058465	-4.5110145	-6.436269
CRR1915165	-20.552723	-12.13777	2.5916908	8.743901	-12.384972
CRR1915166	-18.05215	-9.679167	-2.8949764	-1.9871517	-3.105276
CRR1915167	-18.410376	-8.139885	2.3284361	7.296937	-9.051489
CRR1915168	-21.351147	-5.0854874	3.4205773	-8.386576	-2.0919683
CRR1915169	-15.402773	-15.232994	8.047881	-10.183431	-11.152402
CRR1915170	-14.962972	-6.523159	9.136957	2.59146	-7.1552997
CRR1915171	-19.945847	-0.37724963	-9.177974	-2.1907434	-17.00998
CRR1915172	-18.771915	-10.654907	-0.9034046	-6.623613	-3.1809075
CRR1915173	-16.274755	-12.704035	5.217572	-1.9367262	-8.069526
CRR1915174	-22.566782	-13.188428	1.1329939	5.493174	-10.343974
CRR1915175	-16.217674	-13.449959	-0.38553864	-3.41311	-1.6516168
CRR1915176	-18.638327	-13.198996	9.027552	0.53181124	-6.9015164
CRR1915177	-15.530473	-10.985012	0.27313417	-7.8309035	0.94251657
CRR1915178	-15.357344	-11.801458	8.889477	9.007095	-13.048881
CRR1915179	-19.915537	-7.52942	-4.7811103	4.268798	-3.3773184
CRR1915180	-18.150745	-8.631168	-0.08992667	-4.8219776	-2.4826565
CRR1915181	-17.404604	-8.137102	1.5620215	6.8735123	-13.230494
CRR1915182	-19.419363	-15.759049	6.5543513	-2.4515584	-12.673299
CRR1915183	-21.077213	-7.7752347	-1.5399382	2.2155056	-5.5728073
CRR1915184	-24.676846	-9.436482	-0.27381372	-2.3713012	-10.890571
CRR1915185	-18.717459	-10.52896	7.763162	0.5097746	-8.272202
CRR1915186	-19.205616	-8.6784315	4.4712477	-0.6838237	-1.1686407
CRR1915187	-16.814407	-6.321068	3.0279293	-0.58615357	1.9710281
CRR1915188	-19.72817	-14.381916	4.7891192	-0.47783792	-9.34083
CRR1915189	-21.65049	-8.670206	-3.3799846	-4.989344	-3.7353866
CRR1915190	-11.403415	-5.6955624	-0.7183585	-3.7300863	-3.073528
CRR1915191	-13.680149	-8.493324	0.37815872	-9.942226	1.8412257
CRR1915192	-14.125798	-9.87158	0.28815618	-1.2972243	-0.20865443
CRR1915193	-14.738815	-13.1791935	2.0027812	-3.028008	0.93564224
CRR1915194	-18.469955	-11.826041	1.7557558	-4.0903716	1.9280442
CRR1915195	-19.545294	-8.044251	1.0359987	-6.1333647	1.5556189
CRR1915196	-10.47363	-19.437315	8.491909	-10.626125	-5.5160084
CRR1915197	-17.155697	-5.4453115	-1.8982154	2.298153	-8.668259
CRR1915198	-16.545126	-13.220552	4.9452167	-1.2291677	-9.37007
CRR1915199	-20.850271	-13.279769	1.3865485	-4.8520203	-5.3062906
CRR1915200	-18.097736	-5.1753354	3.4554105	7.1794844	-10.705774
CRR1915201	-16.35697	-8.91904	4.996353	1.5587251	-4.9907546
CRR1915202	-18.420761	-9.254317	2.0027156	10.325348	-4.736967
CRR1915203	-12.96988	-6.523149	6.3062863	-22.050604	10.745676
CRR1915204	-17.317047	-10.436813	0.46376193	-7.2046657	-4.864549
CRR1915205	-17.113531	-8.354643	-0.98098105	9.347809	-9.372132
CRR1915206	-13.077908	-11.109468	2.9589725	-2.9498985	-8.4445
CRR1915207	-20.251005	-8.926464	-4.8376727	3.0889056	-5.6858597
CRR1915208	-16.749178	-8.409658	0.105782926	6.8056383	-8.037679
CRR1915209	-17.253708	-12.650615	1.0393972	2.260891	-10.14047
CRR1915210	-17.831451	-8.273251	-4.676397	3.22198	-2.6915026
CRR1915211	-16.078411	-10.199846	3.5589218	4.34749	-4.8322053
CRR1915212	-17.23902	-15.263926	4.0698586	8.996597	-12.323281
CRR1915213	-23.338913	-13.951437	2.3442159	-6.2853336	-15.12267
CRR1915214	-19.05972	-8.951022	3.8112094	4.137669	-9.35101
CRR1915215	-19.221237	-9.711435	0.62322444	7.1123166	-7.905531
CRR1915216	-16.590094	-6.1457763	0.5866994	9.233815	-8.918809
CRR1915217	-14.544392	-12.05542	5.206313	0.56022847	-4.17727
CRR1915218	-15.162616	-14.091274	1.8827258	7.988232	-4.9210653
CRR1915219	-18.51213	-14.954314	-2.0443795	0.30905873	-9.264996
CRR1915220	-19.713112	-14.25329	0.3950913	-3.2074487	-7.875603
CRR1915221	-18.073156	-8.527249	-3.3408797	6.455531	-8.257844
CRR1915222	-17.353823	-8.426421	-0.49909812	9.9653225	-9.581052
CRR1915223	-15.812059	-10.501532	2.100369	1.7910005	-15.347809
CRR1915224	-24.216581	-9.244268	-0.5708758	-7.484845	-9.32748
CRR1915225	-13.235017	-9.268162	0.87909925	5.929691	-0.16769244
CRR1915226	-17.19548	-8.666643	2.5127654	7.255001	-7.649718
CRR1915227	-10.493395	-5.945092	-3.8652494	4.6266413	0.027953383
CRR1915228	-23.466803	-4.4071145	-1.946827	5.0796733	-8.398973
CRR1915229	-20.2124	-7.857917	-1.7680402	5.2604175	-4.318568
CRR1915230	-14.028104	-4.586619	1.7817345	10.27506	-8.898084
CRR1915231	-17.0496	-7.162111	1.3123044	5.3807454	-5.071469
CRR1915232	-18.011822	-2.0256674	5.367027	0.6559782	-13.024525
CRR1915233	-22.472816	-3.9712584	0.48978865	5.5833306	-12.392156
CRR1915234	-24.423729	-6.712906	-0.7501987	1.9937843	-11.55609
CRR1915235	-21.174416	-10.998987	5.571233	-4.559015	-13.919799
CRR1915236	-18.865503	-6.6434674	-3.3240776	3.630932	-5.918459
CRR1915237	-19.177643	-8.651635	-1.7238281	0.9291055	-5.0135913
CRR1915238	-17.244482	-8.550478	1.5637921	-0.92389214	-9.617414
CRR1915239	-17.157795	-9.154759	5.8109226	-3.2386625	-2.5139842
CRR1915240	-15.4528265	-11.617715	-0.33953938	9.062149	-3.4577866
CRR1915241	-19.366116	-17.530079	8.637085	-8.095139	-7.4959946
CRR1915242	-18.66396	-14.297041	-1.1602039	-1.5296373	-7.2633047
CRR1915243	-15.078991	-7.6153116	1.1578028	0.15642142	-4.113875
CRR1915244	-15.250832	-6.9504757	1.8488818	-3.7703907	3.7765317
CRR1915245	-15.966301	-8.153468	5.991414	3.0633307	-9.196752
CRR1915246	-19.520218	-10.616882	1.4750768	-0.25919953	-1.7232475
CRR1915247	-10.64046	-6.208023	2.2584128	-2.6494396	2.7944539
CRR1915248	-18.216763	-13.936164	5.8535776	-5.8602552	-7.7907395
CRR1915249	-16.12159	-11.498756	7.158633	3.9438934	-4.1941395
CRR1915250	-16.278122	-3.8212876	0.8606926	-3.3679159	4.8631153
CRR1915251	-14.204502	-4.459893	-6.6633945	3.5711446	5.104712
CRR1915252	-19.080559	-7.7140827	0.739194	0.07116579	-3.747089
CRR1915253	-15.364992	-1.2089685	4.0825024	9.283531	-14.951531
CRR1915254	-17.346355	-9.907815	-3.3341422	-1.0940213	-5.708144
CRR1915255	-10.0571165	-19.52971	9.341055	-10.916841	-6.143635
CRR1915256	-13.214326	-11.585478	0.7457508	-4.106588	2.7706017
CRR1915257	-18.959599	-12.303403	-4.5854144	3.3728108	-1.9074701
CRR1915258	-19.847452	-11.919824	-3.5054414	-2.0576282	-2.1054842
CRR1915259	-15.63924	-8.595172	3.1844623	-3.7987611	1.7537051
CRR1915260	-19.789421	-11.797689	-1.7533379	2.9144425	-2.204955
CRR1915261	-14.171883	-13.996251	14.597344	-55.841293	14.542494
CRR1915262	-14.721913	-12.788749	14.622511	-56.605507	14.731125
CRR1915263	-14.190981	-12.990215	15.164193	-57.00006	14.710029
CRR1915264	-13.563389	-11.026137	5.7448835	-29.850258	9.95101
CRR1915265	-13.119593	-4.7808223	5.4180613	-10.795489	-1.8314271
CRR1915266	-13.405216	-4.007227	5.2302694	-2.111393	-4.604123
CRR1915267	-9.088658	-4.046998	5.2311015	-6.6375604	2.7554793
CRR1915268	-12.430266	-10.380013	0.82388234	-1.3620541	5.3672767
CRR1915269	-9.036732	-9.82804	-0.8996192	-4.2362905	6.722268
CRR1915270	-11.778749	-9.68955	-0.97985286	1.7689922	2.2575285
CRR1915271	-16.532255	-10.681234	8.458673	-34.718853	4.1373124
CRR1915272	-9.805104	-3.3442967	4.2610455	-20.886684	9.484816
CRR1915273	-14.1640835	-9.114916	19.516216	-4.816513	-7.6959515
CRR1915274	-14.593835	-8.326319	3.1357265	-22.429007	8.846115
CRR1915275	-13.726822	-12.703794	4.8955646	-23.010502	8.909705
CRR1915276	-12.993787	-6.0735884	-3.4689088	-1.9657078	5.8074427
CRR1915277	-14.474311	-13.312254	15.185851	-56.977978	14.418643
CRR1915278	-14.469812	-17.218195	12.966943	-60.506607	12.430128
CRR1915279	-14.381708	-8.676104	1.7223363	-18.531382	7.435482
CRR1915280	-19.455128	-10.312836	7.6577663	-36.976913	3.6702836
CRR1915281	-11.874663	-8.623194	-1.284478	-0.93608093	1.7049191
CRR1915282	-19.103418	-9.816439	10.205669	-34.06266	-1.2001313
CRR1915283	-10.7340355	-2.8317635	4.8702245	-14.247048	6.477334
CRR1915284	-19.514633	5.958707	-9.834546	3.4824743	-6.8789244
CRR1915285	-13.8258095	-9.12403	4.739542	-10.633798	5.2759075
CRR1915286	-18.330791	-7.3850994	2.0457718	-18.553453	5.2728195
CRR1915287	-14.467012	-12.14443	16.536552	-48.799557	9.705776
CRR1915288	-17.773052	-14.187509	11.856324	-54.899635	11.799634
CRR1915289	-13.389999	-17.520555	12.216129	-54.234592	11.585786
CRR1915290	-14.152496	-16.687946	12.950258	-56.864094	12.417249
CRR1915291	-15.352125	-13.326161	12.728503	-51.388504	12.447115
CRR1915292	-13.557335	-7.266962	7.18318	-14.5690775	8.599699
CRR1915293	-14.031386	-2.2311456	7.8287015	4.458986	-12.88987
CRR1915294	-11.109568	-11.764621	-1.0525796	-2.1565669	6.3660884
CRR1915295	-12.274518	-8.877631	0.6894375	2.0684202	0.7242089
CRR1915296	-15.189261	-6.9548697	3.7092862	-14.566451	-1.8433785
CRR1915297	-15.568326	-16.85012	13.6629	-60.02759	11.936043
CRR1915298	-20.727892	-1.3496445	7.766345	11.45321	-21.115534
CRR1915299	-19.770584	-9.730188	5.8621335	6.990257	-17.555473
CRR1915300	-15.56862	-8.016428	7.488624	4.423719	-8.043092
CRR1915301	-10.979253	-7.810218	-0.69391966	-1.1078473	4.269734
CRR1915302	-15.155823	-17.104193	13.977769	-59.002438	11.75936
CRR1915303	-10.842288	-15.222251	16.370415	-55.266785	12.783142
CRR1915304	-15.949676	-6.8562183	1.5806738	-1.7828163	2.188466
CRR1915305	-12.759035	-10.564	2.8710377	-4.902109	5.2472
CRR1915306	-18.710924	-9.941076	7.085405	-7.2899303	-3.0127914
CRR1915307	-17.275522	-10.113449	5.5953355	-0.5663139	-2.6832001
CRR1915308	-21.596975	-9.411686	1.8830073	4.12729	-7.799047
CRR1915309	-17.265377	2.0276585	-4.6287746	6.86843	-5.9825788
CRR1915310	-15.974369	-12.191317	3.6199582	-26.544836	9.552928
CRR1915311	-16.4782	-11.914817	4.361041	3.6191587	-12.369368
CRR1915312	-16.319725	-8.553151	7.0525694	-20.463657	0.8532223
CRR1915313	-14.988733	-16.663641	14.404631	-60.8332	12.471702
CRR1915314	-12.080507	-11.18614	7.9364285	-5.775245	1.0602708
CRR1915315	-14.730429	-12.410987	11.80707	-55.254288	14.204974
CRR789265	-14.237217	-8.340381	-1.9324768	4.630163	-0.54768836
CRR789266	-13.441935	-5.313878	-0.9124452	6.243501	4.9461136
CRR789267	-16.412525	-6.9796653	0.8811576	3.5940156	3.3415968
CRR789268	-19.637617	1.0443277	-2.4881084	6.090799	0.39927903
CRR789269	-18.389149	-1.5152483	-1.9030533	7.224892	0.36249074
CRR789270	-19.554554	-1.8771881	-5.1420827	1.1575571	5.15403
CRR789271	-22.613384	-2.1429734	-2.8893514	9.533592	-4.1026673
CRR789272	-20.747229	-2.4976623	-1.36923	7.172773	-2.517907
CRR789273	-14.38821	-10.158739	-1.7338759	4.517376	-0.85265946
CRR789274	-10.512729	-13.641076	1.4964119	-7.1743298	1.697977
CRR789275	-17.052347	-9.493152	-5.9793854	7.20959	-0.61473656
CRR789276	-14.324115	-8.1710005	-3.4878712	-1.9393629	2.4837341
CRR789277	-18.666742	-8.698412	-2.774406	4.1181417	2.1601129
CRR789278	-20.367216	-4.756249	-5.9870515	4.9916353	-0.43361768
CRR789279	-13.543901	-9.104696	-1.3056233	5.535837	0.22939682
CRR789280	-8.705939	2.426633	-0.41473395	0.8514571	-5.8010483
CRR789281	-18.533966	-4.952389	-5.731581	5.562399	-3.428797
CRR789282	-12.989459	-3.7391477	0.17912441	5.289337	-9.943534
CRR789283	-13.742298	-8.90279	-2.5914817	1.4679332	4.177299
CRR789284	-17.50945	-7.9854903	-4.5871253	2.5096984	-0.93869865
CRR789285	-17.316599	-5.5058804	-5.0447183	-0.89256114	2.6957917
CRR789286	-14.153213	-6.6887083	-4.5487895	4.0915246	3.2951686
CRR789287	-16.993973	-7.8513346	-5.596632	0.24026966	5.3273816
CRR789288	-21.79849	-10.705298	-0.47668612	-5.0530415	-6.463837
CRR789289	-15.971714	-4.480558	-4.8675003	3.4197724	5.579732
CRR789290	-16.322927	-7.703022	-4.8863506	7.4985447	6.105747
CRR789291	-14.8323	-7.129607	-4.909393	4.377836	8.142096
CRR789292	-17.244577	-4.9109445	-5.4543533	5.978159	7.0974946
CRR789293	-14.263535	-4.98227	3.3657537	0.39887267	5.818428
CRR789294	-14.534424	-3.6813366	-2.166509	8.303418	3.358135
CRR789295	-9.677086	-5.75673	4.7247763	6.3616595	5.211653
CRR789296	-18.658571	-1.9178077	-2.52082	-3.5957851	7.975969
CRR789297	-19.532877	-3.5011883	-4.550027	-1.4273086	5.3764596
CRR789298	-16.972723	-2.6916552	-6.8732634	8.940731	5.1386533
CRR789299	-19.564255	-4.7679887	-7.366318	10.309473	4.055129
CRR789300	-14.721258	-8.696527	-2.8431723	2.6457074	3.136734
CRR789301	-21.075108	-1.7872477	-4.032635	5.141408	1.707664
CRR789302	-9.004576	-4.4669614	0.24376841	-8.348152	11.103591
CRR789303	-13.046976	-5.0130134	-0.69542485	-1.3515594	4.1452127
CRR789304	-15.349346	-2.5922465	-2.7299118	10.984302	4.4027896
CRR789305	-16.0923	-6.935152	-4.175896	2.188591	4.7821903
CRR789306	-16.410833	-4.275021	-5.6280584	3.5689766	9.708282
CRR789307	-17.235174	-4.493406	-5.7091894	-3.7390037	9.609183
CRR789308	-15.140765	-7.7342367	-3.0550911	-2.0867472	10.065554
CRR789309	-13.533955	-8.925348	0.019888451	6.8957634	2.9118686
CRR789310	-8.871799	-3.8515143	0.5469646	0.5631125	8.7713375
CRR789311	-15.312594	-7.2177925	-3.427833	6.1905503	2.3218064
CRR789312	-13.318278	-8.659443	-4.1369634	2.3449416	5.7498245
CRR789313	-15.547037	-4.3651114	-7.713672	-1.483484	9.740846
CRR789314	-21.5744	-5.402769	-6.223416	5.1558995	3.24222
CRR789315	-18.078913	-6.5800467	-6.4468403	3.7525442	6.5050497
CRR789316	-15.247591	-2.3635595	-3.842299	2.2923422	6.6848946
CRR789317	-12.421827	-7.428957	1.1960135	10.283606	5.6324277
CRR789318	-12.821663	-4.4501543	0.37255937	5.135169	6.5812125
CRR789319	-15.715873	-2.5671878	-4.50071	6.207357	8.524614
CRR789320	-10.8497925	-7.2612805	-4.3847594	-1.7350502	6.4305816
CRR789321	-15.098761	-5.9080343	-5.4226327	10.389768	4.699561
CRR789322	-15.544669	-5.62111	-5.8409505	3.9891372	3.544846
CRR789323	-18.158022	-3.5193017	-6.83232	2.973471	3.5027401
CRR789324	-12.548806	-8.026727	1.015648	1.9348372	-1.5286025
CRR789325	-15.657005	-4.934314	-7.5335183	5.5151434	6.7215757
CRR789326	-15.816353	-8.136342	-5.368673	2.6775842	8.225697
CRR789327	-14.492801	-2.7354226	-1.1405034	7.1192145	3.136706
CRR789328	-16.553213	-10.877459	1.0640694	-0.38296765	2.3768613
CRR789329	-17.205994	-4.8555336	-8.404907	-1.7210938	11.06181
CRR789330	-11.077869	-3.5797145	7.6981554	2.002737	4.14038
CRR789331	-14.065287	-3.928639	-5.913991	6.6197014	5.9956594
CRR789332	-16.03287	-5.8664837	-5.9198384	3.9704778	6.0441284
CRR789333	-14.306602	-6.5951777	-4.117998	6.4444513	2.766089
CRR789334	-14.455895	-6.2720637	-3.040469	-0.6308003	11.163299
CRR789335	-11.632096	-0.9993428	-1.1802914	-0.7248516	9.286786
CRR789336	-12.386327	-9.169901	3.3564672	-10.0198555	5.0873065
CRR789337	-12.166713	-8.185291	8.457316	-1.1072129	5.370939
CRR789338	-11.490476	-4.5682855	1.2027876	-5.61986	2.9408636
CRR789339	-17.700502	-6.895045	4.1180515	-4.6101184	-14.101098
CRR789340	-13.86361	-6.0592566	-1.351501	-5.5107503	6.7196407
CRR789341	-6.249961	3.025955	3.4242074	-9.783143	10.373092
CRR789342	-17.153326	-7.0863614	0.8535716	-1.3866833	2.8110578
CRR789343	-18.216703	-6.971096	2.2006788	3.2167282	-2.0724785
CRR789344	-6.344212	-6.482599	6.1668663	-2.8106363	6.7130527
CRR789345	-15.197692	0.6102144	1.7238054	4.07761	-1.070101
CRR789346	-15.735208	-2.949374	-3.5264294	-16.559233	5.5097957
CRR789347	-13.088362	-3.3883874	3.2994468	-5.979194	5.7305946
CRR789348	-17.778652	-2.963023	5.771778	-8.026974	-3.5157104
CRR789349	-20.575672	-6.5594325	0.24596587	-3.6287487	-0.124885
CRR789350	-14.685259	-8.334926	0.8999895	5.550034	-0.7369691
CRR789351	-17.423986	-1.8552378	0.97475606	-3.09102	-0.111784294
CRR789352	-14.562181	-9.371524	1.5193146	-15.105734	4.8014817
CRR789353	-14.609706	-8.04608	-1.0308412	-10.105022	5.84935
CRR789354	-13.618632	-0.92878586	1.6407481	-5.447893	4.0309443
CRR789355	-18.282194	-1.5725708	-4.4701257	-11.786931	5.3780346
CRR789356	-14.222871	0.15786499	1.2164701	-8.961328	8.953043
CRR789357	-12.402035	-0.86853456	-0.23211765	-7.969755	5.8512526
CRR789358	-16.334183	5.8702254	-1.4678009	-5.075567	4.5613723
CRR789359	-14.136701	-2.6094418	1.3985394	-10.630534	4.1051326
CRR789360	-15.875005	-2.34196	-2.4614463	7.82423	3.8125849
CRR789361	-8.653737	-2.033642	3.8251975	3.3398361	5.0966225
CRR789362	-18.211838	1.4138621	1.184885	-5.959672	1.2772869
CRR789363	-14.481182	-3.0753274	1.506459	4.9966197	-0.2077732
CRR789364	-17.769709	-4.4991307	1.6660677	-3.777103	-3.2920253
CRR789365	-22.509855	-9.351361	-1.6629113	-7.105778	-1.308192
CRR789366	-20.125889	-7.933286	0.9970903	-0.23431118	-6.2355785
CRR789367	-18.849054	-7.6556144	-5.8861704	1.6464846	4.3143945
CRR789368	-15.875975	-3.2001755	-0.60890144	4.50469	1.5067703
CRR789369	-14.9528265	-2.818657	-2.7110698	5.300426	2.298097
CRR789370	-17.057909	-1.6951054	-4.243685	2.8442535	4.484653
CRR789371	-13.536399	-7.402213	-1.211435	5.8625183	0.9232079
CRR789372	-15.647231	-4.020686	-4.485009	2.0325327	3.9971168
CRR789373	-15.877624	-4.206675	1.4047482	3.8871965	2.8721962
CRR789374	-12.903569	1.1623703	1.755372	-2.67587	4.620839
CRR789375	-14.405658	-3.0562632	2.9172094	-1.1118935	1.4570862
CRR789376	-16.941092	6.9986944	-5.5235257	-3.3167815	0.97363025
CRR789377	-14.215461	-0.32150218	0.5803833	0.82456225	0.55056155
CRR789378	-19.7208	1.2561238	-1.6002439	3.1696699	-8.932313
CRR789379	-15.700034	-6.8608313	-4.42088	-6.7074795	1.0018964
CRR789380	-15.674425	-5.105185	2.722774	-3.2864144	-0.249354
CRR789381	-15.651318	3.061411	-1.8810934	-1.9867054	-2.0700693
CRR789382	-15.745628	0.32504228	-1.2575214	-6.8428793	3.447875
CRR789383	-17.138823	0.74733406	-3.8638084	-0.62781745	-3.0024145
CRR789384	-13.090366	-6.0995474	2.2669554	-4.838644	-0.4317949
CRR789385	-13.76583	0.3226114	5.0236163	5.290496	-0.46968815
CRR789386	-14.433268	-1.910749	1.713214	2.722978	-3.4218676
CRR789387	-21.362785	3.3483815	-4.21776	-1.883589	-13.370767
CRR789388	-18.333889	-8.0955305	1.1711408	0.5245812	-5.1121454
CRR789389	-9.40478	-6.3086605	3.6440077	1.907871	3.9251022
CRR789390	-14.377578	-4.4755383	4.925068	7.351744	-6.4943185
CRR789391	-17.236935	-7.2594194	-3.9581316	-5.8099346	3.5695126
CRR789392	-15.998348	-6.6297665	-2.1544893	0.3708323	3.380976
CRR789393	-18.496513	-12.976911	-0.28014296	-3.1947088	-4.884062
CRR789394	-13.70765	-1.8482393	5.687197	-5.665823	2.6347663
CRR789395	-11.264304	-8.517144	3.5295904	-3.840138	8.282229
CRR789396	-17.133553	-3.7616272	-1.3652238	-0.87517315	9.118329
CRR789397	-7.1095433	-7.4133167	1.9881474	-9.935083	6.383195
CRR789398	-11.311831	-0.6156619	-1.7167096	2.66207	7.3895206
CRR789399	-16.24053	-5.2182336	-3.8889728	-0.23451562	0.30308685
CRR789400	-14.724955	-6.373637	-0.63937795	-2.6366467	3.7000105
CRR789401	-14.000549	-8.400049	-0.6937097	-8.685735	7.493124
CRR789402	-12.176466	-3.2850394	2.7161329	-0.66711354	5.8799095
CRR789403	-16.696705	0.9425369	2.7554612	1.944169	-0.47440007
CRR789404	-17.97853	-0.5532532	0.24808167	0.70534825	2.50993
CRR789405	-13.011187	-8.003455	2.680444	-10.474132	9.324511
CRR789406	-12.0406065	-5.170219	9.615902	4.9382553	1.4859741
CRR789407	-14.96962	-4.262915	1.6068202	-18.386482	0.7942699
CRR789408	-11.883817	-4.427282	0.094925396	-4.758977	7.5754128
CRR789409	-14.801725	4.5700135	-6.7367325	-2.883294	4.548829
CRR789410	-13.890243	12.384252	-0.98468477	-8.566417	2.224059
CRR789411	-18.381523	0.97839123	-1.8839895	1.6386896	4.1737113
CRR789412	-15.287567	4.468359	-6.7909813	-2.9446838	5.105764
CRR789413	-14.265254	2.621882	-0.6665881	-8.245554	8.227112
CRR789414	-10.374951	-2.4130733	-0.38139924	-8.094358	9.0889435
CRR789415	-14.792388	4.5040135	-6.3347945	3.934343	4.908349
CRR789416	-10.413725	-3.5195355	5.799307	-10.047966	-0.1554931
CRR789417	-20.369823	-0.6897082	-2.1160784	-5.4018426	-0.4842516
CRR789418	-18.782164	10.739473	-7.5445323	-10.847875	1.2959826
CRR789419	-13.808508	-10.501077	5.7895646	-3.5508513	1.4540969
CRR789420	-15.279088	-4.752092	-1.7428083	6.312207	0.6219611
CRR789421	-17.275862	-6.923639	1.0721854	-5.2641215	3.357506
CRR789422	-13.272107	-8.215358	-0.791851	-3.3141594	3.218026
CRR789423	-14.541043	-4.0512934	-2.6326687	0.055644717	6.5529323
CRR789424	-20.4764	10.253936	-10.090482	-18.55842	-2.743393
CRR789425	-21.320013	4.955145	-6.836284	-8.521677	-6.8377686
CRR789426	-5.282309	0.5734809	2.0432062	-9.25485	7.5496373
CRR789427	-11.227497	0.40713045	4.4143744	-3.2882016	0.09486565
CRR789428	-15.458746	-1.3952211	5.6614075	-2.0798757	-0.7420708
CRR789429	-17.318773	-7.87434	2.563156	-6.5212317	1.241097
CRR789430	-16.113708	-9.723257	3.0753217	-14.491442	3.7942183
CRR789431	-14.611474	-9.22	4.9334555	-17.031382	11.138191
CRR789432	-17.376822	-0.9613673	0.21247374	-15.787275	-3.7609437
CRR789433	-20.725433	-3.4487553	-1.359363	-15.685467	2.7789423
CRR789434	-20.059904	4.6855416	-0.8706838	-31.304098	4.6299586
CRR789435	-23.697527	16.204851	-8.025405	-17.298761	-2.602624
CRR789436	-17.766468	14.07434	-9.29794	-24.524464	8.690863
CRR789437	-16.330221	2.293795	0.24113019	-17.153656	7.00357
CRR789438	-23.346739	3.1055384	-4.088627	-11.757861	-0.73600507
CRR789439	-13.077003	16.87081	-6.740163	-15.696141	-7.9609327
CRR789440	-20.744946	23.146095	-15.154289	-24.66391	-4.3991632
CRR789441	-15.7035475	-6.2659435	8.856175	-16.551025	8.759993
CRR789442	-17.769615	-9.182691	6.404832	-10.29361	5.0031986
CRR789443	-18.04523	9.439895	-5.8153443	-24.930817	8.644103
CRR789444	-15.286732	3.4054925	-3.6579483	-17.348957	2.4438932
CRR789445	-12.882524	-2.3035107	2.071033	-10.956065	5.8356504
CRR789446	-15.635199	-4.349278	1.8327107	-11.5020075	4.9912267
CRR789447	-20.258337	-1.5178586	-0.3063635	-6.9415116	-2.821944
CRR789448	-17.279514	5.633314	-1.824335	-0.6047888	-0.12811533
CRR789449	-17.731504	1.0640111	-0.468361	-10.83524	-1.4744568
CRR789450	-15.475821	5.673785	-0.79614335	-10.609762	8.157575
CRR789451	-19.803904	-5.068612	-0.8670645	3.034668	-4.93139
CRR789452	-19.725208	-6.1151614	-2.4186091	-1.7700357	-2.1720157
CRR789453	-19.412535	-13.188845	3.6804643	-1.5681775	-6.8766503
CRR789454	-16.51224	-10.12508	1.0642403	-0.92386144	0.24290521
CRR789455	-22.761707	-8.119649	0.039330676	2.6470509	-17.703281
CRR789456	-23.027624	-4.4954467	-1.9707338	2.4552145	-12.779552
CRR789457	-22.506083	-5.618136	-0.9649839	4.009648	-8.853125
CRR789458	-23.112835	-5.3391867	-1.8879235	3.063145	-11.007507
CRR789459	-21.216291	-5.6212854	1.8249704	4.5646033	-17.81225
CRR789460	-23.563255	-5.3128366	2.705359	2.6146433	-22.025381
CRR789461	-20.932766	-9.569421	0.40498388	-1.1867752	-17.854229
CRR789462	-19.780466	-12.887416	2.735183	0.23503414	-11.754554
CRR789463	-19.842325	-12.66652	4.886742	1.1508583	-13.342197
CRR789464	-19.25626	-13.866584	7.3585157	1.5972517	-12.224482
CRR789465	-15.633202	-11.013234	2.135303	1.8282593	-7.748837
CRR789466	-16.660524	-11.194582	1.9264666	7.7338247	-9.533897
CRR789467	-19.853693	-11.503365	2.3112197	6.1742067	-12.02662
CRR789468	-18.366066	-7.441662	1.7071636	4.471107	0.12978025
CRR789469	-15.951415	-7.5052676	0.37057355	-0.99251837	-0.6575614
CRR789470	-15.242058	-4.6587386	-0.25049567	-12.772603	-2.41748
CRR789471	-10.8528185	-1.6902725	1.7014393	-1.3822418	8.315534
CRR789472	-12.583925	-0.90462464	-0.48565698	6.4713902	6.5212054
CRR789473	-16.379166	-0.8678336	-6.611428	10.928916	2.642889
CRR789474	-13.333185	-7.127797	5.4932365	-6.592923	5.7404456
CRR789475	-11.395861	-5.2153645	4.1017065	-12.872574	8.646096
CRR789476	-11.75951	-1.8925575	-3.5969222	0.7430455	11.540562
CRR789477	-14.507051	-5.54078	-2.9315832	1.6736199	8.039346
CRR789478	-8.760318	-10.129012	-0.23600781	-10.772364	7.1227107
CRR789479	-14.3016405	-4.112181	-6.6399555	7.0951786	7.568544
CRR789480	-15.065006	-4.655193	0.8244277	1.7375863	3.3175519
CRR789481	-16.875732	-3.1652482	2.061716	14.7816105	-2.548263
CRR789482	-10.751006	-5.150073	-2.1912818	7.4705224	10.705195
CRR789483	-17.12101	-4.2324276	-2.151525	6.895492	6.126382
CRR789484	-15.9703455	-6.875594	1.8468227	-0.4319044	2.6779242
CRR789485	-14.148105	-6.123687	0.24636215	6.35068	2.43885
CRR789486	-16.209244	-9.32466	-1.2198435	9.731826	0.8275077
CRR789487	-20.576708	-5.7750926	-6.7213645	2.581937	0.1295123
CRR789488	-10.900094	-8.788256	-0.7378683	1.5931591	2.8807235
CRR789489	-14.168131	-8.384633	-4.4740634	5.880346	0.15919355
CRR789490	-18.26377	-8.357309	-0.65835685	6.852677	-10.977672
CRR789491	-18.376137	-7.329221	-10.435588	3.140098	2.814313
CRR789492	-16.162334	-4.5529265	-3.9207213	10.316289	-0.31465498
CRR789493	-15.447465	-10.552274	-1.2880646	0.8020682	-3.2380896
CRR789494	-16.108898	-7.995054	-5.0858145	-2.9232974	0.57927585
CRR789495	-14.266854	-7.874112	-8.312704	7.1083784	2.5163627
CRR789496	-16.352327	-6.772367	-5.052405	7.7209606	-2.2702377
CRR789497	-15.077586	-5.356186	-7.7687154	6.0183635	1.999408
CRR789498	-18.353548	-5.560012	-9.846851	3.0163321	3.0502052
CRR789499	-16.319675	-6.4437833	-5.2503333	11.052849	-6.14302
CRR789500	-19.64183	-6.0418787	-5.016689	12.134044	-6.0679836
CRR789501	-18.284725	-9.379449	-3.550252	10.7039585	-6.7823052
CRR789502	-18.686096	-9.516877	-6.934679	6.5996146	-1.6880175
CRR789503	-21.530832	-4.999783	-9.227942	8.244607	-1.5837009
CRR789504	-10.125745	-6.616977	-6.2248735	0.8270527	6.2783957
CRR789505	-19.662565	-10.35141	-4.9147	4.6254745	-2.9372709
CRR789506	-16.925007	-5.97125	-3.6051316	2.4010768	5.000332
CRR789507	-19.320538	-12.943022	-3.1967893	6.466889	-9.105401
CRR789508	-19.817705	-10.545126	-5.5237055	4.2688093	-4.1140757
CRR789509	-17.583254	-3.5394502	-4.1041684	4.0122137	0.7615734
CRR789510	-14.143385	-8.351206	1.1292425	-0.08489759	-3.7930243
CRR789511	-17.897486	-5.278752	-3.9021983	-2.7423408	3.2232783
CRR789512	-15.435206	-12.339969	-4.1165934	2.2219322	1.0832441
CRR789513	-16.835	-15.795491	4.087307	-31.523403	8.275203
CRR789514	-14.593575	-14.929935	6.0410247	-43.023224	11.896555
CRR789515	-12.92813	-17.584343	10.295546	-54.53347	13.565612
CRR789516	-10.490126	-14.538895	7.8343863	-34.44152	12.331924
CRR789517	-14.237867	-6.222881	4.1509247	-14.621508	7.107215
CRR789518	-9.913771	-13.910671	12.947058	-43.986244	12.545124
CRR789519	-17.211725	-12.371821	4.7356205	-33.084316	10.369742
CRR789520	-13.698484	-17.135029	11.626244	-57.548126	12.701083
CRR789521	-15.16106	-2.201862	-6.679352	7.0765314	4.9105215
CRR789522	-20.873354	0.49316642	-7.243818	11.141364	1.4520746
CRR789523	-16.416586	-7.2215023	-1.8511621	6.1103477	0.966024
CRR789524	-20.542606	2.4370472	-6.414836	5.3928185	3.517263
CRR789525	-19.213436	-5.2649035	-8.316949	5.6553617	2.430349
CRR789526	-16.758207	-4.0638256	-5.9468417	6.840272	0.9245745
CRR789527	-15.655433	8.09037	-9.034821	-10.750807	-0.90452194
CRR789528	-19.781824	-0.91829103	-10.118146	9.307814	2.5312424
CRR789529	-17.110905	-6.4410496	-6.0874314	1.9239485	3.4584322
CRR789530	-18.011456	-4.3039107	-9.208033	8.808095	4.8372045
CRR789531	-15.413516	-4.0495076	-4.2509613	13.254883	0.71417195
CRR789532	-18.314453	-2.0322316	-8.698541	9.160512	6.060514
CRR789533	-15.492123	-10.263515	-1.6170478	7.196797	-2.4628088
CRR789534	-19.99386	-2.0162308	-8.060594	10.756022	-0.5060558
CRR789535	-18.378643	1.5186563	-11.88306	5.5111957	2.3263316
CRR789536	-19.032595	-4.7985992	-6.4027514	0.5945032	3.5238242
CRR789537	-17.774391	-3.2176023	-1.7015913	0.52494353	-0.4433894
CRR789538	-19.223822	-4.9140368	-2.985594	5.3500805	2.1595128
CRR789539	-20.207066	-4.9138117	-5.4107895	-0.32849666	6.90818
CRR789540	-7.966269	1.2633014	-6.9477425	-1.423341	5.7821784
CRR789541	-12.874902	-4.343251	-3.547454	5.417326	3.283631
CRR789542	-16.406359	-9.730658	-2.4439597	-1.9417402	-0.32627824
CRR789543	-16.85814	-8.988093	1.2430819	3.5948133	-0.5079998
CRR789544	-15.463525	-3.8275774	-6.579531	9.555559	2.7777073
CRR789545	-17.961842	-6.9874353	-6.769681	4.7676578	2.9175208
CRR789546	-17.361002	-4.7162495	-4.703142	9.263093	1.4599403
CRR789547	-15.393008	-8.61963	-7.974928	7.3488345	4.8600335
CRR789548	-15.542091	-6.1561913	-5.9311295	5.073736	0.3477302
CRR789549	-19.666147	-6.5998573	-7.4659925	7.469404	3.019599
CRR789550	-17.346893	-4.5773845	-4.47131	-5.0820923	-0.8907871
CRR789551	-14.510704	-6.0553184	-3.8830948	-9.872718	2.389698
CRR789552	-19.903866	-2.8964896	-3.7983286	-7.4564066	-5.3361225
CRR789553	-17.557016	-2.6410227	-1.9509938	-11.699695	-5.406731
CRR789554	-18.372665	-4.3284473	-3.1642752	1.7909576	2.7202144
CRR789555	-12.819801	-7.015433	-3.7072744	0.78979766	4.715217
CRR789556	-10.782225	-7.1224384	1.684033	1.7655759	6.105846
CRR789557	-9.489689	-7.9716334	1.3666577	-1.7833234	6.512178
CRR789558	-14.051931	-6.862163	-0.8026606	-9.807447	9.895113
CRR789559	-11.525222	-7.598071	-1.7319933	-7.3242555	9.909301
CRR789560	-10.795691	-7.4767966	-1.3772732	-2.5056279	11.6824665
CRR789561	-9.928036	-7.0858517	0.21461578	0.33889836	10.103809
CRR789562	-16.224974	0.22552237	-8.645606	-0.20833258	1.8980459
CRR789563	-17.126783	4.3852935	-9.907001	-10.303768	-1.1829462
CRR789564	-15.051771	-3.6137838	-3.9721105	-0.40747583	5.4399614
CRR789565	-12.69245	-5.149682	0.7511273	-2.6769085	5.0004377
CRR789566	-15.490848	-4.4201593	-6.022626	-0.91677713	10.500391
CRR789567	-14.533581	-5.4211273	-6.320427	-1.8052899	10.965567
CRR789568	-15.475109	-4.4280353	5.3240542	5.3307962	2.2589483
CRR789569	-13.618335	-3.3682945	9.889127	4.9521933	-0.22603106
CRR789570	-3.816359	-6.4842834	-8.460765	-1.4286513	11.319593
SRR10059367	-33.49742	37.088642	-19.467701	-5.794371	0.8548426
SRR10192976	-0.08276987	25.475372	1.3806522	6.7437615	2.69229
SRR10192977	-36.582027	38.8147	-22.667297	4.390705	4.4448147
SRR10192978	-32.693245	23.83135	-16.567356	8.085721	4.3707623
SRR10192979	-32.018906	24.20063	-16.459259	5.1130667	6.1185985
SRR10192980	3.0892336	23.904606	1.3515687	3.5963967	2.443193
SRR10192981	-26.543953	13.351179	-12.085755	-1.7786633	9.333842
SRR10192982	-25.411604	11.564606	-8.85369	3.201875	0.5561418
SRR10192983	-7.667695	29.354464	30.730425	10.94702	0.75538075
SRR10192984	-6.970071	30.241074	31.57981	12.184633	3.5467167
SRR10192985	-17.706442	20.473913	6.8532286	3.3253171	6.7552075
SRR10192986	6.4128513	16.814672	40.34314	3.3270197	0.8972311
SRR10192987	-3.6086626	24.314188	5.33775	7.7459583	2.8504283
SRR10192988	0.8539747	25.811668	36.40884	2.8757155	1.9668574
SRR10192989	-29.673786	18.449823	-15.061802	1.2957662	4.7866817
SRR10192990	-30.598368	26.811468	-15.804953	4.0147014	5.3097014
SRR10192991	-30.354431	22.634665	-14.426923	5.0811405	3.6063538
SRR10192992	-5.8764877	24.227926	3.3375478	6.6707764	1.6039678
SRR10192993	-8.586945	26.939371	29.345234	5.723282	5.704354
SRR10192994	-20.58798	21.614317	-0.05029607	5.1070538	5.9006333
SRR10192995	-8.502021	31.294786	28.450928	14.782546	1.8052053
SRR10192996	7.49398	25.257635	38.525837	4.1995053	0.97494304
SRR10224869	-32.4112	35.54567	-22.622131	4.6929545	3.0687425
SRR10224870	-32.02408	31.290718	-20.324026	5.635881	4.6783056
SRR10224871	-33.922092	27.700256	-18.11883	5.931677	3.12889
SRR10224872	-33.89777	38.15095	-21.634174	0.8129318	1.2103508
SRR10224878	-33.185955	34.43788	-22.212332	4.9050665	5.371215
SRR10224880	-5.067934	28.870268	30.732641	11.815211	5.0446754
SRR10224881	-15.439806	31.343182	11.265003	12.397037	3.1632433
SRR10224882	-9.778923	30.358797	21.977022	17.919523	1.563405
SRR10224883	-5.8876977	31.261137	31.619167	16.012896	2.4963205
SRR10224884	-5.282203	27.149286	30.915752	5.845437	5.780549
SRR10224885	-4.771835	34.074665	17.417645	16.163572	-0.7159942
SRR10224886	-7.4007053	30.176708	28.364569	10.439937	5.013629
SRR10224887	-5.6522965	32.08551	-1.9945096	7.4010043	2.6156971
SRR10224888	5.6186323	24.77433	5.482282	2.3852456	1.2788779
SRR10224889	-14.154455	22.246538	-5.6696744	3.9581413	6.8909664
SRR10224890	8.410485	18.845165	13.021637	1.5911782	-2.1572573
SRR10224891	1.5782093	30.313202	3.1825564	6.654943	0.93824357
SRR10224892	-26.630564	27.96859	-6.308027	10.55665	3.3158345
SRR10224893	-21.411247	27.64883	1.2533951	8.029105	6.7404265
SRR10224894	-22.383276	23.970066	1.6228062	10.200377	1.3035061
SRR10224895	-20.082623	26.540468	4.3130274	7.7104816	5.7760277
SRR10224896	-33.91691	35.962345	-22.121319	1.1801847	4.796173
SRR10224897	-34.143845	35.32538	-21.969465	1.5820609	3.7196755
SRR10224898	-30.223404	33.403156	-18.973753	1.696281	3.927793
SRR10224899	-28.947237	27.65794	-16.22624	-5.2555866	8.477718
SRR10224900	-29.424328	32.231342	-13.305415	5.373729	3.7326145
SRR10224901	-30.193518	24.23653	-9.165574	8.34363	1.475985
SRR10224902	-32.509613	24.932384	-10.339125	7.553329	-1.3107414
SRR10224903	-30.60809	25.984585	-9.828599	8.152797	0.8780561
SRR10224904	-30.897911	28.18364	-10.072542	8.322276	2.5981596
SRR10224905	-33.69224	28.811876	-14.538671	7.0482864	5.8851786
SRR10224906	-32.4662	22.643072	-12.564988	9.654012	2.3118682
SRR10224907	-34.145428	28.99975	-15.979864	5.29452	3.6841397
SRR10224908	-32.166496	25.719498	-17.099243	2.6027744	5.8853703
SRR10224909	-33.442722	31.109867	-19.401943	5.733711	4.863266
SRR10224910	-33.758656	28.953535	-16.73339	7.366932	4.7298517
SRR10224911	-30.92161	30.377415	-18.56482	-0.9874038	6.393934
SRR10224912	-32.30321	29.131899	-17.038496	5.707753	4.190212
SRR10224913	-33.427853	29.863127	-18.351765	6.1682887	4.877638
SRR10224914	-33.356266	28.838547	-18.154205	4.621941	7.01604
SRR10224915	-34.59293	37.065304	-20.672308	4.7722473	4.1929035
SRR10224916	-32.980614	35.759296	-18.773577	3.782008	4.3511357
SRR10224917	-33.747326	36.471542	-20.142443	3.379484	6.423563
SRR10224918	-35.09696	27.021015	-15.951032	5.1363564	2.269944
SRR10224919	-33.05776	32.37147	-17.760126	8.056376	5.177258
SRR10224920	-34.959602	34.352356	-19.266853	7.1903925	5.227331
SRR10224921	-34.508144	32.14414	-19.759382	6.230443	3.811208
SRR10224922	-27.37164	16.228815	-13.501306	-2.1988578	9.939554
SRR10224923	-26.23055	25.287806	-16.0784	-3.601481	2.37296
SRR12806809	-16.147165	6.1969347	-9.392495	-14.058137	9.950893
SRR12806810	-3.0846527	29.1779	-9.818691	1.8801516	2.7278092
SRR12806811	-14.249992	10.621489	-6.7377872	-13.721113	11.986664
SRR12806812	-28.568357	18.13528	-10.73328	9.272483	2.7959664
SRR12806813	0.6276151	11.3882	-3.6192744	-9.310836	0.7896586
SRR12806814	-30.557	15.312145	-13.5106535	7.232397	1.8614424
SRR12806815	-27.945932	22.088951	-7.7207055	5.4273396	-3.0659325
SRR12806816	-24.575066	9.811867	-5.4920206	1.3731623	-3.900588
SRR12806817	-4.357358	24.433664	-0.32933936	-28.170034	6.456544
SRR12806818	-16.2148	25.083792	-12.605972	-14.760824	8.483793
SRR12806819	-24.456572	27.928448	-9.124553	6.4151998	0.61213434
SRR12806820	-31.846548	30.294905	-19.807804	-1.0076717	2.6051168
SRR12806821	-23.002563	16.71033	-5.4314346	3.1831388	-2.601056
SRR12806822	-25.458067	31.875029	-16.66163	3.393195	0.1535367
SRR12806823	-30.330254	19.280441	-15.015555	4.0663724	1.4935426
SRR12806824	-29.588013	32.547253	-21.555664	2.5234401	3.3162973
SRR12806825	-21.357735	24.969488	-15.641596	-3.8214386	2.5541282
SRR12806826	-31.49141	34.65525	-21.608849	-1.5828478	4.5298247
SRR12806827	-33.52314	27.741709	-20.374985	1.3239187	3.6654732
SRR12806828	-32.33641	27.860079	-18.940268	1.9352477	3.786773
SRR12806829	-32.33961	20.501177	-16.431692	0.42298606	4.879671
SRR12806830	-18.561115	36.55975	-22.145008	-1.2676336	-6.8703847
SRR12806831	-16.57497	36.767754	-20.761621	-7.9230547	-6.548389
SRR12806832	-25.918623	17.686426	-11.514537	-10.168138	3.4148672
SRR12806833	-28.555658	42.407772	-24.037756	3.1786196	6.2772803
SRR12806834	-19.436523	7.897458	-11.214289	1.7339426	8.341227
SRR12806835	-22.545822	32.236492	-20.472168	1.1700476	-0.09507501
SRR12806836	-30.187963	21.2386	-19.407217	-1.9210386	4.8412952
SRR12806837	-16.335415	8.828944	-11.50391	-12.326181	11.157248
SRR12806838	-22.164915	5.5951777	-11.029444	3.6866696	1.3311816
SRR12806839	-30.182236	32.26619	-18.1977	2.4789011	4.543246
SRR12806840	-22.053095	12.7639885	-13.714562	-4.477104	4.7619753
SRR12806841	-15.525266	15.992715	-10.144544	-14.268455	5.81348
SRR12806842	-20.120546	14.023983	-11.66029	-5.692728	12.681101
SRR12806843	-7.9814963	24.59931	-0.35829833	-26.745811	8.5518675
SRR12806844	-20.322401	16.381403	-18.073793	4.00338	7.489575
SRR12806845	-20.625134	13.0515785	-11.306197	-10.094381	11.9148445
SRR12806846	-32.27459	33.2913	-23.057493	-0.8302786	1.4325612
SRR12806847	-30.432817	27.530708	-17.136696	4.7984867	5.2793756
SRR12806848	-29.163654	35.493774	-18.712788	-9.570579	-3.1737196
SRR12806849	-35.13306	32.042408	-18.344397	6.3251343	4.230609
SRR12806850	-31.518196	26.97256	-14.459952	-2.4588895	7.131493
SRR12806851	-8.564301	9.691402	-3.148693	2.9373918	0.47340855
SRR12806852	-14.229707	7.7616606	4.0450907	-13.84232	3.4241583
SRR12806853	-16.403433	21.769789	-14.854096	-25.580263	6.5960054
SRR12806854	-29.129389	41.53499	-21.634638	-2.2238548	8.7037735
SRR12806855	-20.412228	23.194118	-13.488073	-26.543743	2.5071025
SRR12806856	-20.955168	32.715874	-12.395627	-1.545658	3.6495912
SRR12806857	-26.978525	12.745134	-12.520595	-2.3860538	4.812308
SRR12806858	-29.472149	15.15685	-13.951301	0.7811999	6.6089087
SRR12806859	-21.999002	31.81028	-15.376562	-19.824425	6.6884513
SRR12806860	-35.22401	35.03791	-21.735502	3.1244044	5.333662
SRR12806861	-24.316952	28.514538	-15.424763	5.341603	6.4457645
SRR12806862	-31.542543	41.668194	-22.97012	-9.926025	6.949391
SRR12806863	-31.660503	28.516521	-20.335588	0.07616916	4.603717
SRR12806864	-29.000645	25.657255	-14.14464	0.53125846	8.220017
SRR12806865	-30.682322	27.822952	-17.731129	1.5269767	6.0039806
SRR12806866	-19.713238	9.163142	-13.447354	3.0317533	9.594419
SRR12806867	-20.939587	8.787071	-11.818256	3.2917504	9.43277
SRR12806868	-30.50677	28.87489	-18.09642	1.9103961	1.3565334
SRR12806869	-32.184093	41.984554	-23.568033	0.04965881	6.5206585
SRR12806870	-30.516626	28.234346	-19.41933	-4.9467673	4.7646995
SRR12806871	-25.887686	26.534037	-16.356628	-4.9243765	3.5909612
SRR12806872	-23.06139	27.897596	-17.908958	-7.9014974	4.3878803
SRR12806873	-32.84497	27.569786	-12.713385	9.300792	3.1934888
SRR12806874	-29.332272	21.581043	-13.386163	2.908605	4.579495
SRR12806875	-29.27417	26.93414	-11.132018	8.122574	2.2092836
SRR12806876	-32.23214	23.50433	-13.87866	7.5744104	3.8046613
SRR12806877	-31.722885	24.98051	-14.42353	3.2719512	5.5312324
SRR12806878	-20.976025	19.620504	-5.485526	7.065744	6.445886
SRR12806879	-26.673985	15.274795	-3.132724	7.6727424	0.44039264
SRR12806880	-24.59622	18.48325	-12.261762	-4.6377506	6.247677
SRR12806881	-10.264836	6.6184697	15.804721	12.376384	-2.1217551
SRR12806882	-27.04303	15.696032	-9.921285	4.694452	1.0620458
SRR12806883	-33.73402	31.008167	-14.779025	3.119217	3.1748035
SRR12806884	-22.955658	12.798883	-5.56721	-5.2598295	7.026602
SRR12806885	-27.007318	19.999147	-14.004629	-2.2354293	8.162208
SRR12806886	-27.825645	13.99747	-7.185127	5.3980722	-1.6689187
SRR12806887	-32.325478	42.580776	-23.157846	-3.1692853	8.964404
SRR12806888	-34.461746	27.479803	-13.839982	8.764033	5.752211
SRR12806889	-23.406422	29.64134	-16.5905	-7.319283	2.2797725
SRR12806890	-29.251774	35.57398	-18.909014	-2.5161393	9.065562
SRR12806891	-32.760105	42.547607	-25.016	0.57365453	5.1773086
SRR12806892	-32.56792	39.10099	-21.226414	3.9041033	5.4949036
SRR12806893	-28.80522	25.79578	-10.43518	8.113457	5.008511
SRR12806894	-23.317251	24.741875	-15.80023	-16.748325	5.437536
SRR12806895	-32.65352	43.826267	-23.845257	-9.953986	7.0165553
SRR13203972	-21.987633	14.735675	-3.456303	-0.8292414	0.5641851
SRR13203973	-24.008635	11.894204	-8.141829	-1.9538908	5.5973196
SRR13203974	-29.07269	25.591818	-14.584661	-4.681637	11.478765
SRR13203975	-24.884216	22.072517	-13.232856	0.5162069	-5.95593
SRR13203976	-16.146505	14.331091	-8.657168	-3.4765136	0.99866927
SRR13203977	-20.790194	19.971594	-5.6451807	0.21039425	6.59101
SRR13203978	-20.242117	26.42749	1.202776	9.49149	1.2515756
SRR13203979	-28.115726	21.006977	-13.716392	2.1143151E-4	7.067058
SRR13203980	-30.120134	25.684313	-17.720512	-0.6049888	6.9766517
SRR13203981	-21.841946	15.078281	-8.841703	-5.212322	9.19105
SRR13203982	-22.741096	20.185545	-11.561215	-3.234475	2.2146218
SRR13203983	-31.081118	41.419544	-23.227823	-3.5016541	1.8349407
SRR13203984	-15.635562	12.186329	-5.811346	-5.489852	3.3449447
SRR13203985	-17.876785	9.973915	-8.175517	-10.040015	6.538665
SRR13203986	-15.087031	6.8895645	-3.8995984	-8.480603	3.0404642
SRR13203987	-30.627243	22.85298	-12.000695	4.124364	7.740723
SRR13203988	-32.898617	26.430553	-14.152578	8.383302	7.7568355
SRR13203989	-37.076027	28.588898	-18.291307	6.6731567	6.2990127
SRR13203990	-30.894632	24.50533	-13.646818	-1.0856017	6.76773
SRR13203991	-31.602322	34.373177	-21.161646	-1.0278201	2.2853127
SRR13203992	-18.325123	31.429787	-15.389589	2.235858	4.522159
SRR13203993	-24.495977	20.038782	-4.8373504	6.836482	-5.6692114
SRR13203994	-34.224583	25.948128	-19.701164	0.070654936	8.007066
SRR13203995	-32.859974	30.702848	-20.920195	4.614121	4.5696855
SRR13203996	-36.271572	36.51419	-23.023735	1.7989455	3.3892224
SRR13203997	-32.747276	27.584957	-21.744184	-3.7417648	1.4683225
SRR13203998	-30.216097	34.404076	-20.8379	1.7511026	4.501738
SRR13203999	-7.7677712	26.60253	-3.037771	-27.943338	6.082369
SRR13204000	-34.589397	31.279781	-20.838943	5.736637	5.5704346
SRR13204001	-28.95673	20.743433	-14.192859	-1.9421921	9.701774
SRR13204002	-22.912159	25.19742	-15.404728	0.20386653	1.0079682
SRR13204003	-35.317364	35.91247	-22.752203	2.5416827	0.7271484
SRR13204004	-25.782207	23.273806	-14.364689	0.71335924	-5.6704845
SRR13204005	-33.559128	32.35136	-20.247387	1.0655038	3.6726859
SRR13204006	-35.116856	32.19104	-21.841965	1.4075828	2.9428792
SRR13204007	-30.968681	25.681044	-16.626587	5.1827273	1.8310406
SRR13204008	-32.63076	41.577652	-23.382093	-7.2244754	1.6594272
SRR13204009	-30.68365	19.10558	-13.168937	4.1065755	0.3699717
SRR13204010	-31.891582	26.868412	-14.867253	-0.37531126	5.239312
SRR13204011	-23.884666	21.258871	-14.74619	-5.3182225	2.2486508
SRR13204012	-30.2076	35.638012	-22.852636	-4.516228	-1.076603
SRR13204013	-34.320602	32.817677	-23.191929	-8.903949	-2.811933
SRR13204014	-32.4153	36.436874	-21.637197	-1.7165942	0.9053683
SRR13607661	-25.100914	-10.662165	0.6856922	-5.3239284	-19.470247
SRR13607662	-26.615185	-6.1744885	1.9661762	-4.013058	-16.663101
SRR13607663	-23.66968	-9.495534	3.324004	-0.14206736	-21.304304
SRR13607664	-23.241991	-4.669657	1.7017711	1.0406109	-19.288712
SRR13607665	-21.406143	-8.055055	0.9115147	-1.0299443	-13.420111
SRR13607666	-25.78008	-6.464226	-1.1048889	2.4006321	-19.420147
SRR13607667	-19.01128	-2.776413	-1.0311778	4.8613424	-4.103478
SRR13607668	-23.339844	-9.018612	-1.2145704	4.0636883	-10.337243
SRR13607669	-22.049702	-8.201067	0.11617284	-4.2375607	-14.189388
SRR13607670	-23.335669	-8.029408	-1.3030552	-5.1939774	-16.100756
SRR13607671	-20.199137	-6.7193832	-2.4331174	1.9495713	-0.52030337
SRR13607672	-24.152267	-10.423452	1.6472034	1.2802892	-23.440088
SRR13607673	-22.025894	-1.0036857	-4.0116506	-4.949668	-2.189525
SRR13607674	-20.917458	-7.7925897	1.4216108	7.050751	-18.463837
SRR13607675	-24.24857	-5.59687	-2.268928	-3.2002635	-17.101788
SRR13607676	-21.2129	-3.0110655	-4.7131186	3.186493	-0.86511016
SRR13607677	-19.60921	-6.6523128	-3.9383986	-2.2369077	-5.168962
SRR13607678	-20.388432	-2.9047978	2.7492287	5.2962804	-10.576529
SRR13607679	-21.777708	-9.65553	-2.3529003	-4.330664	-8.451367
SRR13607680	-17.147293	-4.6190386	-1.0754417	5.6602993	-2.6195123
SRR13607681	-23.54483	-7.334842	1.3917547	4.155021	-17.53061
SRR13607682	-21.963026	-4.2958455	2.0616963	-7.520657	-15.002617
SRR13607683	-20.573914	-7.862648	1.1982905	-3.7479892	-9.151613
SRR13607684	-21.975227	-9.164187	1.9883747	2.9108832	-19.635033
SRR13607685	-19.083796	-5.668306	-0.28156957	-0.9240033	-8.297584
SRR13607686	-23.570265	-5.812821	-1.4375029	-7.0134115	-10.866458
SRR13607687	-18.93361	-4.5434265	-1.6022221	-6.954802	-6.470627
SRR13607688	-22.364967	-4.149241	0.8957991	1.8008738	-18.709589
SRR13607689	-21.450329	-2.9206092	2.548792	2.8105276	-12.309522
SRR13607690	-26.870544	-3.054363	1.5566202	2.6597073	-15.892429
SRR13607691	-20.958014	-9.2562475	0.38362134	2.409095	-10.837923
SRR13607692	-20.284767	-6.03121	-0.69582546	2.250411	-6.165824
SRR13607693	-22.011423	-4.874482	3.0149465	-0.60290915	-15.7602215
SRR13607694	-23.816042	-10.950237	3.6776786	6.7219653	-24.880587
SRR13607695	-27.353106	-6.138531	-0.9379481	2.1428175	-16.645823
SRR13607696	-13.779472	-6.126306	4.5121875	-5.5192447	-9.401373
SRR13607697	-21.02312	-2.9856205	-2.9548576	0.28021228	-11.259357
SRR13607698	-22.914701	-5.6983128	0.9034901	-5.0545363	-11.528926
SRR13607699	-24.461866	-8.453462	4.387664	0.55111617	-24.279577
SRR13607700	-19.789753	-3.9596252	-0.9963609	-3.1218672	-7.0803423
SRR13607701	-22.41819	-2.7107008	2.373529	-5.232068	-10.385452
SRR13607702	-21.486973	-6.5706553	2.5850313	1.9110404	-15.917949
SRR13607703	-22.864956	-6.5542407	0.7276279	2.32031	-22.032095
SRR13607704	-23.48424	-4.11227	1.8618497	-1.176041	-21.204273
SRR13607705	-23.736307	-6.206989	-3.5868502	3.0870779	-14.82477
SRR13607706	-20.447948	-6.0124984	1.863758	-2.7596896	-11.418774
SRR13607707	-22.759321	-5.7025504	2.000379	0.7621249	-13.231388
SRR13607708	-21.559362	-6.38656	1.4686651	-4.359474	-8.597728
SRR13607709	-25.351738	-6.6273713	0.6399656	-0.53889513	-20.455763
SRR13607710	-25.051289	-11.138334	3.421027	3.489774	-22.143007
SRR13607711	-21.380518	-5.482834	-1.2287028	-2.0955267	-8.182075
SRR13607712	-24.44594	-7.1107354	-0.038829416	-11.784826	-11.903517
SRR13607713	-25.192461	-11.208352	0.40909716	2.3143559	-20.472828
SRR13607714	-24.99637	-3.7823017	0.6707783	-0.5290472	-17.332392
SRR13607715	-21.312466	-4.5409245	2.3751478	2.7594662	-20.133183
SRR13607716	-22.676662	-6.549277	0.47497523	-0.43892065	-14.015394
SRR13607717	-18.476645	-4.403355	1.5493696	-2.4811869	-8.9824
SRR13607718	-21.661592	-3.2111511	0.85635453	2.3602567	-11.557373
SRR13607719	-23.280552	-5.2623415	-3.7806938	-4.4957857	-2.4832451
SRR13607720	-25.609985	-3.0176623	0.58910835	1.4025787	-22.812952
SRR13607721	-23.455156	-10.181674	0.7587685	-6.231049	-18.094471
SRR13607722	-19.092321	-4.865633	5.874402	1.6773564	-9.451701
SRR13607723	-24.948471	-3.2652106	0.35476705	-8.685955	-13.88693
SRR13607724	-23.732628	-4.6374283	-0.16806047	1.8102171	-19.776924
SRR13607725	-22.747002	-4.556975	0.8311595	5.3442545	-19.35899
SRR13607726	-21.665295	-4.655372	3.3105748	8.124921	-21.497675
SRR13607727	-22.329912	-7.715865	3.6999712	1.4503025	-20.376032
SRR13607728	-12.080344	-1.5611006	-0.0025092433	-7.2625456	-4.019951
SRR13607729	-23.83805	-9.723242	1.5491426	-6.617879	-19.857641
SRR13607730	-23.87352	-3.285567	0.58819985	-0.94622296	-14.200182
SRR13607731	-23.736408	-6.1742916	-0.5410395	3.1200643	-17.450901
SRR13607732	-19.815468	-11.733649	2.8729002	-6.8609576	-16.878716
SRR13607733	-16.853523	-5.2470107	3.515165	-4.96167	1.5431385
SRR13607734	-12.311448	-8.562087	6.290454	-1.8907467	8.389962
SRR13607735	-16.555147	-1.1159	4.5993714	6.9287624	-2.0696151
SRR13607736	-14.093503	-7.2932167	4.4646363	-5.887045	4.509897
SRR13607737	-20.907005	-4.836517	0.22785424	-1.5830834	-2.3327801
SRR13607738	-14.024742	-8.096743	5.8064413	-16.50131	4.1483054
SRR13607739	-12.485629	-4.805202	1.2611963	-8.233792	5.8441525
SRR13607740	-16.631983	-2.5650754	4.086764	-2.200365	0.7987864
SRR13607741	-15.981243	-9.3675165	3.247561	-1.647437	-1.8377458
SRR13607742	-16.220636	-0.29085535	2.412121	0.059121262	2.7622976
SRR13607743	-19.764174	-2.2133498	-2.5094826	-2.8026679	5.182849
SRR13607744	-10.482793	-8.845714	0.16440111	-14.216193	10.24207
SRR13607745	-18.321585	-3.8823094	1.8473366	-1.9257841	-1.822021
SRR13607746	-15.572522	-2.632707	3.909813	5.4432077	0.17515823
SRR13607747	-15.179707	-5.137616	1.1731795	-0.16529566	3.22013
SRR13607748	-16.734926	-1.0307136	4.614303	7.079011	-1.9919441
SRR13607749	-20.014706	-3.33947	2.459626	6.1710753	-5.5617995
SRR13607750	-16.26807	-3.2820888	2.7817762	-7.562882	6.1889853
SRR13607751	-17.802477	-9.172193	-0.9275519	-0.305356	2.2474108
SRR13607752	-19.675959	-8.688135	1.5781747	3.8902652	-6.5118394
SRR13607753	-17.872108	-8.883459	0.5184105	-5.2307496	-2.3018305
SRR13607754	-21.740318	-3.2189186	-3.1882896	0.6338564	-9.252078
SRR13607755	-19.017746	-13.342624	4.804716	3.8984287	-13.387994
SRR13607756	-20.513271	-13.626342	3.3510988	8.107035	-13.652115
SRR13607757	-24.624298	-12.182187	-1.5953228	6.88512	-9.438811
SRR13607758	-18.373537	-12.136121	3.420889	-0.8981815	-9.832196
SRR13607759	-22.690403	-13.280983	-0.013716453	5.2838106	-8.496872
SRR13607760	-14.785169	-11.844049	0.74515265	-7.1197443	0.22341813
SRR13607761	-18.642054	-13.611748	3.438585	6.106009	-14.68505
SRR13607762	-20.754738	-11.244192	4.3215847	7.7652674	-15.096697
SRR13607763	-18.950514	-8.543614	0.75467515	4.011769	-4.0548987
SRR13607764	-20.242733	-10.651708	2.7079015	-3.501248	-2.4895303
SRR13607765	-18.557966	-1.4523458	1.2837397	-0.55737907	-5.2348013
SRR13607766	-19.786974	-12.008009	3.489029	0.33845946	-6.8972893
SRR13607767	-18.814949	-14.032264	5.9211926	5.033589	-11.220563
SRR13607768	-16.641996	-11.413388	1.0673543	-4.2027946	-5.715897
SRR13607769	-21.380638	-13.519157	1.335898	-0.742436	-9.572598
SRR13607770	-19.411213	-14.033186	4.2568436	6.6573796	-11.743759
SRR13607771	-23.054409	-14.60643	1.6737139	2.7311351	-11.19987
SRR13607772	-22.008842	-12.737442	1.489624	7.2829313	-10.532493
SRR13607773	-22.113213	-6.8826337	0.7180692	-0.41225612	-12.002828
SRR13607774	-19.926584	-11.612596	1.2458633	4.5500684	-9.5149765
SRR13607775	-16.581497	-11.593136	5.9132247	7.014048	-11.543187
SRR13607776	-17.383453	-8.214248	3.7586784	-7.9344273	-6.8236036
SRR13607777	-24.8986	-10.27146	3.4695196	12.8771305	-17.283026
SRR13607778	-19.99588	-11.647939	4.2920504	-3.1094618	-8.250365
SRR13607779	-18.567694	-10.848074	6.571264	4.4014626	-8.572388
SRR13607780	-16.714346	-12.031263	4.782812	2.6624343	-11.844665
SRR13607781	-20.972612	-9.840491	-0.95462334	4.224265	-7.129431
SRR13607782	-20.890673	-16.129448	2.481362	0.98667425	-10.069644
SRR13607783	-18.902988	-3.4732976	-4.204661	0.8657582	-11.570409
SRR13607784	-22.845291	-4.578617	-5.3825407	0.32490993	-13.448264
SRR13607785	-22.458128	-8.556006	5.1769586	4.82871	-19.876585
SRR13607786	-14.676401	-8.29538	3.5409355	-4.5872526	-2.646734
SRR13607787	-21.434807	-7.139402	1.9470996	-2.5451674	-9.833086
SRR13607788	-19.277134	-14.489175	5.729783	-4.5666847	-6.498576
SRR13607789	-16.11627	-6.1642847	12.628947	2.6721866	-14.5877285
SRR13607790	-21.44297	-8.60633	-4.7525654	-6.257343	-2.6332524
SRR13607791	-15.195122	-11.680377	8.105038	-2.644885	-2.898099
SRR13607792	-21.234085	-8.747361	5.2560034	11.993608	-14.606914
SRR13607793	-19.610104	-10.033434	7.23528	1.8821797	-8.618508
SRR13607794	-17.852448	-7.2940493	0.9259964	-0.33177185	-5.2954307
SRR13607795	-21.06331	-9.525978	1.8995466	0.5808135	-10.232924
SRR13607796	-21.69972	-13.6632805	5.2889347	-9.529792	-11.446397
SRR13607797	-14.098595	-6.747249	7.901978	6.4895377	-3.6025496
SRR13607798	-19.68101	1.4223324	-0.26722068	-1.2089535	-1.1512183
SRR13607799	-13.335585	-12.0475445	1.6889024	-7.6466913	0.51313955
SRR13607800	-20.629097	5.3269343	-7.245031	-5.52682	-3.25755
SRR13607801	-19.681915	-7.74823	4.750677	-11.887602	0.5762565
SRR13607802	-24.159012	-12.382493	0.43776867	4.890116	-10.583011
SRR13607803	-18.450495	-9.104612	0.33084318	-1.1700485	-2.7513514
SRR13607804	-19.698282	-13.132307	5.213531	-3.1827052	-15.684476
SRR13607805	-18.640255	-8.038656	5.1066217	-7.8011317	-3.5593085
SRR13607806	-21.428791	-7.3821545	3.7517009	-2.794818	-6.5027537
SRR13607807	-18.795294	-7.634239	6.192062	-6.37428	-3.8164973
SRR13607808	-15.5557	-6.488149	8.667637	3.7709146	-3.7391305
SRR13607809	-18.529757	-6.255248	-0.26145682	-5.929681	-4.9604816
SRR13607810	-13.693176	-0.016503373	6.3220053	-5.008185	5.483792
SRR13607811	-15.763932	-3.6900384	-0.24867952	5.874769	1.3021848
SRR13607812	-22.8101	-7.4541664	-1.3160571	-6.9225235	0.37387788
SRR13607813	-22.714697	-3.9667244	-1.0296962	-11.381874	-3.6100614
SRR13607814	-15.486484	-8.53494	1.2164944	4.061372	-2.770357
SRR13607815	-20.814022	-6.938839	2.0179024	-2.6955717	-1.7375014
SRR13607816	-15.391281	-6.2033715	2.4065862	5.7707143	-1.8828056
SRR13607817	-19.260778	-7.4876637	3.0429192	-1.6548653	-8.92637
SRR13607818	-14.782148	-4.59526	8.787854	1.5009918	-11.252516
SRR13607819	-24.017668	-6.406042	-0.66716033	4.308956	-17.041937
SRR13607820	-23.107224	-5.6975126	4.3603563	1.4734493	-19.74693
SRR13607821	-19.576117	-6.6414466	-1.6506618	-8.040742	-1.4646915
SRR13607822	-20.738224	-12.1657505	0.6124577	-4.5543103	-13.8383665
SRR13607823	-20.83061	-6.470792	-0.64438576	-4.195189	-12.954407
SRR13607824	-25.802444	-5.10685	-0.3344484	4.0744205	-13.055962
SRR13607825	-23.236494	-5.089201	-0.72360176	3.8312898	-19.153225
SRR13607826	-13.69747	-0.11267072	6.700676	-4.894501	5.315507
SRR13607827	-22.296412	-10.495311	2.7300487	6.026493	-10.717099
SRR13607828	-23.783663	-10.791068	0.81375575	-7.1775236	-17.288834
SRR13607829	-23.181078	-7.8992167	1.7879351	5.0307765	-19.950287
SRR13607830	-20.090954	-4.6235423	-0.09912957	2.7257142	-13.110652
SRR13607831	-24.159967	-8.251364	2.6890533	-6.912347	-16.357782
SRR13607832	-22.621962	-5.2848787	0.5338421	-2.7219357	-4.1093497
SRR13607833	-21.30676	-12.543799	2.5101988	-6.364818	-19.705566
SRR13607834	-24.767286	-3.7762818	2.4796426	0.99122655	-20.841043
SRR13607835	-21.656748	-7.7221093	2.2859511	2.4211884	-19.895126
SRR13607836	-22.18053	-5.47369	1.8807241	-4.931534	-9.108671
SRR13607837	-20.962248	-0.100522876	-0.14209098	2.0620258	-14.416457
SRR13607838	8.811307	19.798748	36.344257	3.7972507	2.7818122
SRR13607839	-19.235878	-8.048835	-2.1131105	-3.8513231	0.17043799
SRR13607840	-15.6819315	-4.2678237	-5.4919815	5.6875815	5.8365006
SRR13607841	-15.655076	-3.7812843	-3.9227662	5.2611012	2.8282459
SRR13607842	-19.611498	-6.314336	-0.89511144	4.601528	-2.0939455
SRR13607843	-17.984735	-3.7481542	1.6981422	1.7480433	-6.435835
SRR13607844	-20.444849	-7.163416	-1.4235387	-2.430117	-3.8953798
SRR13607845	-17.177168	-3.4282825	-6.541471	5.624372	5.8325415
SRR13607846	-10.651759	-3.9389246	3.737987	-7.177389	11.235974
SRR13607847	-17.992086	0.05781289	1.8421152	9.318972	-1.4246385
SRR13607848	-13.244928	-6.6878138	2.6474693	-5.352626	6.0415726
SRR13607849	-13.30713	-3.5278153	7.638433	5.480886	-4.7471714
SRR13607850	-10.930122	-4.4913244	7.813039	6.866265	-3.09492
SRR13607851	-13.308035	-5.4907165	2.5825477	-4.152577	4.428799
SRR13607852	-15.088554	-7.6529875	3.1110446	-4.237486	3.4657087
SRR13607853	-16.549156	-6.579116	2.1051233	-1.7259774	2.1120584
SRR13607854	-13.291105	-9.6368	8.326367	-12.37967	-0.5610577
SRR13607855	-16.700562	-1.6818799	-0.7082209	-9.303646	4.142271
SRR13607856	-19.077429	-7.1162243	3.2206292	-3.7707973	0.5518309
SRR13607857	-15.405954	-2.1735077	5.447761	7.4495044	-6.597252
SRR13607858	-16.536118	-5.829117	4.191776	4.3737645	-0.89204746
SRR13607859	-5.8311806	-2.1735392	8.566099	1.9076973	4.405705
SRR13607860	-18.46682	-4.362916	8.181179	9.181561	-19.00552
SRR13607861	-12.413823	-4.414918	11.667285	7.4526668	-12.504851
SRR13607862	-25.263859	-3.4231312	-2.528704	7.230357	-2.4799736
SRR13607863	-21.299376	-9.214756	0.27944326	1.9495392	0.8649183
SRR13607864	-16.155596	-5.4709215	10.684772	-4.7646255	-1.6576078
SRR13607865	-23.945295	-3.5966396	-2.0566423	0.50521874	-11.829873
SRR13607866	-23.14583	-15.213608	-0.23564692	3.972182	-8.096021
SRR13607867	-20.464048	-14.564352	4.4671483	-1.8727946	-7.732611
SRR18475240	55.23875	-10.553283	-1.122081	8.090845	31.13857
SRR18475241	54.72079	-9.290864	0.35009956	7.984215	31.358175
SRR18475242	-14.376007	-8.354556	-8.582521	-1.1411271	6.8782754
SRR18475243	19.645868	0.6795327	13.524654	1.8255467	12.056858
SRR18475244	-3.7634811	-11.232139	-8.7317705	5.848533	11.250019
SRR18475245	44.665592	-1.0865018	1.0201225	0.33714113	0.2372878
SRR18475246	-8.714469	-12.306013	-6.055334	13.712319	3.0441434
SRR18475247	55.336826	-10.211697	-0.7525134	7.966485	30.89315
SRR18475248	-13.885493	-10.744294	-5.481891	6.8508277	3.8397977
SRR18475249	55.167595	-11.745378	-3.1076787	8.450704	28.14958
SRR18475250	44.754105	-5.1065507	-2.9318938	9.6534605	12.784565
SRR18475251	28.482603	5.3042655	9.694577	3.5098922	-0.74020696
SRR18475252	-8.171045	-15.354421	-4.5664225	6.5015097	12.143487
SRR18475253	39.13249	1.7498178	2.9582965	3.7804742	1.8801005
SRR18475254	-16.89936	-8.179406	-0.56797516	2.2416773	-1.6917689
SRR18475255	55.0173	-8.673828	1.7837281	7.3958344	31.39348
SRR18475256	-14.500831	-10.3309	-0.049428403	2.5395906	2.5685022
SRR18475257	53.562572	-12.432752	-5.097973	7.950029	23.001245
SRR18475258	-11.971669	-7.473416	0.39404795	-0.06454311	5.910403
SRR18475259	-1.0133495	-7.8140035	-3.5114734	9.377943	9.24734
SRR18475260	27.843632	-1.6062286	-6.433732	0.14978647	-6.656101
SRR18475261	-9.722905	-11.870964	-4.7756004	7.209662	3.0140388
SRR18475262	-6.0952144	-8.6824255	-3.753394	4.46414	9.409407
SRR18475263	-11.420028	-14.657833	-0.41329068	12.079503	-3.1725307
SRR18475264	-8.837754	-10.136663	-3.9668648	0.83046716	0.5312003
SRR18475265	-15.1726265	-13.009919	-2.12286	9.380872	-2.7366514
SRR18475266	-11.050477	-14.118779	-3.8891022	4.980732	4.9726954
SRR18475267	-14.918851	-14.790002	-1.352276	11.13135	-1.9830908
SRR18475268	-20.437357	-9.630444	1.1739119	10.861428	-2.387423
SRR18475269	-12.116262	-7.673221	-1.9075158	8.232155	-2.2318347
SRR18475270	-8.176583	3.391667	0.8922986	9.989139	-2.157169
SRR18475271	-13.18798	-12.5265465	-7.0981035	15.69595	2.1888177
SRR18475272	56.161175	-10.980291	-2.1053667	8.118651	28.306131
SRR18475273	-14.7044115	-3.0716121	-5.9576945	-2.8814647	8.4037075
SRR18475274	-8.011784	-7.1344566	-6.726913	5.689178	5.875258
SRR18475275	-2.3109286	-2.2256515	-10.647227	1.2803147	5.25437
SRR18475276	-8.340246	-8.738567	-7.555652	10.404119	5.853761
SRR18475277	11.360181	-8.84779	5.9564633	-1.9392248	8.585378
SRR18475278	-3.603067	-11.283823	-5.912075	4.597016	10.811564
SRR18475279	-9.294872	4.485643	-6.815677	-1.1551778	1.2669948
SRR18475280	-10.669444	2.0723062	-10.11591	5.4648905	3.709946
SRR18475281	-10.489782	1.3133317	-8.433388	0.14008383	1.005787
SRR18475282	-4.908119	4.780065	-4.7726665	1.653328	3.495497
SRR18475283	55.87726	-10.465607	-0.68296516	7.81133	29.980183
SRR18475284	-4.7649107	-4.845067	-10.147578	4.898496	9.405477
SRR18475285	-11.5345125	0.05692642	-4.3691764	-14.212076	8.278763
SRR18475286	-6.023728	-5.5712476	2.5929914	-9.181432	5.4787664
SRR18475287	1.0783689	-2.3915648	-8.620665	-8.510453	11.678156
SRR18475288	9.783352	-3.4350216	-2.9834225	7.404545	3.8238766
SRR18475289	50.103073	-3.105229	-14.581284	5.3541346	-6.5996666
SRR18475290	41.139137	-4.4497786	5.8291383	4.5048084	20.325191
SRR18475291	33.34578	-1.507532	2.3971062	1.7766955	2.9245622
SRR18475292	55.927517	2.74521	-16.350252	-1.8903145	-12.019179
SRR18475293	50.9748	2.9531424	-10.544829	-1.748105	-7.1736193
SRR18475294	-0.83245295	-5.955909	2.8516529	8.240825	4.4540052
SRR18475295	46.060448	-2.0542407	-3.3841882	5.078776	5.475392
SRR18475296	57.34797	0.91436934	-8.765622	-1.2608848	-7.103593
SRR18475297	63.548477	3.4933589	-15.157626	-2.9131556	-8.672099
SRR18475298	61.452984	2.8378446	-14.227994	-3.0673106	-7.311757
SRR18475299	51.61487	1.0488815	-8.795776	0.82247704	-4.21215
SRR18475300	40.56632	2.9151971	-4.3616843	2.4340837	1.34572
SRR18475301	31.49862	1.0415344	5.1105394	2.368741	5.5122247
SRR18475302	56.83574	6.0488405	-12.1768675	-1.8518523	-11.706542
SRR18475303	38.781002	1.6671218	-2.2483191	7.9772873	-3.00275
SRR18475304	55.27476	-10.04509	-0.2160745	7.6629677	30.895136
SRR18475305	55.523663	-10.667895	-0.97627413	8.116768	30.823812
SRR18475306	10.099876	-7.851441	0.49192682	4.468969	12.346248
SRR18475307	55.01535	-10.734341	-0.4192571	8.280796	31.165041
SRR18475308	55.282486	-11.63218	-2.953222	8.414452	28.873985
SRR18475309	-11.972875	-11.661891	-3.3837202	1.6841727	5.1727386
SRR18475310	-11.125675	-12.451029	-5.254821	11.08116	6.138369
SRR18475311	-3.7681086	-10.129484	-6.3708706	11.540104	9.515987
SRR18475312	-13.935896	-11.59809	-2.6326215	3.6249728	7.0410085
SRR18475313	50.93702	0.5790142	-9.1089735	3.2232368	-2.6137044
SRR18475314	-7.3991327	-9.821495	2.9628038	7.163464	8.359632
SRR18475315	34.13745	-0.72212267	-9.768096	-2.1844802	-3.6402526
SRR18475316	-7.602757	-8.645881	-3.012789	12.866465	6.348823
SRR18475317	9.374653	-4.5976424	11.163751	6.8061147	3.6524866
SRR18475318	43.590744	0.414903	-1.7572178	3.1504116	-1.2067636
SRR18475319	-10.328703	-10.015678	-4.8308864	10.636033	6.3578405
SRR18475320	-3.2801123	-10.63882	-7.3978763	8.529852	8.954774
SRR18475321	45.16993	2.0502532	-2.9526784	0.726225	-3.1929665
SRR18475322	43.026474	2.8774855	-0.81086296	-8.0213905E-4	-0.42551148
SRR18475323	-5.1127477	-12.556484	-7.8892503	6.360786	11.2384615
SRR18475324	30.26122	2.2120798	2.3146684	9.235448	-2.1554422
SRR18475325	31.066805	-0.73539877	2.8832164	5.0727973	4.889228
SRR18475326	47.42385	0.8706562	-3.127576	3.2258132	-1.2428524
SRR18475327	58.562595	4.3762126	-12.405608	-3.1895857	-8.195065
SRR18475328	26.695152	0.6401199	3.7776747	2.878776	9.034267
SRR18475329	34.17623	0.86527795	4.3324194	8.225943	5.49953
SRR18475330	15.078845	-4.2174854	2.184612	8.3075	6.4166107
SRR18475331	39.33804	5.916291	-1.532575	0.112997964	-0.7825261
SRR18475332	46.09125	-4.365013	-1.3845105	7.6091805	16.691942
SRR18475333	30.061575	2.5417843	5.8429203	7.007503	2.6587963
SRR18475334	-6.797617	-15.3155575	0.29943526	3.7891083	8.014461
SRR18475335	54.69535	-8.5616045	2.083973	7.0876093	31.68513
SRR18475336	46.062748	-0.92930573	-1.5443794	4.296997	2.8092146
SRR18475337	26.551027	3.574642	10.495169	9.606283	4.054455
SRR18475338	30.26529	-1.4240404	6.351948	8.003237	6.5331964
SRR18475339	59.024864	4.8518405	-12.640213	-5.677346	-12.447752
SRR18475340	42.48522	0.74003774	-0.8901803	3.4065707	3.2124987
SRR18475341	38.14027	-1.7105588	1.8313427	-1.0589056	-0.77071667
SRR18475342	16.135471	-3.9110441	-5.793952	5.2947354	-1.2526045
SRR18475343	53.890423	0.23632944	-15.95159	-0.2975071	-9.004765
SRR18475344	-8.827039	-0.9681507	-4.8067813	-6.2665925	1.7612519
SRR18475345	-7.1008244	-9.709445	0.49073732	12.094608	2.2516804
SRR18475346	-11.221518	-7.504864	-1.9616821	6.535831	5.515598
SRR18475347	-11.206417	-11.578439	-6.984741	9.069143	1.7660166
SRR18475348	-9.20084	-7.6886587	0.15752119	9.296932	4.9986362
SRR18475349	35.049946	0.915898	4.6560903	5.02003	4.544646
SRR18475350	32.382553	1.4658637	6.250725	3.245083	6.1682315
SRR18475351	35.480537	-0.99266	4.949295	3.709461	9.046045
SRR18475352	55.002567	-8.882388	0.79031736	7.783441	31.229553
SRR18475353	34.306004	-2.7107046	-3.4269507	7.8416677	3.4384782
SRR18475354	28.644903	-0.24717535	0.80759704	3.7485857	3.3438616
SRR18475355	52.18516	4.5816603	-9.442902	-3.599411	-9.160513
SRR18475356	58.902615	-0.07378349	-15.421986	-1.3942978	-8.3987465
SRR18475357	41.005	-2.370483	5.8192015	7.5898814	20.93399
SRR18475358	50.873013	-2.846516	-10.182208	-1.0723932	-3.9301937
SRR18475359	47.02634	4.4711757	-10.003659	-4.2286315	-9.676936
SRR18475360	57.672253	1.4335233	-15.461111	-4.0855594	-11.21242
SRR18475361	33.098576	-2.2936585	-6.504822	-4.2734313	-3.625975
SRR18475362	59.90773	4.625589	-12.868703	-8.640825	-13.349627
SRR18475363	58.850533	-1.5508144	-15.201205	-2.0502565	-9.16334
SRR18475364	59.780624	2.8264563	-13.800645	-3.844055	-10.517446
SRR18475365	44.93196	2.3338916	-13.674926	-5.905558	-14.578589
SRR18475366	51.437798	3.4625313	-13.556316	-1.8830131	-10.844952
SRR18475367	46.327854	0.572163	-16.168266	-2.6019268	-7.6666827
SRR18475368	-9.586599	-5.5953803	-4.596507	-0.09777545	9.663908
SRR18475369	49.750275	-1.7202917	-12.660569	-2.0006964	-9.279206
SRR18475370	59.481934	1.9634603	-13.863128	-4.09385	-11.164685
SRR18475371	64.09119	2.7623496	-17.152534	-4.562449	-13.9067745
SRR18475372	62.70713	1.1639589	-17.054653	-5.913457	-12.732737
SRR18475373	54.61225	-2.15549	-15.646962	-6.2442923	-6.74172
SRR18475374	55.248165	0.49769858	-15.786101	-7.5169177	-10.320301
SRR18475375	52.54347	-2.1804092	-12.29777	-2.8249435	-6.758778
SRR18475376	49.765102	3.6760647	-11.414593	-2.5005388	-13.542635
SRR18475377	61.42936	-0.4224996	-16.420128	-4.6028085	-11.007152
SRR18475378	65.83279	1.7219057	-15.80318	-6.726435	-14.2570715
SRR18475379	-10.334011	1.7551501	-8.411392	-0.8733948	7.713186
SRR18475380	61.06497	-1.6972127	-14.315405	-2.6758564	-9.909267
SRR18475381	45.283516	2.1390748	-8.425644	-0.2473358	-5.431498
SRR18475382	45.45132	1.0074475	-15.3760395	-1.3345907	-9.21266
SRR18475383	52.101814	3.5325792	-11.877794	-4.784177	-8.504708
SRR18475384	46.67361	-1.3807658	-9.342036	-0.3276396	-6.1765094
SRR18475385	56.238255	3.467755	-14.249517	-4.881662	-14.096108
SRR18475386	56.15095	4.63861	-14.281526	-6.2759356	-11.803262
SRR18475387	51.897655	1.6424984	-15.245314	-3.6718752	-9.890158
SRR18475388	49.52381	-0.24145724	-10.734681	-1.7095411	-5.1959476
SRR18475389	54.79487	5.08469	-14.412253	-2.5706797	-13.110168
SRR18475390	-3.652159	-9.461288	-4.802854	13.235878	5.1099024
SRR18475391	35.870262	2.5749469	-0.7224212	3.5355346	-0.5443832
SRR18475392	54.13693	10.855094	-6.9494963	-7.614201	-17.50487
SRR18475393	51.989456	2.4257133	-13.771118	-1.8601851	-11.994003
SRR18475394	55.45777	1.8535962	-13.514527	-4.0735197	-11.234548
SRR18475395	57.071938	2.6655931	-11.182698	-2.6939538	-11.619462
SRR18475396	48.711857	5.003105	-8.464591	-2.5263422	-9.621971
SRR18475397	54.78927	5.78506	-10.729991	-9.38778	-13.408022
SRR18475398	46.667908	1.9320287	-11.952089	2.5546641	-4.730975
SRR18475399	52.12049	4.069111	-11.018632	-0.15854152	-8.608513
SRR18475400	46.39119	-2.6868484	-10.646787	0.13917384	-4.269115
SRR18475401	62.249622	2.777921	-16.658943	-5.366028	-12.360699
SRR18475402	0.51171714	-6.2772803	-3.3062134	-4.07894	11.660505
SRR18475403	61.508667	2.6165516	-15.79892	-4.017542	-14.670679
SRR18475404	63.613003	1.7575785	-16.256672	-5.052304	-11.711097
SRR18475405	59.44429	4.7529078	-13.399887	-5.7678304	-13.218458
SRR18475406	60.800045	2.3351607	-15.43854	-4.6379743	-11.243147
SRR18475407	60.28407	2.5824096	-11.762154	-4.174851	-9.657688
SRR18475408	63.066093	-1.1602196	-16.62459	-2.204858	-8.172695
SRR18475409	61.025795	1.1451291	-15.320787	-4.343051	-10.114269
SRR18475410	60.277496	2.5374148	-15.719406	-3.439512	-10.704381
SRR18475411	63.476967	2.6619241	-15.834656	-5.214857	-13.864205
SRR18475412	59.453175	2.4236283	-16.178667	-5.562213	-12.052593
SRR18475413	-12.089267	-11.422766	2.9385128	6.2346053	-0.7037056
SRR18475414	54.143944	3.3216283	-12.152017	-1.8148375	-12.103956
SRR18475415	51.855026	4.13435	-11.31153	-5.9732203	-10.181972
SRR18475416	44.227898	2.292924	-14.483859	0.4160413	-7.4682083
SRR18475417	54.000473	1.2387763	-13.307285	-3.266985	-6.0320168
SRR18475418	59.46962	2.4590397	-17.472548	-4.4771075	-11.966446
SRR18475419	57.21228	0.5518579	-14.560087	-2.0404112	-7.6111574
SRR18475420	35.046806	0.40334502	-8.793667	1.2527426	-3.349304
SRR18475421	50.409115	-0.506965	-11.389227	-0.06759951	-5.6665096
SRR18475422	46.603806	-2.7994208	-7.3220973	-0.47874016	-7.487949
SRR18475423	48.594036	-0.053319126	-4.1510167	1.2058709	-4.245382
SRR18475424	25.153248	-2.8233035	6.647446	7.928321	5.774855
SRR18475425	56.939278	4.880738	-12.725855	-5.79987	-10.6875
SRR18475426	38.375587	0.40911794	-9.32791	-2.881935	-3.2877614
SRR18475427	43.54644	-3.8723226	-8.354719	-1.4064937	-4.1052523
SRR18475428	46.990402	1.9414965	-9.395955	-2.121367	-5.395703
SRR18475429	56.455677	3.210022	-13.27923	-3.8823423	-8.535196
SRR18475430	40.07627	5.2604427	-8.757559	-0.9631234	-5.838002
SRR18475431	53.47947	1.8292463	-11.702695	-0.092985734	-9.541223
SRR18475432	50.098766	0.97793865	-8.482036	0.11166283	-1.8563648
SRR18475433	56.08707	2.14299	-11.15298	-2.4442565	-8.103424
SRR18475434	56.94139	2.5525007	-11.201559	-1.2178452	-8.772246
SRR18475435	-5.120246	-10.242101	-4.7717037	-1.5522352	11.649005
SRR18475436	49.40469	1.8007834	-6.0944233	0.42504755	-2.1336863
SRR18475437	41.647705	1.275482	-3.4433937	7.38979	-2.489701
SRR18475438	40.220642	0.7066757	-4.360297	4.573565	-1.896593
SRR18475439	41.762638	0.55069244	-4.55407	2.2241123	0.098973
SRR18475440	-17.417675	-9.840394	4.0660105	7.067066	-0.36808464
SRR18475441	34.024773	-3.3886096	-9.137769	3.7301865	1.254647
SRR18475442	-4.8929553	0.03034671	5.8325405	12.617984	-1.295295
SRR18475443	55.584236	2.1498058	-9.444807	-4.355145	-9.039973
SRR18475444	48.31542	2.9525893	-8.023293	-2.654918	-6.25405
SRR18475445	48.419598	0.90462834	-11.025057	-4.146752	-7.5147753
SRR18475446	-11.057195	-13.249004	-3.8722937	2.690429	6.5624094
SRR18475447	48.198704	1.315109	-5.6509523	3.1952076	-10.918167
SRR18475448	35.24206	8.540356	-1.0591573	-5.821772	-6.0136366
SRR18475449	30.51822	5.682939	10.0582285	1.4977624	3.7197576
SRR18475450	54.89706	-9.955569	-0.55408436	8.4692	31.193445
SRR18475451	55.021637	-9.177796	0.58833146	7.8815417	31.417103
SRR18475452	50.3433	-5.5441127	-2.8458805	4.669757	14.259839
SRR18475453	54.410686	-6.838336	3.6369634	6.37368	30.789919
SRR18475454	55.15189	-10.136599	-0.7553616	8.423483	30.467798
SRR18475455	54.79316	-8.703467	1.561348	7.7415495	31.216257
SRR18475456	55.26722	-10.143479	-0.32710943	8.325236	31.125002
SRR18475457	30.188137	0.71063787	7.0238557	10.721742	6.2077413
SRR18475458	47.54886	-1.0606606	-1.7400872	1.3067474	1.1529946
SRR18475459	51.483482	-1.0271385	-3.3678558	0.81827444	-0.32828853
SRR18475460	55.40412	-10.387133	0.0034392437	7.3508368	31.509594
SRR18475461	42.378853	-0.32826215	1.7301385	-0.6702824	-0.06785368
SRR18475462	30.25798	1.213099	6.3925405	3.433451	5.688861
SRR18475463	-17.667755	-16.922323	-4.0498195	12.900512	-7.598408
SRR18475464	55.09322	-10.835834	-1.944426	8.502746	29.612211
SRR18475465	45.000645	-1.1106397	-1.4122326	1.4432696	-3.055707
SRR18475466	55.551655	-10.905263	-2.0030043	8.036359	29.292677
SRR18475467	54.885788	-10.09191	-0.09580938	7.85344	31.633411
SRR18475468	61.970417	-7.4325485	-11.812171	0.32914764	1.5175028
SRR18475469	44.071926	-0.5147973	-0.41553727	0.30530033	-0.85247
SRR18475470	41.015923	-5.110345	5.9613204	5.626409	21.417028
SRR18475471	55.814056	-10.108274	-0.47591877	7.271328	29.329319
SRR18475472	28.365843	3.60969	11.57665	4.037381	2.6122344
SRR18475473	55.43132	-10.363445	-1.2001395	8.147978	30.779411
SRR18475474	-4.300467	-11.187561	-6.0232935	6.705773	7.204934
SRR18475475	30.281403	0.27493998	9.21387	0.5293565	5.241256
SRR18475476	44.759655	2.0466757	-1.241032	4.6132126	-3.1874394
SRR18475477	0.3948261	-5.384343	-3.1184447	9.25463	-2.6577141
SRR18475478	41.450546	2.9911587	-5.9852467	-0.7377259	-3.1130285
SRR18475479	21.006006	-3.4840798	-8.956043	-9.2308855	-4.062181
SRR18475480	31.47255	1.796051	-10.680941	-3.2134695	-6.1137757
SRR18475481	-4.8141475	-14.0754385	-5.4777007	9.432731	10.188881
SRR18475482	2.4102335	-10.899492	1.9276876	11.095951	7.772752
SRR18475483	-10.464442	-11.35352	-1.8349243	6.6388965	5.8966203
SRR18475484	-15.488578	-9.881364	-1.2348241	1.9449358	3.0224187
SRR18475485	-2.6855302	-10.728691	-3.7920828	-6.0861444	13.747755
SRR18475486	-14.395856	-8.624727	1.5473763	6.7009883	2.255753
SRR18475487	-6.430614	-7.371038	-6.0904217	9.033063	7.39234
SRR18475488	50.035374	2.173908	-2.675057	-1.2692945	-2.7252789
SRR18475489	36.120296	-0.7829059	2.4887166	2.4571757	3.3154666
SRR18475490	44.700947	1.8808739	-1.3014865	2.6976879	0.36288682
SRR18475491	39.761024	1.8382169	4.9386315	2.581197	3.3167975
SRR18475492	-14.69848	-11.8108835	-5.534549	7.7501144	6.271108
SRR18475493	38.87748	2.9041321	-0.96102756	3.8296282	-1.0185432
SRR18475494	38.07399	-0.23573321	0.9759798	4.3841577	1.5559028
SRR18475495	27.806767	4.0997705	2.80951	-0.7980677	4.369146
SRR18475496	44.411133	1.3638709	3.6014507	0.19890206	-1.3804679
SRR18475497	51.91346	-1.0688733	-4.774616	3.6294813	-2.192092
SRR18475498	48.004227	-0.62041795	-1.2933424	1.5992059	0.93391293
SRR18475499	51.45872	1.4854864	-3.6848903	1.0639536	-0.97961813
SRR18475500	51.651745	0.33653796	-5.0526233	0.93209505	-3.2857094
SRR18475501	46.666496	5.9397793	0.38256958	5.245279	-6.768111
SRR18475502	51.652725	1.4321412	-4.7925124	0.5956291	-2.997787
SRR18475503	1.734966	-12.869648	-5.2410583	8.317316	8.866862
SRR18475504	46.282505	-2.2114613	3.188892	2.479842	-4.174405
SRR18475505	43.281033	0.82424253	-1.933886	2.8128088	1.6648161
SRR18475506	48.30032	4.410204	1.5435675	-0.1401755	-3.5269463
SRR18475507	53.332817	-1.0428965	-5.811723	1.1034688	-1.5717579
SRR18475508	52.45338	1.4641604	-3.7068949	-1.0368873	-3.119561
SRR18475509	45.070644	8.344695	2.796542	-1.1883649	-6.5245895
SRR18475510	48.998444	4.2450933	-0.14645772	1.5711851	-6.7116323
SRR18475511	42.77253	2.8862572	0.047184326	1.1725115	-0.009683503
SRR18475512	41.190685	0.4572293	-7.1557603	0.645031	-1.179777
SRR18475513	37.368603	0.0025690484	-5.716507	3.2806318	-3.307663
SRR18475514	44.643673	1.2655407	-11.191024	-3.1029887	-9.283219
SRR18475515	46.57865	-1.0069702	-10.430436	1.0253245	-2.721519
SRR18475516	53.66573	-2.652088	-13.287571	0.3857898	-3.8535156
SRR18475517	58.433426	2.4700234	-10.774015	-1.4832495	-10.3988085
SRR18475518	59.41178	1.9092367	-13.223825	-2.6767328	-7.6317945
SRR18475519	33.01015	1.0285318	-1.5737311	4.892949	-3.1310468
SRR18475520	37.358624	-5.6085134	-4.9875894	8.897632	3.6986132
SRR18475521	-8.924486	-10.608249	-4.48023	1.5506682	10.636669
SRR18475522	42.672024	-1.7939504	-2.5647616	3.936053	-2.4641325
SRR18475523	61.034843	1.119253	-14.503875	-5.767025	-11.827297
SRR18475524	50.92975	-1.51208	-14.9436035	-7.133633	-11.111744
SRR18475525	53.14626	1.4508104	-10.7986355	-4.8027854	-9.358959
SRR18475526	63.6359	0.6623615	-17.947752	-6.397699	-14.23496
SRR18475527	67.509674	2.6584883	-16.739151	-6.765251	-15.326316
SRR18475528	59.60121	1.8663738	-14.317899	-7.326114	-11.026384
SRR18475529	42.58572	-0.18670548	-11.130124	-4.164654	-7.43234
SRR18475530	52.751648	4.014258	-10.534406	-6.8238144	-8.207905
SRR18475531	62.31617	-1.3636314	-15.7121105	-2.0166645	-9.670384
SRR18475532	-16.996927	-6.4087334	-2.8105927	9.082289	0.8373664
SRR18475533	64.664536	1.849089	-15.272367	-4.746933	-10.47246
SRR18475534	53.1699	2.3822436	-11.24512	-1.9674691	-9.797704
SRR18475535	60.18142	2.7609453	-16.186632	-6.2517467	-10.291856
SRR18475536	59.361107	-0.7387417	-14.054204	-2.3998978	-6.917546
SRR18475537	55.35827	-1.4979384	-10.809813	-4.160323	-8.27632
SRR18475538	52.377834	1.9147167	-12.460499	-6.1670375	-8.962366
SRR18475539	63.558033	-0.02580034	-14.990599	-2.2392669	-8.986366
SRR18475540	36.83627	-0.91038215	-7.73022	-3.527955	-3.9584014
SRR18475541	64.18306	0.0314437	-16.371294	-4.850623	-10.859754
SRR18475542	56.432407	-0.44620883	-12.955307	1.8061844	-6.709991
SRR18475543	-10.345352	-10.341158	7.0301113	1.0774151	3.9998066
SRR18475544	65.8386	0.39047492	-14.598479	-4.964088	-12.236463
SRR18475545	45.022636	0.9635234	-0.70924866	5.8244977	-3.8491201
SRR18475546	-4.8247643	-13.218642	-5.388357	8.167445	10.682475
SRR18475547	48.311825	1.9908209	-4.029117	2.9716513	-4.3392673
SRR18475548	54.964348	-10.694177	-1.9514834	8.223142	29.840347
SRR18475549	32.95639	4.22171	8.946374	-1.1846125	4.386642
SRR18475550	38.666965	-1.9697632	-1.9579674	6.413365	2.6745229
SRR18475551	37.701103	-2.6953213	-0.4369621	3.4531734	2.2403922
SRR18475552	37.362003	-0.12420783	-1.6579754	7.665266	2.3369482
SRR18475553	43.146687	11.343745	4.669053	-0.17739363	-7.1189437
SRR18475554	49.01504	0.21259096	-4.7259173	3.54434	-1.3142638
SRR18475555	45.955414	2.0332212	-3.1093404	5.846262	0.092331074
SRR18475556	50.19524	0.89455676	-4.235406	4.7963996	-0.29549995
SRR18475557	-10.587332	-14.6036625	-5.188733	8.403278	9.929392
SRR18475558	44.491947	1.7023998	-3.205847	3.593616	-0.5218991
SRR18475559	33.028862	0.046182048	1.6512994	-2.8834352	1.2906431
SRR18475560	-2.6794844	-0.029841455	12.968829	11.657138	0.25380978
SRR18475561	-6.125523	-9.6736145	-1.2727436	10.609772	6.3666987
SRR18475562	-12.616418	-12.121886	-0.80262494	4.5071764	4.9901314
SRR18475563	-14.179128	-4.8346624	1.2628044	2.9187803	8.105712
SRR18475564	-6.626722	-9.261778	-5.103142	6.5756598	12.014835
SRR18475565	-18.757038	-9.6598835	-0.89901334	-2.9422104	9.021574
SRR18475566	-6.3731256	-10.373107	-5.1194525	-0.3714527	10.709246
SRR18475567	-11.283519	-6.937006	0.3307988	8.950611	5.1805596
SRR18475568	-8.0318365	-11.800589	-0.9034912	7.245157	8.23921
SRR18475569	-6.4552207	-9.497916	-1.0991706	2.0851808	9.642668
SRR18475570	-13.694116	-11.694764	-2.0430768	-4.3926535	6.389875
SRR18475571	-17.95431	-10.444124	-4.7932034	3.5793068	2.0870972
SRR18475572	-20.704317	-2.4993186	-4.48246	3.1713364	2.3764858
SRR18475573	-8.471675	-12.651944	-2.9115617	1.8869393	5.699229
SRR18475574	-15.291963	-11.570155	-6.398581	-2.846425	13.149126
SRR18475575	5.0962873	-3.7289667	10.553577	-2.1611922	10.288393
SRR18475576	-9.701203	-9.535803	3.3975134	1.2872429	3.2005298
SRR18475577	-7.4603853	-6.423266	7.1464067	-7.2304435	9.195348
SRR18475578	-11.943271	-14.822851	-2.1155555	4.6110725	5.454486
SRR18475579	6.909728	-6.3316207	-3.4215517	7.5243397	7.562287
SRR18475580	-16.578196	-11.815075	0.18052886	1.5246754	5.309692
SRR18475581	-19.509594	-12.887849	-2.0422032	4.190297	-6.961791
SRR18475582	-4.435833	-9.444343	-1.205938	14.580559	4.2564726
SRR18475583	-5.5256886	-9.406298	0.01541693	11.427831	5.492146
SRR18475584	-2.6625276	-10.005997	0.14559111	10.981328	8.006994
SRR18475585	0.5676025	-3.6112056	-0.7810973	7.2877407	9.664815
SRR18475586	11.396832	2.3492362	16.152552	-3.4413834	9.048181
SRR18475587	-11.32799	-3.9368389	4.0038157	5.593081	4.858434
SRR18475588	-2.6534262	-7.622261	0.7394705	12.510263	4.9464083
SRR18475589	8.761625	-1.8491251	10.829413	8.823108	6.372016
SRR18475590	5.1197953	8.185118	33.484318	13.607971	-0.79671454
SRR18475591	-8.57877	-10.207795	-1.5438012	9.563638	-0.4491238
SRR18475592	-9.342525	-11.108744	-2.5647213	13.522115	7.4393907
SRR18475593	23.258497	-0.7413572	9.271802	12.520531	6.4586515
SRR18475594	20.467299	3.5385137	9.444309	11.1333	6.453856
SRR18475595	20.26573	-0.65314555	11.212198	7.3727717	7.958173
SRR18475596	20.564844	3.5499198	16.109549	3.5499513	8.329855
SRR18475597	3.4103804	-5.596544	6.1392817	2.7254593	9.832969
SRR18475598	19.27484	3.7611232	16.92649	10.350578	3.8020139
SRR18475599	-6.2493906	-6.444327	3.419152	-2.7524757	8.472869
SRR18475600	13.647323	-7.0304317	9.128478	8.565419	10.513852
SRR18475601	-3.3789592	-10.230343	-0.35238943	-4.1943927	15.985025
SRR18475602	17.842182	1.7097563	14.702752	9.047123	4.8655334
SRR18475603	-2.124379	-11.322305	-8.541065	10.960011	11.856864
SRR18475604	7.401487	-2.163613	9.045827	8.129693	4.9231
SRR18475605	-6.999032	-8.131701	-4.551263	-8.32732	13.013736
SRR18475606	16.558395	1.9325249	19.676273	1.7906048	5.2356987
SRR18475607	21.02175	-0.8508546	12.615685	3.4881268	9.136133
SRR18475608	35.245342	2.200333	10.145431	4.36568	8.194094
SRR18475609	58.57968	0.020575004	-15.250692	-3.2913344	-7.460545
SRR18475610	-5.6989694	-13.529972	-8.589032	8.939912	7.5754366
SRR18475611	50.219147	0.090566985	-13.526203	-1.3562819	-4.593814
SRR18475612	-11.302443	-13.56126	-4.8640137	5.7525	11.315066
SRR18475613	3.926912	-14.371507	-4.44241	4.045445	13.567052
SRR18475614	-0.12461712	-11.008933	-6.536094	13.793077	6.989922
SRR18475615	56.084305	1.9000627	-14.447646	-3.642288	-7.9719214
SRR18475616	-8.62771	-13.021578	-4.952782	9.046663	8.936359
SRR18475617	-8.690346	-13.890618	-4.1505203	3.8148148	9.084285
SRR18475618	-6.536386	-4.996693	-2.0912855	2.44843	4.9591885
SRR18475619	-13.580423	-12.905447	-5.983627	10.174543	5.8828287
SRR18475620	59.238598	-7.0519986	-12.372216	2.842073	2.9205444
SRR18475621	60.594666	-9.740511	-7.499819	0.7418358	4.281038
SRR18475622	61.12023	-9.4448	-7.526116	0.48663676	3.8952982
SRR18475623	64.805084	-1.7163326	-9.108251	-3.7959983	-3.6281075
SRR18475624	62.42894	-2.9785283	-11.235219	-0.124664456	-0.56271845
SRR18475625	61.107716	-10.255575	-8.075872	1.058372	4.548051
SRR18475626	21.991533	-0.19913836	5.176667	4.2899218	1.2858597
SRR18475627	61.508625	-10.510871	-8.355828	1.4724034	4.432582
SRR18475628	-9.994903	-9.778621	-2.0531049	4.0709314	10.368192
SRR18475629	-13.901741	-12.348673	-3.165727	6.839566	-6.5351954
SRR18475630	61.18408	-10.368794	-8.202574	1.09396	4.6044145
SRR18475631	60.60674	-8.885668	-6.892794	-0.21037342	3.2140586
SRR18475632	59.357964	-10.832726	-9.399698	3.1593666	5.3045244
SRR18475633	61.0103	-10.451669	-8.185512	1.6990391	4.480453
SRR18475634	61.360725	-9.965516	-8.345484	1.3300422	4.42636
SRR18475635	61.303158	-10.068369	-8.3804	1.0656306	4.306491
SRR18475636	60.891884	-9.860065	-7.985257	1.3288741	4.7365756
SRR18475637	61.222324	-10.031401	-7.6996093	1.3958087	4.284073
SRR18475638	60.834698	-9.275982	-6.7107053	0.4033354	3.6759803
SRR18475639	60.870216	-10.090525	-8.346859	1.7135156	4.5720596
SRR18475640	-3.81519	-11.43084	-4.0707216	10.937094	7.3607707
SRR18475641	61.91643	1.0205629	-14.805836	-3.608158	-8.680671
SRR18475642	30.452244	0.95147026	-7.3903375	-0.17781626	-2.7382228
SRR18475643	57.598415	2.896961	-15.244264	-5.4257894	-10.60153
SRR18475644	41.30763	1.4147263	-9.888655	1.0339786	-5.6673985
SRR18475645	54.90912	2.7381737	-12.372377	-0.45343283	-11.859852
SRR18475646	51.96561	3.7897508	-13.688274	-4.4429893	-11.880316
SRR18475647	65.17398	4.6317663	-15.27365	-7.095078	-16.59439
SRR18475648	62.764153	3.1775	-14.315569	-6.128713	-13.684928
SRR18475649	63.120712	-0.0399019	-13.671953	-5.1549244	-12.34157
SRR18475650	-19.329288	-7.5930114	-0.5089609	3.0734575	2.1381183
SRR18475651	60.715332	1.5528998	-8.7196665	-7.2860527	-11.050308
SRR18475652	39.670815	0.781283	-2.6219232	-2.3430986	1.9815584
SRR18475653	64.19913	2.7991962	-17.380043	-5.762832	-13.756229
SRR18475654	58.27302	0.8888902	-16.278152	0.80041605	-8.670386
SRR18475655	56.84737	7.047831	-13.236302	-4.287397	-12.492291
SRR18475656	63.834183	1.4029374	-15.030649	-4.686362	-11.995571
SRR18475657	-19.75852	-14.727107	-3.4746947	5.4702024	-5.6749196
SRR18475658	49.229763	1.7104349	-7.911341	-1.9117025	-7.1361694
SRR18475659	62.5821	1.835839	-16.836308	-4.812243	-11.959886
SRR18475660	64.61103	-0.6013781	-15.996468	-3.2434425	-10.36456
SRR18475661	-7.35264	-11.556867	-4.3676577	7.7202883	6.920711
SRR18475662	-14.430799	-14.435334	-4.225254	9.244576	-0.88274544
SRR18475663	60.47544	0.5353227	-15.900202	-4.5383725	-10.115142
SRR18475664	61.249706	-1.3044386	-13.442871	-2.3331034	-8.0873375
SRR18475665	56.502934	0.43862897	-12.316074	-3.0118258	-10.480879
SRR18475666	55.711796	-2.5405493	-11.5015335	-0.026760781	-5.424651
SRR18475667	50.170185	-3.5039985	-13.628228	-4.8770375	-4.7857995
SRR18475668	60.43071	-1.1024771	-13.173281	-2.7593226	-7.70793
SRR18475669	40.09874	1.8446879	-11.137358	-2.6857624	-1.8731533
SRR18475670	-12.360016	8.734338	-8.935591	-3.7617223	2.0866458
SRR18475671	-9.988208	-8.37537	-0.09495627	4.291337	8.716017
SRR18475672	-6.869898	-12.7386465	-3.108535	7.7774553	6.7409415
SRR18475673	-12.000968	-5.9688377	3.231293	4.323716	2.3119867
SRR18475674	-16.91214	-6.480978	-0.065689616	4.5862684	2.585123
SRR18475675	0.8466813	-15.257916	-7.958551	9.469326	12.428479
SRR18475676	-1.5567013	-9.8983135	-3.7528749	14.352627	2.8768027
SRR18475677	-9.50007	-8.616803	-1.7085365	9.235261	5.9536777
SRR18475678	-13.901075	-11.844211	-6.1004934	8.155455	3.5934289
SRR18475679	26.928183	-1.2890486	4.9265456	6.634193	5.5495057
SRR18475680	27.612299	-1.3776903	4.4580984	5.676813	3.9690301
SRR18475681	-4.175919	-7.6873326	1.2750312	6.2851806	1.3250394
SRR18475682	-8.328618	-8.82954	-2.7869463	5.8174057	7.01686
SRR18475683	9.298199	-6.1762853	2.7362797	7.60814	10.856016
SRR18475684	-17.849453	-8.628262	-0.24713132	1.8693877	8.272939
SRR18475685	-7.518064	-11.348891	1.043722	5.025759	6.6998663
SRR18475686	-13.075446	-13.946241	-3.6828814	10.282553	4.1309633
SRR18475687	-4.4708614	-9.557146	-2.8236203	11.581859	3.5406778
SRR18475688	-7.6007166	-6.9575567	-5.1506224	3.255418	7.435556
SRR18475689	-13.338677	-14.407657	-1.0506544	-2.7467508	5.707782
SRR18475690	-5.5017076	-10.576649	-4.13129	8.1209135	7.641166
SRR18475691	-4.2749534	-5.3961816	-4.520442	7.4079156	11.138433
SRR18475692	-6.1740084	-2.6463425	14.041353	3.257227	5.433645
SRR18475693	-0.97179615	0.6255662	13.418043	4.745026	7.6669884
SRR18475694	-10.632891	3.761142	10.926144	0.48141178	4.3142915
SRR18475695	2.6701894	0.18900023	15.909626	4.0358586	0.52107406
SRR18475696	-5.587007	-9.030352	-7.5813036	12.333639	7.1518245
SRR18475697	-16.73145	-6.755642	-2.88117	2.541731	5.723328
SRR18475698	-16.799093	0.13857915	-2.8272955	1.1361111	6.1571326
SRR18475699	-11.000363	-5.5842767	-1.1266081	5.405897	6.5114136
SRR18475700	12.946785	5.9378004	20.649698	5.4305305	4.3012056
SRR18475701	24.09492	-1.2868209	5.685372	9.442204	2.0413356
SRR18475702	-10.237476	-9.800781	-3.902617	11.257509	2.3445745
SRR18475703	-5.4108644	-9.387086	-2.8072526	12.324612	4.219769
SRR18475704	0.3006496	-10.124159	-6.316017	12.636449	9.253285
SRR18475705	14.084073	1.6757451	12.553439	10.721115	4.6470857
SRR18475706	11.392269	2.993074	4.539431	1.9764678	2.1740704
SRR18475707	-8.7687025	-12.119165	-2.036649	2.619708	2.8359623
SRR18475708	-12.412692	-12.270365	-3.168972	6.849124	-2.550333
SRR18475709	-15.1271105	-12.133441	-1.1420957	10.93793	-3.1329815
SRR18475710	-8.52573	-6.389196	-4.891845	6.8181515	5.4650025
SRR18475711	-14.579393	-17.488396	-2.726677	9.970601	-0.7332246
SRR18475712	-15.925667	-9.513814	-1.9519237	-1.4950502	-0.11553487
SRR18475713	-12.355517	-14.74183	-3.3433437	4.502947	-1.0483671
SRR18475714	-8.158318	-8.205661	-2.0993607	7.057452	3.777631
SRR18475715	-14.875997	-11.959911	-4.647624	2.2582705	-7.166198
SRR18475716	-19.05884	-11.09661	-4.1142726	2.6767976	-6.4794865
SRR18475717	-13.55939	-13.526416	-3.6635792	3.006536	-6.1329775
SRR18475718	-8.227042	-9.27445	-1.3761469	12.147975	3.1537569
SRR18475719	-16.628784	-13.327653	-0.88095087	7.7249155	-3.5107229
SRR18475720	-18.949982	-17.387764	-2.4556246	6.356817	-3.8734884
SRR18475721	-9.421333	-13.218773	-3.800074	2.1200821	4.60672
SRR18475722	-7.690621	-10.02859	-7.5005503	1.8524668	4.376785
SRR18475723	-6.3045545	-11.687243	-7.410649	4.917441	5.742967
SRR18475724	-16.131697	-3.7508504	-6.7185984	3.9487393	2.6591742
SRR18475725	-9.013975	-7.2482924	-5.364299	-1.296954	10.067815
SRR18475726	-7.3914695	0.7111568	3.7095459	-2.9501674	0.990264
SRR18475727	-13.584442	-2.444965	-13.006392	-3.7537813	4.5077076
SRR18475728	-0.7087909	-8.202381	-3.8214142	8.226933	2.377031
SRR18475729	-7.791475	-4.368172	-0.19230872	0.59573025	2.5427873
SRR18475730	-8.586959	-5.45584	-6.017191	5.9655433	4.9180036
SRR18475731	-8.382523	-5.613572	-1.0187858	9.621743	3.2844098
SRR18475732	-1.8027045	-13.5843525	-7.258433	9.65384	11.263679
SRR18475733	-0.08620948	-8.717322	-7.0506053	8.058887	7.712187
SRR18475734	-36.59804	37.408657	-22.531563	4.093734	-2.0520597
SRR18475735	-13.791177	-7.75161	-5.287062	-4.502535	7.200064
SRR18475736	-9.575713	1.7425991	0.71375746	7.2678576	1.8992864
SRR18475737	45.364357	-3.7351437	-3.2181346	3.0595753	9.842074
SRR18475738	45.552025	-0.0918378	-5.190798	2.405094	0.18543898
SRR18475739	62.239468	4.854138	-12.122669	-6.6247044	-8.127991
SRR18475740	-8.780532	-12.019648	-2.4386969	-4.162207	14.946923
SRR18475741	-4.5559745	-15.14513	-6.0333967	12.6140995	10.80886
SRR18475742	-5.3741746	-14.249273	-4.303146	7.840345	10.881893
SRR18475743	-6.1158433	-13.906961	-6.48186	10.376119	5.5363245
SRR18475744	-9.732275	-11.733361	-1.0001758	5.1823277	4.670217
SRR18475745	-14.217267	-9.477254	0.3584576	3.5648232	7.1312504
SRR18475746	-11.374138	-9.412398	-5.2823224	7.834417	7.484512
SRR18475747	3.4827657	-16.10959	-6.94002	8.140082	13.929109
SRR18475748	41.327293	-0.22774023	-7.799933	2.5393972	-4.1598687
SRR18475749	-14.576832	-10.909299	-6.4534106	3.672911	8.05556
SRR18475750	-15.791229	-12.212499	-3.320188	5.91983	5.6581764
SRR18475751	-16.048582	-5.8371162	-2.1374278	4.32915	4.160107
SRR18475752	7.297859	-2.0259905	5.1652937	12.988574	0.5235525
SRR18475753	55.7744	-10.532643	-1.2384025	7.9884276	29.175701
SRR18475754	-13.202146	-4.4207497	4.0367193	4.991594	2.612474
SRR18475755	-10.257707	-3.9381368	-2.1749887	9.858596	7.3428173
SRR18475756	61.18478	-10.577979	-8.717862	1.2881589	4.7304273
SRR18475757	58.381165	-6.422861	-4.2550764	2.26738	8.777005
SRR18475758	55.024147	-9.261281	0.81921285	8.105153	31.856623
SRR18475759	-9.478706	-10.977946	-3.8420875	6.4304905	7.1317277
SRR18475760	55.50922	-10.965372	-0.50410706	7.963066	29.922308
SRR18475761	-6.501825	-6.677508	2.408093	6.652465	8.7415085
SRR18475762	14.825883	0.9812042	7.9696445	0.76496685	1.9205348
SRR18475763	-4.2186832	-14.510464	-3.2129486	5.0334716	7.197013
SRR18475764	55.10138	-10.1200485	0.05874285	7.2423663	31.207542
SRR18475765	-15.169321	-7.251936	-4.5454545	7.768535	2.630313
SRR18475766	-8.094049	-8.641507	-0.048295535	7.591487	6.4199257
SRR18475767	1.9743831	-13.985836	-6.466605	8.957869	9.763948
SRR18475768	-9.906736	-4.9614725	-5.7792234	11.189142	3.1619685
SRR18475769	-1.3077952	-1.7074089	-1.5359392	3.643973	10.338273
SRR18475770	55.6113	-9.685187	0.21170178	7.9061956	31.45345
SRR18475771	55.068306	-10.527693	-0.6830323	7.8262777	31.491064
SRR18475772	-7.058294	-12.600019	-5.8147235	5.733042	8.320973
SRR18475773	62.825542	-0.33644772	-16.469828	-2.4139366	-7.4642935
SRR18475774	55.08106	-5.452568	5.4455376	3.642589	27.28632
SRR18475775	52.456684	3.6243243	-13.515255	-9.58331	-8.795587
SRR18475776	47.062424	-1.4406317	-3.4201229	6.248592	-1.9451494
SRR18475777	-6.5197635	-14.873567	-5.2748356	5.6897087	12.818987
SRR18475778	-9.729131	-14.769951	-2.8604398	12.007738	7.866412
SRR18475779	-8.196679	-12.016341	-2.986739	5.8552804	7.350516
SRR18475780	-8.591634	-10.867086	-1.6672345	9.019369	4.587238
SRR18475781	-4.839601	-1.9543798	-2.9688675	1.4184065	8.799387
SRR18475782	-13.356488	-8.902718	6.429766	-3.176945	2.8407063
SRR18475783	-13.98204	-8.238398	0.58904976	0.21895023	4.8901706
SRR18475784	-8.156807	-10.276619	-1.1580493	7.1578865	7.04446
SRR18475785	-8.101834	-13.888531	-4.2753754	10.547754	8.855973
SRR18475786	-11.370324	1.9954232	1.813624	-1.0960993	1.8385782
SRR18475787	-10.496834	-9.629658	1.3772374	-3.2327168	12.050747
SRR18475788	-16.470528	-9.682162	-0.24597572	3.618156	4.739912
SRR18475789	-8.549152	-7.5226502	0.056362383	-3.0569787	12.267041
SRR18475790	-13.90743	-12.651456	-0.46315446	9.924993	3.454133
SRR18475791	-9.659607	-13.373318	-1.7861569	7.9882736	7.7428775
SRR18475792	54.876244	-9.484698	0.91215223	7.519089	32.21887
SRR18475793	-7.7896056	-14.17665	-6.656389	8.566211	9.023124
SRR18475794	-6.5132465	-11.034907	-1.0051789	1.9913691	8.589081
SRR18475795	44.990112	-1.5534027	-12.156348	0.5614118	-5.876717
SRR18475796	55.8985	-11.696226	-2.69899	7.4584813	26.837696
SRR18475797	-7.27497	-9.479027	-0.24663602	9.06167	10.660609
SRR18475798	43.355892	3.4902694	-9.086251	0.69562685	-9.471321
SRR18475799	42.52391	-2.7705288	-4.518941	-0.17922893	2.0966687
SRR18475800	-12.4533205	-11.686757	-4.871796	9.955852	2.0447633
SRR18475801	-5.039488	-13.567824	-3.5136611	4.9563494	10.474016
SRR18475802	-15.017842	-7.0637746	-4.1054583	-5.1433706	3.8396153
SRR18475803	-15.296879	-1.4808592	-0.27827927	-0.42717332	3.7194266
SRR18475804	-14.067204	2.8775759	-3.2943406	-6.321795	5.8646717
SRR18475805	-8.922752	-1.5169494	2.2269194	-0.1860293	4.9570193
SRR18475806	-17.326807	1.1608989	-4.8938084	1.9148111	6.7602143
SRR18475807	-4.517746	-3.0391264	6.1336884	3.0335371	9.236812
SRR18475808	54.800423	-9.388768	0.98921114	7.962049	32.09244
SRR18475809	-7.7504683	-3.8750057	-6.231404	-4.5605636	3.7394297
SRR18475810	-14.086856	-8.220712	-1.3137093	-16.844988	5.336427
SRR18475811	-13.616296	-4.6001105	-8.35162	-11.756875	9.496751
SRR18475812	-12.899736	-13.963812	0.19356614	-17.649855	3.687554
SRR18475813	-13.917453	-4.41315	2.2250435	-4.8727274	2.333921
SRR18475814	2.9957583	-0.82968163	-1.4592197	-11.0399	6.423317
SRR18475815	-1.9913453	-7.1299477	-6.2774363	3.6190152	10.9949465
SRR18475816	-9.432167	-4.1684446	-6.937557	4.437602	3.2704043
SRR18475817	-17.924435	-4.5009565	0.33804584	-2.1624646	0.9608802
SRR18475818	-3.3370366	-10.257605	-4.309287	1.2828127	8.349368
SRR18475819	52.954685	-10.869263	-1.2289789	7.7312813	30.74365
SRR18475820	-11.32726	-8.780097	-3.2037196	-9.172599	9.906447
SRR18475821	-7.8321543	-3.72945	-3.6413834	9.664268	3.7592225
SRR18475822	-9.677342	-7.626079	-1.2338028	9.655686	1.2914976
SRR18475823	6.4201827	-5.787894	-1.9641063	4.4797797	12.538701
SRR18475824	-7.9271917	-8.952829	-1.9635459	14.477296	2.5419703
SRR18475825	-13.012834	-13.26872	-4.4732394	11.5077	-1.9433948
SRR18475826	-4.5779395	-6.3041925	-7.9121656	3.8690083	9.588491
SRR18475827	-9.975921	-12.117119	-5.925721	-0.8858176	9.497804
SRR18475828	-14.842389	-8.452696	-6.359763	8.248919	-8.9026165
SRR18475829	-15.082663	-15.056613	-3.6699014	2.321233	-1.462187
SRR18475830	55.594803	2.5444617	-14.3346815	-4.3677793	-11.242232
SRR18475831	-20.111153	-11.968678	-3.1822674	7.1500406	-12.289859
SRR18475832	-11.206504	-14.950986	-1.8027581	4.7894893	1.435708
SRR18475833	61.304325	-10.092236	-7.611655	0.5208143	4.452468
SRR18475834	61.11007	-10.213941	-8.550296	1.524061	4.542301
SRR18475835	23.965496	-4.399838	-1.8882964	9.568917	2.8697937
SRR18475836	40.516712	-3.690288	3.8560755	8.887809	16.611843
SRR18475837	60.561237	-10.368633	-7.5006514	1.6750497	5.848252
SRR18475838	61.179623	-10.191586	-8.465971	1.5327497	4.509383
SRR18475839	62.367886	-5.279873	-11.838706	0.6438001	0.91116583
SRR18475840	60.470993	-9.298547	-6.4006085	0.08529619	3.7400968
SRR18475841	61.647366	-10.393526	-8.403687	1.0654345	4.7281256
SRR18475842	61.474133	-10.04408	-8.031826	1.1037164	4.201455
SRR18475843	-15.12842	-12.057646	-2.8047476	10.300709	0.26519
SRR18475844	61.574768	-9.343069	-8.345958	0.47727224	4.0026197
SRR18475845	61.124123	-9.664387	-7.9396696	1.2287874	4.357237
SRR18475846	61.23839	-9.838843	-7.765312	1.2149041	4.1915274
SRR18475847	60.918568	-9.651357	-7.3000717	0.666726	4.3311734
SRR18475848	34.088943	6.4363165	2.7667263	0.7268288	-1.0043485
SRR18475849	-9.465779	-12.007864	-3.4731584	5.4116907	7.031
SRR18475850	60.845825	-10.545189	-8.665909	2.032223	4.8950973
SRR18475851	40.824078	1.7171615	0.43391064	0.24607389	0.51564974
SRR18475852	58.402473	2.6069245	-13.222182	-4.7317386	-11.321132
SRR18475853	40.507957	11.713703	-1.7664222	1.955075	-8.898583
SRR18475854	-11.38996	-10.410528	-4.3385115	8.424504	8.395169
SRR18475855	38.01955	6.433821	3.0065114	1.2799534	-0.66357774
SRR18475856	34.912033	1.3462116	-1.6269853	-0.5855896	-1.7962612
SRR18475857	58.083263	5.002874	-12.847078	-5.8930573	-11.890802
SRR18475858	45.087452	-2.8785565	-10.805299	3.2628827	0.2911738
SRR18475859	44.838936	-0.10708491	-1.6904085	6.263756	0.0703401
SRR18475860	39.82356	1.0681713	-2.0668921	0.06852612	-5.973517
SRR18475861	2.5961607	-9.923329	-6.397536	10.263319	10.850081
SRR18475862	-4.971054	-11.537868	-4.1859293	-1.43004	9.728074
SRR18475863	-6.4538116	-12.297987	-6.915186	5.0422606	12.446258
SRR18475864	-7.5558915	-10.381411	-1.6297368	12.232836	1.1896437
SRR18475865	35.21292	-0.7682092	-0.5145134	2.9567578	3.7286053
SRR18475866	-7.2259583	-9.336813	-1.3736651	13.870421	7.0229845
SRR18475867	-21.951838	-12.392824	-1.280401	7.0562944	-6.582869
SRR18475868	-16.664827	-17.257494	-0.7092432	3.943778	-8.871915
SRR20942111	-6.845226	-9.041629	-5.077604	11.501407	7.842149
SRR20942112	17.691256	8.039213	23.360415	11.354445	0.49452138
SRR20942113	16.546997	-13.298018	-11.052631	9.6497965	10.031583
SRR20942114	4.949805	-12.089143	-9.783665	7.547495	8.166978
SRR20942115	-2.2868953	-14.357184	-5.8602867	5.4271283	7.97187
SRR20942116	5.833055	-1.9543988	-0.28535098	-6.5585866	13.569739
SRR20942117	1.541251	-11.475861	-1.3149067	-6.1281967	7.5745068
SRR20942118	-2.7332144	-3.3643644	-3.355576	4.075701	2.2448463
SRR20942119	28.935444	2.6715755	10.2570095	3.9511542	3.1204352
SRR20942120	29.780611	-7.498495	-12.596853	2.362293	4.184144
SRR20942121	52.970978	-1.2475976	-13.144357	2.819537	-6.154535
SRR20942122	44.970333	-0.3797822	-11.843798	4.5305247	-1.4410428
SRR20942123	36.560547	-8.958915	-9.341942	5.8660026	8.1574545
SRR20942124	-3.0691524	-10.029354	-4.3382072	13.946106	5.8076167
SRR20942125	21.717785	-0.9946905	7.0653095	10.295342	8.009223
SRR20942126	-2.578428	-11.493346	-4.447766	8.266719	8.17843
SRR20942127	23.545605	2.070104	4.5726266	0.9792112	-1.4842331
SRR20942128	8.645137	-11.234193	-8.005	13.954127	7.8904877
SRR35161299	2.3035395	18.727335	39.37372	11.391836	-5.1435885
SRR35161300	22.697706	12.419595	12.279417	-2.153874	-3.7639
SRR35161301	26.168314	15.89616	20.42087	2.0185666	-8.1347
SRR35161302	13.133118	9.041832	8.164551	-2.9697497	-1.593253
SRR35161303	30.930595	13.448907	12.6546755	-2.15383	-5.126787
SRR35161304	23.05472	11.404052	17.083042	-5.177472	-5.1144805
SRR35161305	28.789373	16.673016	16.377687	2.7891095	-6.689788
SRR35161306	25.837784	11.491106	17.47153	-4.147868	-0.84573317
SRR35161307	20.693764	4.7465386	15.88059	-11.076197	2.8114386
SRR35161308	35.749397	8.127611	19.370678	-4.5472245	-3.7710452
SRR35161309	-22.72782	6.6412263	-5.3214583	-1.1517754	-7.126869
SRR35161310	14.158522	10.305665	1.9413624	-2.1797194	-8.455292
SRR35161311	16.129591	12.047858	7.0510063	-12.243896	-1.3336151
SRR35161312	32.80845	9.480812	-1.3119129	-12.814259	-13.127095
SRR35161313	56.34733	9.059578	-4.4283137	-14.298518	-19.104094
SRR35161314	-11.698593	18.669638	-5.36186	-28.052357	8.925339
SRR35161315	56.768425	10.353905	-5.3845363	-15.17802	-18.366522
SRR35161316	7.117776	26.442835	47.087852	14.509645	-4.5141597
SRR35161317	-14.7138405	-4.8348794	2.6986167	1.5732143	-1.9893727
SRR35161318	37.05735	9.856566	4.6750045	-8.883852	-7.4015093
SRR35161319	64.38831	8.638936	-8.014038	-13.997324	-21.189371
SRR35161320	14.281488	8.184008	13.28749	-6.4204774	-2.4056575
SRR35161321	10.416277	23.223991	48.236023	2.7512355	0.5602988
SRR35161322	-18.120869	-4.657701	2.4167006	5.754053	-4.449244
SRR35161323	0.8009333	8.953974	31.015036	-10.730812	4.352906
SRR35161324	19.197083	13.0666	30.16719	-5.4079776	0.6385891
SRR35161325	-2.0130825	4.4148026	13.089555	-2.4435947	1.8722172
SRR35161326	7.1156683	10.860162	30.989424	-5.210975	3.6878061
SRR35161327	23.391157	12.666693	25.99992	-4.775572	4.3245935
SRR35161328	8.303258	19.76051	43.60932	2.7648885	0.9016683
SRR35161329	1.4171896	12.848742	32.39153	-3.1876502	5.7264256
SRR35161330	-18.069666	-6.4171343	2.472706	-0.57263106	-1.6575083
SRR35161331	25.80978	16.867887	17.21586	-4.2582316	-6.1044216
SRR35161332	-17.044245	-3.532372	-0.38117978	3.0136974	1.7448148
SRR35161333	-1.1546514	6.3046055	25.483284	1.0763372	-4.180384
SRR35161334	10.524855	12.167179	19.295341	6.6912503	-8.612954
SRR35161335	-14.705574	-1.6963589	8.37442	-1.9477286	4.237702
SRR35161336	5.224056	16.575802	34.12439	10.171536	4.331068
SRR35161337	4.9608665	14.454917	35.65484	-0.43460524	4.4229565
SRR35161338	-8.978737	4.3198714	12.230327	1.5276885	-0.8687721
SRR35161339	3.7701254	19.953724	34.64951	3.0115511	5.556256
SRR35161340	24.300327	13.988351	18.38192	-3.2515259	-1.3189354
SRR35161341	3.3357441	11.077041	23.961687	-1.5899473	5.318103
SRR35161342	-10.174825	8.990475	15.175965	1.5097352	-0.56327504
SRR35161343	19.439356	16.813503	17.514107	8.612757	-7.4710445
SRR35161344	21.166216	12.023056	14.445132	-4.3635755	-1.8752531
SRR35161345	4.1804075	21.688866	33.36774	12.342006	-4.466052
SRR35161346	22.47299	19.024334	24.996363	7.1345673	-2.309283
SRR35161347	-9.3752985	10.26543	-8.287108	-15.228908	4.901825
SRR35161348	2.5370986	23.484463	37.376667	10.268138	1.972842
SRR35161349	7.956128	17.97386	44.2106	5.7744803	4.396279
SRR35161350	6.284324	18.406347	40.275066	8.612374	-0.34948805
SRR35161351	8.634607	22.375093	42.088966	8.269194	1.951599
SRR35161352	27.614834	9.839563	19.846813	-5.5642653	4.553155
SRR35161353	28.079868	11.256914	22.650465	-1.7517259	3.9843452
SRR35161354	6.27477	16.23897	27.2543	9.348268	-5.6436753
SRR35161355	12.518047	10.678304	28.55829	-2.7490487	2.227168
SRR35161356	9.545307	18.12887	30.293762	10.33947	-5.264077
SRR35161357	12.923885	15.082426	32.096104	3.1009212	-2.3373218
SRR35161358	48.344975	12.911069	-4.3711157	-12.407843	-15.121469
SRR35161359	9.623368	11.974516	32.589058	0.48231465	-0.13981701
SRR35161360	9.7596035	15.309611	32.115993	6.2550206	-2.4188643
SRR35161361	10.848491	12.883726	32.297047	4.1382756	-1.7566125
SRR35161362	0.46181178	19.214243	39.808876	13.915288	-2.8794737
SRR35161363	13.211804	9.744504	30.159557	-3.268964	0.8958743
SRR35161364	7.1830735	16.060787	39.134773	2.840622	3.1766126
SRR35161365	-2.4473848	13.951775	29.751417	7.0040393	-0.17331627
SRR35161366	-14.276485	1.1395057	12.557885	7.0214176	-1.3440102
SRR35161367	0.69509894	12.434304	32.441597	6.566713	1.1016593
SRR35161368	-6.332939	5.534691	16.207867	1.3503063	3.5637598
SRR35161369	-16.979128	-10.294968	2.3443117	-2.8655949	-0.25657278
SRR35161370	-19.4095	-0.087759584	0.47810724	3.0026202	-0.14026575
SRR35161371	-13.319784	9.247203	7.4489045	6.095012	2.641555
SRR35161372	-2.2641165	9.871201	25.043383	4.6838427	1.2536441
SRR35161373	-18.234814	-4.74879	1.5223532	-0.80172014	2.503885
SRR35161374	4.0931945	18.707785	40.873318	4.7397594	1.8718169
SRR35161375	-7.7569985	1.8149174	4.2569385	-10.947076	6.8365893
SRR35161376	-11.492507	-0.7259971	3.7129822	-12.875069	5.212198
SRR35161377	8.234278	18.157675	40.315197	1.324777	4.4313784
SRR35161378	-12.229454	-0.19781111	0.81101066	-3.5745049	6.615961
SRR35161379	16.721552	10.990851	15.896291	2.5262883	-1.0757028
SRR35161380	-7.480744	13.6812935	15.763499	7.737965	-4.1564736
SRR35161381	12.370053	16.013222	32.223	4.5702906	1.6765416
SRR35161382	-1.95339	12.001758	17.12715	8.385503	-0.08771346
SRR35161383	7.9130173	17.080105	19.255709	5.4721146	2.0229206
SRR35161384	7.3629932	16.93646	22.680576	2.6374388	3.5095525
SRR35161385	3.8921661	20.72983	34.42748	1.9196951	5.5827746
SRR35161386	-1.8788557	9.405508	20.851	-0.77466166	2.3596604
SRR35161387	12.946767	8.309489	25.746044	1.3355552	-2.1086872
SRR35161388	1.6639582	17.435062	28.988884	1.9078479	-0.6501366
SRR35161389	24.216509	12.983935	18.077845	-1.3611408	-2.955557
SRR35161390	-11.571618	2.8118813	7.584468	6.3417964	-6.253188
SRR35161391	29.728462	10.37088	20.674318	0.92196226	3.5546126
SRR35161392	27.618862	20.204565	25.582111	2.1887906	-3.2327738
SRR35161393	38.753376	10.387879	10.045874	-3.5346954	-3.33828
SRR35161394	46.88526	9.093403	7.9271417	-6.8645415	-6.5456657
SRR35161395	7.929023	16.493168	42.22166	3.5878258	6.154617
SRR35161396	41.524197	10.0526705	6.872891	-5.3693905	-5.946235
SRR35161397	37.868317	10.108551	10.714489	-4.6548495	-5.714329
SRR35161398	14.709746	12.298453	18.221737	-7.818247	5.2311115
SRR35161399	21.479324	11.987481	22.57013	-1.9594828	-2.6341553
SRR35161400	-4.138296	6.5339546	24.232868	-1.3833808	-0.605522
SRR35161401	33.75711	11.142146	16.514658	-4.5994635	-1.2234464
SRR35161402	37.96716	11.8767805	11.56992	-2.0927758	-4.09221
SRR35161403	29.573257	11.805671	26.832321	-3.441913	1.7802764
SRR35161404	19.115358	10.620043	27.416811	-3.9606934	6.8172307
SRR35161405	-20.1437	12.614302	-5.5020823	-17.59915	-0.060306787
SRR35161406	-9.445382	23.437914	-5.065931	-21.41413	4.8658204
SRR35161407	-15.85297	5.20272	3.0063071	-8.977537	-11.822023
SRR35161408	-19.532368	12.569145	-7.041474	-25.427483	4.023469
SRR35161409	13.372345	15.324143	20.036732	7.0189037	-0.5732903
SRR35161410	16.134457	7.1423893	-0.4515962	-8.068469	-10.857953
SRR35161411	38.60653	15.266753	10.393546	-1.7732652	-8.879057
SRR35161412	3.2214997	10.198482	20.798365	5.283399	-0.2714732
SRR35161413	31.070562	9.48	16.977621	-5.643504	2.0326822
SRR35161414	35.53941	8.139678	3.5110927	-5.720485	-7.3068743
SRR35161415	-0.6488676	11.195756	32.14488	8.092823	-2.658461
SRR35161416	20.29452	14.566226	25.645231	-1.1369447	-4.149284
SRR35161417	9.431389	18.192781	28.88345	9.433073	-4.538543
SRR35161418	-5.273529	6.027299	18.511303	5.997397	-0.24260283
SRR35161419	7.436822	18.113953	42.847214	1.2206886	-0.19724737
SRR35161420	43.82684	10.735137	1.9337919	-9.194035	-8.517364
SRR35161421	4.3081255	20.29724	38.363056	10.897445	-1.0918518
SRR35161422	-10.480423	0.7752121	13.322136	0.80230093	3.7169323
SRR35161423	9.726531	23.2532	46.315506	10.695176	-1.4732656
SRR35161424	35.005947	5.0044713	21.26831	-2.96848	5.112329
SRR35161425	-23.978104	18.765211	-10.328129	-22.53221	0.119900025
SRR35161426	14.659854	8.482542	24.267365	-7.9940476	5.29159
SRR35161427	19.574074	11.914891	25.382963	-3.3258476	2.98424
SRR35161428	-9.913573	7.1596627	16.311888	3.0738847	2.3771148
SRR35161429	24.336432	11.371211	19.01738	-0.2950132	-8.495687
SRR35161430	27.028353	7.260844	-5.2429624	-9.067323	-8.99943
SRR35161431	26.984154	14.261366	22.427896	2.1160758	-3.8551676
SRR35161432	37.69177	11.092172	13.540164	-1.2820071	-8.206659
SRR35161433	-18.034	12.445797	0.6767962	-14.175871	0.26078552
SRR35161434	-12.903584	-0.04394421	4.3597593	2.9358904	0.54918957
SRR35161435	6.761773	19.665995	45.626877	15.607098	-8.16518
SRR35161436	-11.281335	-0.064214	4.2179785	-0.9887642	-0.40975988
SRR35161437	-3.5885673	3.2926512	19.412498	4.469777	-9.746582
SRR35161438	-8.14416	-1.700196	13.99661	-22.920858	9.533542
SRR35161439	-4.2027574	2.8941395	18.995619	-17.721455	6.6019545
SRR35161440	23.690506	15.282798	22.275991	4.792604	-4.7658663
SRR35161441	19.564812	14.276807	14.585596	0.85727304	-2.9661987
SRR35161442	16.851189	16.413757	19.258625	-0.5114638	-0.3781936
SRR35161443	13.151437	6.775904	11.48069	-6.638897	-0.29247567
SRR35161444	5.9558764	8.289387	12.515044	-1.7614523	1.4794291
SRR35161445	-7.051611	6.590014	7.208987	-1.7160345	4.128786
SRR35161446	-17.643616	17.058142	-13.013319	-11.1939	-0.12702139
SRR35161447	-13.98733	15.7994175	-4.9499793	-18.914616	3.3894289
SRR35161448	-5.924646	23.311634	0.3199433	-30.113848	5.2011013
SRR35161449	0.1513248	19.134922	37.188927	7.043791	0.6458006
SRR35161450	-15.475545	19.40458	-4.5067644	-15.921378	-2.1348114
SRR35161451	9.488327	22.057007	48.385838	7.9005704	-2.1047502
SRR35161452	28.331152	11.653703	18.4284	-2.8414857	1.075581
SRR35161453	28.131826	14.691391	18.75011	-2.2897153	0.5057328
SRR35161454	30.009422	11.487528	18.017355	-5.550547	3.366121
SRR35161455	28.005194	6.962136	16.01196	-6.895593	4.4969068
SRR35161456	41.09024	10.707751	-4.829239	-5.1715927	-17.408842
SRR35161457	36.34924	13.203823	7.2228703	-5.641992	-12.029672
SRR35161458	51.1632	8.605714	-5.053799	-10.494487	-16.57694
SRR35161459	-18.970078	5.5961	-2.83015	-23.49965	11.000233
SRR35161460	55.93651	10.6997595	-2.435794	-9.897032	-14.526327
SRR35161461	4.807799	16.062181	38.396378	5.6129866	1.1276919
SRR35161462	51.951965	10.629199	-4.155239	-9.838936	-14.96556
SRR35161463	37.87122	2.474798	1.912607	-2.5140252	-14.003856
SRR35161464	43.784397	13.968715	5.6717405	-5.6331387	-10.059025
SRR35161465	18.919607	15.294541	16.729458	-0.2683595	-2.0435221
SRR35161466	-14.904992	7.7057505	10.283795	10.870846	-1.1787893
SRR35161467	-20.90822	3.5165343	-3.4870524	0.7099724	-3.5946536
SRR35161468	-24.698503	19.052233	-7.516021	-10.0413	-2.200047
SRR35161469	-17.845299	0.3592255	0.67373925	4.0934234	-3.5745585
SRR35161470	-22.039566	0.720058	-1.2916174	-7.750331	-1.9832538
SRR35161471	-15.955578	0.288929	-1.9534069	-11.130191	10.03795
SRR35161472	-22.21701	4.6176496	-5.196006	4.4815755	0.3654299
SRR35161473	33.031544	10.168325	17.261501	-1.6237761	-7.544825
SRR35161474	-8.200721	-4.719745	9.660121	-2.9819562	3.1371078
SRR35161475	-18.143818	0.61043584	-3.4192786	-1.4435576	2.359736
SRR35161476	-0.9661733	6.408486	18.020725	-3.0634243	6.0364842
SRR35161477	-7.1647153	16.241272	-0.044229284	-2.2348468	1.0042332
SRR35161478	20.449383	11.577725	12.76055	-5.3323064	-0.41830456
SRR35161479	15.344214	14.700157	22.346136	4.747934	-1.9551139
SRR35161480	54.059105	13.332904	-6.9472404	-11.927717	-16.734697
SRR35161481	59.688114	13.382641	-4.9798036	-9.700991	-15.231469
SRR35161482	41.722527	8.2047825	9.18077	-3.2186086	-6.794192
SRR35161483	8.9016285	14.493237	31.165642	5.600829	-3.2727945
SRR35161484	21.759668	11.353141	20.867449	-9.806904	1.0600779
SRR35161485	31.606337	13.465263	16.668657	-0.58766943	-1.0928359
SRR35161486	22.714777	12.165556	21.932821	-5.160949	-1.4461702
SRR35161487	15.482958	12.266943	17.814888	0.043011222	-8.932637
SRR35161488	31.566017	20.001375	14.902773	1.8864555	-7.496608
SRR35161489	22.281723	13.784579	14.304669	-6.318446	-4.2624717
SRR35161490	7.1517534	21.125164	42.36904	3.2430408	1.9651153
SRR35161491	57.389072	9.973684	-4.598297	-11.71219	-17.78284
SRR35161492	41.95906	9.9979315	-0.5655074	-13.699979	-15.278046
SRR35161493	6.9630985	22.944715	46.3381	9.831994	-0.25846592
SRR35161494	11.439572	8.378579	16.631151	3.1509466	-0.17025748
SRR35161495	-16.51209	-0.0417594	7.0023656	-3.3635483	1.670906
SRR35161496	23.453306	15.106618	22.630814	-1.9366633	-1.4168041
SRR35161497	-16.862186	-5.2484884	3.2755575	-9.2653265	3.0903661
SRR35161498	-16.537182	-4.0814977	4.6462164	-4.9457407	-3.7789428
SRR35161499	-13.761417	1.1619619	2.5884686	-4.154322	0.2955725
SRR35161500	47.928425	12.00944	-0.26001325	-12.730457	-14.065374
SRR35161501	-7.249362	15.270313	3.5398774	-21.065271	-0.20149392
SRR35161502	-14.950298	9.920906	-2.01687	-14.250697	-0.6359151
SRR35161503	-11.30911	2.4423156	5.0396113	-9.303995	1.493058
SRR35161504	35.135586	11.382473	7.819423	-6.529726	-5.7158766
SRR35161505	-20.35682	-3.128752	1.5784813	4.9734483	-3.583636
SRR35161506	15.213677	8.290576	6.0406775	-8.70134	0.99498224
SRR35161507	-19.082157	-6.8974137	1.3689243	4.2776303	-6.8550496
SRR35161508	-21.28356	-0.4340311	-2.3173575	7.712887	-0.77066684
SRR35161509	-19.026243	3.776711	-1.1301552	-8.092496	-8.98979
SRR35161510	-12.444647	8.878821	3.0954013	-13.125041	-13.940747
SRR35161511	-3.793542	6.2173414	16.486504	-0.08580626	-6.9604087
SRR35161512	-13.723441	10.392418	3.9584854	-2.503891	-11.041354
SRR35161513	-7.3859844	0.25551283	3.2695808	-10.087872	4.310379
SRR35161514	-9.6605625	-2.6497483	7.3457036	-8.328314	2.0248604
SRR35161515	-14.577553	-2.2009764	4.272552	-6.507021	0.042690463
SRR35161516	-14.544648	-4.336503	3.3355231	-4.4639053	4.232988
SRR35161517	-18.262539	-0.13263467	6.9259415	14.556396	-3.8374546
SRR35161518	6.5460296	19.859024	43.192818	9.253977	1.2388355
SRR35161519	58.81458	14.429306	-5.998702	-11.077269	-16.098951
SRR35161520	59.807644	11.840612	-4.9929633	-12.283264	-16.236044
SRR35161521	-1.5870787	9.121464	13.410553	2.506378	1.3731257
SRR35161522	46.19941	10.658033	-0.2645295	-10.723971	-10.899224
SRR35161523	15.856676	12.912255	13.071863	1.6436327	-4.7748823
SRR35161524	32.02012	12.284783	9.951057	-4.5004735	-7.351092
SRR35161525	31.303879	17.296339	10.827744	1.1278011	-8.592773
SRR35161526	26.720432	13.076855	10.081184	-0.7267885	-4.2275643
SRR35161527	21.056543	14.084222	21.248323	0.37055737	1.836943
SRR35161528	-17.786633	-5.827929	2.4082227	4.045306	-3.3164203
SRR35161529	6.735969	10.887022	24.882315	-0.79927826	3.6396253
SRR35161530	7.7478223	19.760635	43.890186	13.594399	-3.9373271
SRR35161531	3.0985057	15.927747	38.57532	4.466061	-3.1968079
SRR35161532	7.488792	14.991122	26.445164	7.0058303	-3.3692627
SRR35161533	20.750843	13.383099	25.43636	-2.5362945	3.7953024
SRR35161534	3.5796561	21.192678	37.81758	8.1847	-1.749305
SRR35161535	4.2132187	21.299723	42.147152	9.127845	-2.685403
SRR35161536	3.4438899	21.261477	37.57584	10.474488	-2.664963
SRR35161537	-5.897319	6.47911	14.773321	-4.308169	5.8860774
SRR35161538	-5.907987	5.007495	19.40281	-4.779703	1.4352992
SRR35161539	0.5380313	5.7639375	19.387997	-12.153526	3.8868756
SRR35161540	-7.6957216	-3.9601178	14.213015	-4.484403	1.6528244
SRR35161541	-4.9453244	5.427045	15.542225	2.3960786	2.1845357
SRR35161542	1.6538712	22.478159	35.61094	9.220169	0.35866567
SRR35161543	7.3159313	16.516804	42.09479	8.15553	1.4989879
SRR35161544	-20.027378	-5.4575944	2.642674	5.2503633	-9.22523
SRR35161545	-4.281474	10.787811	16.160143	-0.83487236	3.8687167
SRR35161546	1.0613973	17.385664	33.878006	1.0922985	2.3659587
SRR35161547	-3.2499251	3.2197227	9.018162	3.6371486	0.20097743
SRR35161548	-2.3661628	8.814744	24.263494	0.54478204	-1.746776
SRR35161549	-6.934466	4.559821	21.771961	1.9111184	-3.2686603
SRR35161550	-6.023378	9.759629	18.017002	0.4000932	-0.0044754944
SRR35161551	-14.938878	-2.469153	3.8501325	-9.1796465	6.1505823
SRR35161552	-25.713179	-7.899239	-0.15924874	-0.5380956	-9.472347
SRR35161553	-20.488008	-10.452625	-0.44038486	2.6237545	-12.127459
SRR35161554	-25.316198	-8.330202	0.38659102	2.4941125	-10.204475
SRR35161555	33.670506	7.2207947	16.07837	4.350045	10.905222
SRR35161556	-14.279009	4.5417137	9.936283	0.8071897	7.616694
SRR35161557	-22.08181	-12.9316435	3.040044	1.4299307	-12.979525
SRR35161558	-17.55105	1.5907165	-2.5923202	-4.355892	1.4246335
SRR35161559	37.194637	11.042116	14.357287	-2.7453897	-2.201638
SRR35161560	40.65527	12.755955	8.40058	-1.9561089	-10.886988
SRR35161561	5.60173	22.225792	41.318264	12.605123	-2.962803
SRR35161562	40.426285	10.749596	8.353396	-4.9940844	-6.636545
SRR35161563	37.89673	7.6287055	13.941447	0.13317926	-8.303723
SRR35161564	54.231277	13.47549	-5.2651205	-13.334493	-18.04489
SRR35161565	31.073925	11.515167	-1.2520562	-3.5485928	-11.053641
SRR35161566	-13.992342	13.869346	-1.929341	-15.872268	-7.6008883
SRR35161567	-0.29821736	6.3006735	12.493449	9.178863	-2.3049598
SRR35161568	-7.5143175	15.8864565	3.7286174	-21.122478	-0.3250181
SRR35161569	18.736382	10.751738	10.847115	0.6115314	-5.0233965
SRR35161570	25.094952	11.040168	23.297163	-2.3414679	0.10389588
SRR35161571	22.473183	12.877893	21.428286	-1.1601774	-0.21035744
SRR35161572	35.69843	13.081125	16.180122	-8.6056385	-2.6011813
SRR35161573	19.757664	8.520828	20.094723	-13.118372	4.472251
SRR35161574	-15.388716	-5.8409185	4.6573205	-3.138486	3.0034556
SRR35161575	-13.14803	-1.1436963	10.966916	0.04447902	-0.99439085
SRR35161576	31.65782	14.217015	15.057121	-3.965762	-2.0340788
SRR35161577	33.485428	11.434563	17.55353	-1.1957711	-2.641324
SRR35161578	16.61429	11.074496	19.770018	-5.010738	4.0207934
SRR35161579	17.322748	8.664194	22.985304	-7.725235	2.518594
SRR35161580	30.181103	14.121824	19.197975	-1.9829067	-3.838389
SRR35161581	30.79792	11.33261	18.34143	-0.5600391	-2.6279259
SRR35161582	30.141514	10.819015	19.505655	-4.9385953	-5.1223187
SRR35161583	33.692757	15.590064	25.42842	-2.1578367	-3.0377471
SRR35161584	45.897938	12.992414	-0.010878073	-6.818088	-11.532616
SRR35161585	24.189983	12.824227	14.845078	-2.0053396	-5.085245
SRR35161586	-1.4487654	8.092405	23.142632	-1.8138132	-5.602465E-4
SRR35161587	2.258811	18.14132	40.996193	7.0539856	-0.85601294
SRR35161588	-17.69819	-11.667406	5.2590075	3.7335038	-9.607055
